path	size_bytes	sha256
A12_falsify.py	57962	79d9dd73ed2e35861bb2d263cae2f41f3654f25a145ea7efaadb38f43ce51fe7
A13.py	62389	f771850375b4f5af7bc2cec6a4e166057f33fab26d686320b8ef2d8d32557f05
A13_C0_EXTENSION_PREFREEZE_v1.py	24165	deb8a79b72ba27c11a8957bbeb108cb70f3b62316fb871bd13f0cb31eaba64a9
A13_C0_EXTENSION_PREFREEZE_v1_AUTHOR_RUN.log	789	5bdeb26c74effde549788b9956b250aa95ee31a11bdab762963941edf4d95262
A13_C0_EXTENSION_RUNNER_PREFLIGHT_v1_AUTHOR_RUN.log	489	1aa7769a72fe0889663e3b835436af263a7f0323e0a4e3b7ea6cdae14ef48f0c
A13_C0_EXTENSION_RUNNER_v1.py	52974	a6027b406200c9218d79f24f22237ef21e5ba1b8b137a8c3f1c16eb3184dbed1
A13_C0_EXTENSION_SCIENCE_v1_AUTHOR_RUN.log	2070	75c4a1bf253d4125e83c9aa37605a44d1d9b8581ce4df4cd96111abe478c21da
A13_C0_HISTORICAL_A13_COMPLETE_v1.zip	190487	d4b48c9bde17602e47c2d2feea3f17ee5f2ba6f090395b011b3e84bc3fabc327
A13_C0_HISTORICAL_A13_COMPLETE_v1.zip.sha256	104	e46c01087b4b3417169da2dcb0fd340c4832b69703315a46eede7af07b7b8662
A13_C0_INPUT_BUNDLE_v1.zip	1133562	3e6aaae53bfe10c57156c41def0dd13b3ada05ec299b5803a52bf586082984a2
A13_C0_INPUT_BUNDLE_v1.zip.sha256	93	3d3e1e1880cac9c94f33e24144415829b1a909d2966a69eb18b0b4d64f6398f2
A13_C0_V2_1_AUTHOR_RUN.log	2055	8b6049681209dec90cb1e1a46dbfe1225de7051a7f1b0d352248fc15e7430e70
A13_C0_V2_1_DEEP_ZERO_CALL_AUDIT.py	48731	d9141da015f1d94960dcb4fdd0d49a4ba5e65597d159c4e92777c533f0e46c02
A13_R1B_Llama_BoundarySafe.py	51683	cef1587bbe2549a0561253c836fd54680573a94f40f01270702ef95d738f314f
A13_R1_Llama.py	40362	b22008a45c1de58068616f67715f654f886c90aad13d48f7e1fbb9456191d043
A13_R2_Llama.py	74017	a1df5014a2e1ebb4f4216ed5287b71c46d0f5cd37edca601ed6d54bd94e814a4
A13_R2_Llama_Server_Smoke.py	4464	b99430ca1586b55d3170438399c6991a5a239ea1cf6e6d34db15ed4147f3790c
A13_R3_Gemini.py	104854	1fdc1bc127cb5415b4dd1133abbd9ffdce97b0cf490edfb78399cecd9a78c719
A14M_00_prepare_draft.py	16547	ff68e9f8972bea47f08de274d23d6185a0b3e150cbe1d23aa01c4d7315c163bc
A14M_01_human_audit_cli.py	2834	e6222776e4ed0854761e0fc87570ec39f955a3940273184a1019e1ebfa32f2c0
A14M_01b_base_quartet_audit_cli.py	8645	38e2e0449c3cccb19786b4eea0af64429b28285614dcc527e75a885721248c7c
A14M_02_freeze_protocol.py	6411	2e0349ac40f77dc888e19f441735cc7c22d1370716d3a7239499df1163d0e9fe
A14M_03_score.py	9604	586124d2bc2325c6f0d67bbd8c20f4e618db0b6e9868e498849bc3c12881117f
A14M_04_analyze.py	7413	073a3c24e12c640910911e94ffd3a0aa4aff819710e8d1af7f1c8143e7c0e9f3
A14M_05_threshold_aivr.py	21491	f0ad58c49485a9c98bfecc34162a4eabc36ad16ad7607aacb6a8260b11068036
A14M_PROTOCOL_SPEC.md	4056	1c268cf63f080ba5f71ee53956cd259b5417311b634b90ba09d10dd1efb5276a
A14M_RUN_PREFREEZE.sh	318	910968bc892b3957023c738e128580f0b9fc1dd78d1f192b704a6488470bd4b6
A14M_THRESHOLD_AIVR_PREFREEZE_SPEC_v1.md	2522	31789415518e850fb74d819e55f6ed903fd30dfe0db471ee9d092648f17849f9
A15B0_00_source_lock.py	8444	e9d73dbc801e0b590aa6fb26f27927e5ba0f8bf66f8d90a5d0d372776d6ce019
A15B0_01_prepare_inputs.py	16267	a0149e90cfa8143cdd6a40f1a9143c0a74a334bb681f07dbd80a4e62351bc45f
A15B0_02_freeze_protocol.py	14146	030b20cb5b1ceeffd185b57e1fac883bbcf6ccda6406acfe893574d0b159aa70
A15B0_03_preflight.py	5057	b9e1718873d2d656e70962eca957ddbc3dd10b8aca1a9faf10a8838b47cdbbb2
A15B0_04_run_agentwatcher.py	8526	46649ef8f4b0e5c3306ccb0e6a166cfc5bf78ded002da5c7ef399ed9d6426c27
A15B0_04b_run_no_attribution.py	5919	8f74238c8d155c0f55b48fdab1db043130e3de1ffc4add64b866121c90cb5c2a
A15B0_05_rescore_natural_gemma.py	5514	532c3821526d7f4cfed95d23fc4a4234501515cf462a556d786a4eb918040dd2
A15B0_06_analyze.py	9501	2fed28417605de99b4979b954506b6c7ae476f1e29a561352977c31d8a09927c
A15B0_PROTOCOL_SPEC.md	5215	02e7385ce331fe92defc0ac60f09a729d5b606509c9582cffea58e6d93136ff4
A15B0_RUNBOOK.md	3992	9f0c796d4b6e4d701674041454c89609d2d4e4d6d29bf64f23962bfb8ba6a502
A15a_00_prepare_freeze.py	12687	35e8750aebc9ec2d2b9fd9a6339d0a080f557b320aa78ec16ea9a44c49eaa279
A15a_01_sanitize.py	6606	c12aa874ec3c6e111e4aae151b339c68eeac1b9128f059e21f4ab4162a9c8e2e
A15a_02_analyze.py	8792	8b99f9d3bc2b67b19ed53a35f3ca0e5d90aaa5f6ca3f16754e1bce62dbb6aa21
A15a_PROTOCOL_NOTE.md	1856	34ea88a81d13a79394c5b93212834765f798361d66c95e2061d19f0f68f62347
ARTIFACT_SOURCE_EXCLUDE_MANIFEST_v1.tsv	244911	c5b4beb686ed681854a43c78e651318e0358368fa4657cbfb42197b9c9b74503
ARTIFACT_SOURCE_INCLUDE_MANIFEST_v1.tsv	765937	9a40798eebb7866a414fcb93f8dc00948dd2d5ee04f284255bb9c5ab45877f2b
ARTIFACT_WORKING_NOTES.md	2361	372915e8948b7115a9523081020e250e084e2c8bb2ec27193f1bfaf462785679
ATTRIGUARD_A14_V2_00_verify_source_and_discover.py	28443	4fd49dbad18d65ad06f48255b335de84eb38966815f0b3a8166d3a2a5e9d5c9f
ATTRIGUARD_A14_V2_01_adapter.py	12478	fb613a6e427fa28bdc0ddf3774fbdd0abbbcc593733f41eca1d19449b758467a
ATTRIGUARD_A14_V2_02_freeze_and_no_model_preflight.py	19847	00ef7b69735440a60a8bf4f4262b21aa06570f735e464a8904cc7a283c0348ea
ATTRIGUARD_A14_V2_03_synthetic_api_smoke.py	13015	3b3e59b628763f9ed77fb2c8b6071bf3dcd25f60e9bf002f4b0e082f92cf9f7b
ATTRIGUARD_A14_V2_04_freeze_science.py	15677	392e6ef95ff28bb8f732db405a43d35d90d88a84af18e5f35d9e0714465f92df
ATTRIGUARD_A14_V2_05_run_science.py	12683	475d242dcd95b898d19aa9095b411810796a63a4da05f11a048d5882527f4b40
ATTRIGUARD_A14_V2_06_analyze_science.py	6452	289396d3276eb0e2b8adb7b45a6285a452d8b901f8b1a57187881bee8e54b7e0
ATTRIGUARD_A14_V2_FINAL_ADAPTER_SPEC.md	5065	de37008278e95f60589820dccd4ad3427645aa60e6902f97aa25d3fe02b93cf9
ATTRIGUARD_A14_V2_PREFREEZE_PLAN.md	10298	253870832182edaf0572f10e88508f393733741ef720d6924555d2913fe1cf44
ATTRIGUARD_A14_V2_SCIENTIFIC_PROTOCOL_SPEC.md	3349	b4c3584a6d712bd8c47f17e8065e35547ab447a3cb4deff719d5dcb66bb15c36
ATTRIGUARD_A14_V2_SYNTHETIC_API_SMOKE_SPEC.md	2595	a631f2469e02b0bb6c76be64b5a53d93d74d31ad1ed6b134ad028cc6dc46b344
B1_C0_amend_freeze.log	383	b6bbf1ebe427c0a8a166760ccf1bdf008afe8c837c7e138d385a086c03c0c28f
B1_C0_claude45_preflight.log	358	e5d6d99c3fe17433f3021032ad72301f29b68a4bfc61558426b9783b74ba45c8
B1_C0_claude45_science.log	955	cc26b0c5ac46d1256f2bd764ba6eb079c897f7cd15e885c66a779bb641f20a2d
B1_C0_gpt4o_preflight.log	341	190d11e865a3ffa9c7164225abaedf0b5a24a03454a93b9caa3d9d0b62f4379c
B1_C0_gpt4o_science.log	900	a20f1305dc7662a45f8d1558edd7bf43ec4ae303018541a8c2461c56e3fe894c
B1_C0_joint_analysis.log	270	b313e5cf5079f80b9a2cdd65dd875f8b462d9cf376c4faccea8125ffb3cc4595
BASE_FINISHING_ZERO_CALL_v1_AUTHOR_RUN.log	2892	f6b78c2a9a0220573510f5c174d93c05fab85f073e3722a6938265bf9f0c73b3
N0_RW_00_prior_art_audit_v1_2.py	44409	0d2ca8513c52f827aece73d498eda667349bcfb96a71c39350fe6d9d3d1c1217
N3_COMPLETE_AUTHOR_v1_2.tar.gz	16218343	d678a768ec8d7cd2c9ce90a938dbfeb24ddea7e6e0e4bfcf18b33c51439f7de7
N3_COMPLETE_AUTHOR_v1_2.tar.gz.sha256	97	0e26df2ae98d2659db9ef5a740503b0a2c8dd58a696cb5587075e3fd9cc6cb0e
N3_analysis.log	3157	94a6eec2902807d39720c00af5175b61a9ca96d4ce20dde495cbc9439d2961b3
N3_gemma_science.log	24587	e17e660dfe4abd215969ff67aea262aa56677f56868d7dd787fb9395c2a6ddc4
N3_llama_science.log	24618	72c3b2325dd6ac4e670bd491c8ad1e849fb204ad7162394ab411c110397cf259
N4_N5_collect.log	325	9f7e51fc3206d0b7810180f3a61d4287b0dfd49bb1fac501ebd773913da8da4d
N4_N5_synthesis.log	212	0ca3dfc4360ef1a03dc1e531cd383ab5b9a7b37eb0262ac795240fb67bab8554
N6_00_build.log	359	c37d1242d03360dea2040690a164d8deb48c06ad6e87ed06d3add5fe3459a1cf
N6_01_scope_audit.log	40136	29978eaec717dc95b8ffccd7c0ed83d0cfd1a3aa1251ca51b5e345cc004a616c
N6_02_freeze.log	265	65830680da5ca2a3d06c3a50957b569b6cc509081b638a3a513276ee17236041
N6_04_technical_preflight.log	972	db4b07d27915d61c87c2705548ebff2d320b69a4d80376258cec5b96c882b4e5
N6_04_technical_preflight_v1_2_FAILED_STALE_FILENAME.log	1255	d76569ae8afad2306fd95a3b597eb57c170229a91ee2669d53162e27fa262216
N6_04_technical_preflight_v1_2_PATCHED.log	399	6e2766dd99dc067319b7585f615abd6e7313375778e4449a46a92269edbd6778
N6_05_science.log	403784	559d0a1ab92b41d16b28d957b37bfc7cdd24734e16aed77ad9cae278b340694e
N6_06_analysis.log	208	c0e4449063562945f00c64c5f496d07ea4a3267a806663a13ca90e254c05d3a5
P0B3_ACT_SHADOW_freeze.log	375	125005cad75db6c94539ed1b7aff593d18efc17e437dba67d87838574583b38f
P0B3_ACT_SHADOW_result.log	354	894f3051e3acb3552bc8e5f8bb68cf5e7e05753defe84dc32bed47dcbc21a6eb
P0B3_ACT_freeze.log	344	eedae1cea18e666de3fea0eeafc492c93a2190f63d5ff5008df4a5a11d2f53a7
P0B3_ACT_result.log	312	ad30bedb66a0f089fba4cd81aed23599cef4358c4893d38cf877e27d662427e8
P0B3_CAUSALARMOR_CALIBRATION_FREEZE_COMPLETE_v1.zip	38161	0ad06fefbbc09d79eadf1e0186570d6181b4b5b22812889cbfed5476ecb0f82c
P0B3_CAUSALARMOR_LIVE_v1.zip	41869	136a78c700b0a21ffb2aa9355addae33dc056bd7750b7c8f2fd68d6fe6763a91
P2B_XMODEL_REVISION_LOCK_v1_3.json	1021	a223ce5a2d1761bd98396ed23bd3a52200ded4395d6685c70d1e88154377f918
P2B_XMODEL_v1_3_COMPLETE_RESULTS.sha256	103	378de8b09159f0909e0ae133496d2f5abf5f9e3612d9020cb5c7afb6ba4dc922
P2B_XM_CI_v1_2_COMPLETE_RESULTS.sha256	102	3c29fcc1e1fbfddbbffde706fa852a0d2327b686a8f02fa084dd70df108ae8d0
P2_AGENTWATCHER_NODEFENSE_AUTHOR_RUN.log	953724	79fe60607f0ab49cedff1e795609a83387dfaff087ccbc478e1e8458e89b283e
P6_CLEAN_AUTHOR_RUN.log	5304	ea45e86d7cceca17e7b9d581604125988b4ae38ec9b5069a90aa086490f5df0c
P6_CLEAN_PREFLIGHT.log	305	190d0ce7b86303cfc6892a10de6604ac232000b1b0131ffc20ede35527f6005b
P6_CLEAN_SYNTHESIS.log	133	75ff6e561de7bdc44fa43dc34736c673102415515998f936ebafc32c9b7ba188
P6_CLEAN_VERIFY.log	139	e434db98d61ef406f7a22e29d74d9d1a0c061a696b348c8df3dd5ac54ba5b691
PREFREEZE_AMENDMENT_01_BASE_QUARTET_AUDIT.md	1907	73c29b16c084fb39dec2d60b8848f23c29946d84a4fbb47951301c887c29cf7c
README.md	1646	a6f3f513051e6e74cf0db94670e6ca3485a0a80978957bfa967ed7832b3eb485
SHA256SUMS.txt	998	aa3ba76d657c1dbeff05f2d047f5b99717f5973424d3d35688c13b3cfe9a6407
a14m_common.py	84123	40dd74a2df7ceaba638ebc0e3669ab893427b0d2ed20156a540dad7e7fcfee29
a15a_common.py	3501	c5d4a3cfe8e7ac85e24584309defda8536b6bbb0252c503491641e0afe8e935b
a15b0_common.py	9543	7a07fc5f38073dfe05ba2f031caef737c458fb97394ba81f6c65ffaf06437f7a
requirements.txt	4727	16523174dd9f2f73059262d377a3abbd97159a1cfbfb8e088990197943b75f27
run_a13_c0_end_to_end.sh	11541	bd73b355dabcc99a6d65d98a663f1ac14c48e057e9369ceea7dfd5e14160fdf1
start_A13_R1_Llama_vLLM.sh	1071	aeddbb05d32fa9fc690d4556e521fd3dae7ad3b4568e01e7244ee7732a8b02b4
start_A13_R2_Llama_vLLM.sh	1110	5b780b662d2e960d937813785283f1a8c92632fb59dfa61f3e3f62ef42b6a890
start_A14M_Gemma_vLLM_8111.sh	984	28647fc70ea0537012ab75ffe970dffa9924700358d14c3362241dd9526c5094
start_A14M_Llama_vLLM.sh	892	c6890b486cd77ea456419202ea5ee7f49e2df527171a97773f19a9a94fdc5470
A13_C0_EXTENSION_PREFREEZE_v1/A13_C0_EXTENSION_DECISIONS_v1.csv	1302	a2c0a2502be4f0a08a37490b77121664e21b2b07acb2d5eb42fd22fc9ada730f
A13_C0_EXTENSION_PREFREEZE_v1/A13_C0_EXTENSION_FREEZE_v1.json	9406	41ce8878845184e4306a7817c490f1d679999475b3cae2f5512d7ec66595624c
A13_C0_EXTENSION_PREFREEZE_v1/A13_C0_FUNCTION_ADJUDICATION_v1.csv	8908	bae65196e6ee7d1970721286e446396d5249ceacbd17c9d4156a6b12c3003b06
A13_C0_EXTENSION_PREFREEZE_v1/FINAL_SHA256.txt	377	d8599e2d53dd433c3b72da4c2f0e9123f7e553e4d2150b65b845b0fb66e49726
A13_C0_EXTENSION_PREFREEZE_v1/README.txt	308	e48e6006369856167a35babad04294bfa37a75d3effd126a862184bd2e4af706
A13_C0_EXTENSION_RUNNER_FREEZE_v1/A13_C0_EXTENSION_RUNNER_FREEZE_v1.json	9132	6e700c303c648b36ad99fcb07f1fe1339668ecb75f535f05081760a45fd21bb3
A13_C0_EXTENSION_RUNNER_FREEZE_v1/A13_C0_EXTENSION_RUNNER_TARGETS_v1.csv	1430	5b57f0fcd532af25e9bb69bea371e1d321be1dd4d4bb6427c27dee256df1bb52
A13_C0_EXTENSION_RUNNER_FREEZE_v1/FINAL_SHA256.txt	287	85247db8ed30629a097ebde8396ccc671adc978ae78de7436724dcf08b231485
A13_C0_EXTENSION_RUNNER_FREEZE_v1/README.txt	318	ef2d5d692a9dd66c932184ceb0ffd616b792a15188604b288942787177e69c04
A13_C0_EXTENSION_SCIENCE_v1/A13_C0_COMBINED_73_DECISIONS_DERIVED_v1.jsonl	181978	f24b89d53ad504cf16dce3820e9b028f1d752bcc829ecf43ed3e0997feb764f5
A13_C0_EXTENSION_SCIENCE_v1/A13_C0_EXTENSION_DECISIONS_SUMMARY_v1.csv	1265	9feef23b4cfd21037016b65ee06541cd41b4659699ca4a086795f5e6ed304298
A13_C0_EXTENSION_SCIENCE_v1/A13_C0_EXTENSION_DECISIONS_v1.jsonl	52614	21e9721328a6c1eeb2f55e7e67b2fa9badf8c5fc555203a4a027cd7b9b0671ba
A13_C0_EXTENSION_SCIENCE_v1/A13_C0_EXTENSION_PROVENANCE_v1.json	1908	fedc1babd9a25e9db55d03cce27986f74da734969d12a559a598d898f0b551f4
A13_C0_EXTENSION_SCIENCE_v1/A13_C0_EXTENSION_RESULT_v1.json	16693	eba1b611f12ca49c476599fdd1a7fa736e5f499bfd0b14cd3bcaa7fda073addc
A13_C0_EXTENSION_SCIENCE_v1/FINAL_SHA256.txt	991	d646cf1508fc0fb2d2c54fb8749b0860de7efe9a8488b7def7b095ae9db8d63e
A13_C0_EXTENSION_SCIENCE_v1/README.txt	315	55c04c2655c20f1aef34c8232492c61aaaad35048227f78e4747d69ce398dd45
A13_C0_EXTENSION_SCIENCE_v1/agentdojo_runs/vllm_parsed/workspace/user_task_29/none/none.json	12690	30a1df31dafa36881572f8b295ae8d61dff4b720b2e7aaee3ac587585f5a73f9
A13_C0_EXTENSION_SCIENCE_v1/agentdojo_runs/vllm_parsed/workspace/user_task_34/none/none.json	42626	d1733fc3053317f103ab9f6dafc6a84f9bac8fb7882d9b049995825014df60b0
A13_C0_EXTENSION_SCIENCE_v1/agentdojo_runs/vllm_parsed/workspace/user_task_7/none/none.json	1976	0dcd370fa336c5387d219cc34ee986dce0f32f3334e9b4ffaba320a8ca039bde
A13_C0_V2_1_AUTHOR_AUDIT/A13_C0_V2_1_BROAD_SCREEN_DECISION_CENSUS.csv	9643	0cb2c2eb0556d2d268fe8bf46a8be6317b64d2b453213bbe821c56aa76d2afb3
A13_C0_V2_1_AUTHOR_AUDIT/A13_C0_V2_1_DEEP_AUDIT.json	37950	ff7290a5afd4fc8d13e1d8fe004b98a4f6c9c25faa48946d183d29809cc7fa48
A13_C0_V2_1_AUTHOR_AUDIT/A13_C0_V2_1_FUNCTION_COVERAGE.csv	6773	5d52bfb6d84b8447f2d9da6102d08a45b74bca36dd954e607a7909c35f0e7eb2
A13_C0_V2_1_AUTHOR_AUDIT/A13_C0_V2_1_LABEL_REASON_MATRIX.csv	210	749d66d29256cafa4fd5048ce9be87ad2e83517163d53da66544da66379a6914
A13_C0_V2_1_AUTHOR_AUDIT/A13_C0_V2_1_MISSED_CANDIDATES.csv	2143	f7d8144f94139e36e4e059951bc7da4d9c5a6f265f6ecea6be261ec61d817de6
A13_C0_V2_1_AUTHOR_AUDIT/A13_C0_V2_1_ORIGINAL_DECISION_CENSUS.csv	12178	bc19b0027567e260905c60ce0339ff6464f76b03178b97bd6a8861a577f298f6
A13_C0_V2_1_AUTHOR_AUDIT/A13_C0_V2_1_TASK_CENSUS.csv	16210	21a94b18e10f9eb0c4277506b75ebe11dcdf58406e3ee4e95460924d90ebd50e
A13_C0_V2_1_AUTHOR_AUDIT/FINAL_SHA256.txt	708	b6fbb2acbd6307d9db8e4d6f3f5c1aca9ff5202f2f6d812107591acfcd24e65b
A15A_SELECTIVITY_CONSEQUENCE_PACKAGE/A15a_00_prepare_freeze.py	12687	35e8750aebc9ec2d2b9fd9a6339d0a080f557b320aa78ec16ea9a44c49eaa279
A15A_SELECTIVITY_CONSEQUENCE_PACKAGE/A15a_01_sanitize.py	5828	5c87e068e99dca617f788f19a3225c3e14216635a02c4ae54a52030c40fd60f1
A15A_SELECTIVITY_CONSEQUENCE_PACKAGE/A15a_02_analyze.py	8792	8b99f9d3bc2b67b19ed53a35f3ca0e5d90aaa5f6ca3f16754e1bce62dbb6aa21
A15A_SELECTIVITY_CONSEQUENCE_PACKAGE/A15a_PROTOCOL_NOTE.md	1856	34ea88a81d13a79394c5b93212834765f798361d66c95e2061d19f0f68f62347
A15A_SELECTIVITY_CONSEQUENCE_PACKAGE/README.md	2418	bb5d92eaa2381670d60c4e7b5c37af1c2168d24b2934e22e6b3c0ab16a1f17c2
A15A_SELECTIVITY_CONSEQUENCE_PACKAGE/SHA256SUMS.txt	508	c4b19bb9ddfbf4b01d58e1724cbe91e42cda0e941082a1094b5698d400e79434
A15A_SELECTIVITY_CONSEQUENCE_PACKAGE/a15a_common.py	3501	c5d4a3cfe8e7ac85e24584309defda8536b6bbb0252c503491641e0afe8e935b
B1_C0_POPULATION_AMENDMENT_v2/B1_C0_00_amend_freeze.py	15272	c016a694479079f5029a5f831a9dcfac17345e191b54ce8b6580f3c2620716d7
B1_C0_POPULATION_AMENDMENT_v2/B1_C0_01_run.py	15305	11a07faea41df8bd066265148a4c5e1dfb6d2e6059a4eb94baf8fc0ad371e6e1
B1_C0_POPULATION_AMENDMENT_v2/B1_C0_02_analyze.py	5304	3aa2a25e544585a7daa528c5fd6df06ef177e25ce9a4e7b8c3532e26a62b2de6
B1_C0_POPULATION_AMENDMENT_v2/B1_C0_PROTOCOL_SPEC.md	1559	8af0eac709f82f43c0ad0fbaf0e74ef9c66930bfd4447e958aef382a98f04a41
B1_C0_POPULATION_AMENDMENT_v2/B1_C0_RUNBOOK.md	561	a01925a6b9cd5ade814f5c46dd3ce5d46810a3e83a44460547965444ef07ed0e
B1_C0_POPULATION_AMENDMENT_v2/PACKAGE_SHA256.txt	431	c6341f2099610a96e39b61a8ee0790b7509df58443dd7a5b45f6556dd414d6a2
BASE_FINISHING_ZERO_CALL_v1/A14_AR/A14_AR_AUDIT.json	3890	3a3d03ef149a9dd6d86fb024c8cdfc5d754972b18798185d92411f133cf9be96
BASE_FINISHING_ZERO_CALL_v1/A14_AR/A14_AR_FINAL_SHA256.txt	167	07e982ca80a06f0a38849e60af8335e471e685373bab85c646091465485c51e8
BASE_FINISHING_ZERO_CALL_v1/A14_AR/A14_AR_REPORT.md	1151	cc1f9fc0866ec0850add363ec253d7d6215c2679a616a17ad9a82648b9da5430
BASE_FINISHING_ZERO_CALL_v1/P3_C0/FINAL_SHA256.txt	633	4d4c2e7854c5e40b93b1c293781fbba2926d4f982cc29d4b088f0f21e725b34b
BASE_FINISHING_ZERO_CALL_v1/P3_C0/P3_C0_ANALYSIS_FREEZE.json	3241	9a2a7172ef294bac155888b9375b3cf3f8286bb393dab201a77508b22aef3050
BASE_FINISHING_ZERO_CALL_v1/P3_C0/P3_C0_FOREST.svg	6019	18f8b8ca041f99e3952118ef63db1e9ae756abcaf403b71295f2193022a0e500
BASE_FINISHING_ZERO_CALL_v1/P3_C0/P3_C0_LEAVE_ONE_SUITE_OUT.csv	618	27dc75cbbc23ad19a634c8c5a92cafc8c4559b800c4200d5fef7a6af63cc4ce4
BASE_FINISHING_ZERO_CALL_v1/P3_C0/P3_C0_LEAVE_ONE_TASK_OUT.csv	2277	960bf8d1af9da835acd126461a7dfe671617d22ad23c137cf018df815714d471
BASE_FINISHING_ZERO_CALL_v1/P3_C0/P3_C0_REFRESH.json	9349	183721bbbfd0d5148e75ad5edcd386e70f2ddf4589b95b7dd8cadb060f015c56
BASE_FINISHING_ZERO_CALL_v1/P3_C0/P3_C0_SUMMARY.md	684	35838a8c5b06f71e3d8a38393fb81c4fd498847ef32b42aca3ca4728ce923f0b
BASE_FINISHING_ZERO_CALL_v1/P3_C0/P3_C0_TASK_SPAN_DIAGNOSTICS.csv	2056	f29ef0b3e5858926f7bcf0526ce2ee8bf8112ca0e4f5bf0baa4e91ca6dd4d766
N0_RW_AUTHOR_RUN_v1_2/N0_RW_CANDIDATE_MASTER.csv	2170535	0b7e692bf8c6decda55c3e40fcecf600c1555ef6870a331250b3d518f699ae67
N0_RW_AUTHOR_RUN_v1_2/N0_RW_FETCH_ERRORS.json	3	37517e5f3dc66819f61f5a7bb8ace1921282415f10551d2defa5c3eb0985b570
N0_RW_AUTHOR_RUN_v1_2/N0_RW_FREEZE.json	8033	99698455905647ace16429b60f2cc2fcd34810dd8c1faf3d1dd47a6ac2373aeb
N0_RW_AUTHOR_RUN_v1_2/N0_RW_MANUAL_ADJUDICATION.csv	924460	2f68913daaa1e01b20d7f9dda8013b6c67ca1359b584eddff14e686209669222
N0_RW_AUTHOR_RUN_v1_2/N0_RW_PLAN_PREVIEW.json	7187	746e14cfbb3948a1a174323ad94a62776e054988de9ebc90db1c762e3786e364
N0_RW_AUTHOR_RUN_v1_2/N0_RW_RETRIEVAL_JOBS.json	36814	f8add1123e34369fd83761acbbe6e88f2f73fdbf7cbc35f8ae62de0101499076
N0_RW_AUTHOR_RUN_v1_2/N0_RW_RUN_COMPLETE.json	1590	56eb93cfe1776375f063a0e7a932da27c11d5756ff7234f09528125cac01774b
N0_RW_AUTHOR_RUN_v1_2/N0_RW_SCREENING_ALL.csv	2175220	5af6fddb3b21ffebd4442d5b912b7cf092d3c75621e40e4b1e0bce4ce172619e
N0_RW_AUTHOR_RUN_v1_2/N0_RW_SHA256.txt	4801	b0299ea77210b23ac246f418631efc5d0de1b60a73df70c5acc9f3e50a1bdd5f
N0_RW_AUTHOR_RUN_v1_2/protocol/N0_RW_00_prior_art_audit_v1_2.py	44409	0d2ca8513c52f827aece73d498eda667349bcfb96a71c39350fe6d9d3d1c1217
N0_RW_AUTHOR_RUN_v1_2/protocol/RUN_N0_RW_v1_2.sh	1576	542f1e703cc932c6b7ced0c11f6f0836c7a73e31575744a79c235d6f9bb44015
N0_RW_AUTHOR_RUN_v1_2/raw/arxiv_q01_recent.xml	110589	4f876a24f05464d87cdf6b366f6964ad79ad780eedd0a37ca6e32840e95a3986
N0_RW_AUTHOR_RUN_v1_2/raw/arxiv_q01_relevance.xml	110592	043d9a6fa12fa03394ddb9f0250ccafb688ab9d5e6fd8131f95142579270d7ff
N0_RW_AUTHOR_RUN_v1_2/raw/arxiv_q02_recent.xml	91575	57ea4e5ce1743b3b1beb4285112436e4e7669e611db550f1a891e3965c769002
N0_RW_AUTHOR_RUN_v1_2/raw/arxiv_q02_relevance.xml	91578	5634ab4909845e23b8d3825393ccfd2bc31db8aa05ee1adf24aad1e31e881f84
N0_RW_AUTHOR_RUN_v1_2/raw/arxiv_q03_recent.xml	91592	03b8ab8ee54c5e77b797cc9d84b7833d201e71fde69c21e23280cc797484a5ee
N0_RW_AUTHOR_RUN_v1_2/raw/arxiv_q03_relevance.xml	91595	b0c81022df499da2543b65bbbc4ede033d67b63da8d1aba5ff387e7e4f21ec50
N0_RW_AUTHOR_RUN_v1_2/raw/arxiv_q04_recent.xml	11445	0afe45431b5d41a00a72e206fa2cf4b9580008960852eb23bedcaf0be2d5ef31
N0_RW_AUTHOR_RUN_v1_2/raw/arxiv_q04_relevance.xml	11448	fb98460e3b67d0c11897082642e2f013609c8f788bb9058e27a0c21ae9356eae
N0_RW_AUTHOR_RUN_v1_2/raw/arxiv_q05_recent.xml	77107	d652b0918e7fb293f187da409b7cbba1690f0b347a28d30531ee6389a89d5f2e
N0_RW_AUTHOR_RUN_v1_2/raw/arxiv_q05_relevance.xml	77110	e2170fce45edd93a15903cb04e67993a9f440f873b98ab7b7bd410e7bbe6f6c9
N0_RW_AUTHOR_RUN_v1_2/raw/arxiv_q06_recent.xml	127795	98876791a35c3cef087607d86843c266cf1ca42048356242b8036fe4373df7e7
N0_RW_AUTHOR_RUN_v1_2/raw/arxiv_q06_relevance.xml	254527	80177d35893d4a728e1bf3208dbb65a9d39c59182b717def84cd6d685be56f64
N0_RW_AUTHOR_RUN_v1_2/raw/arxiv_q07_recent.xml	9022	3a5384eb68bbd49c3e663b152cfaad452eee7bb217f9b3ec5bc32b29990305ec
N0_RW_AUTHOR_RUN_v1_2/raw/arxiv_q07_relevance.xml	9025	cf6e42af0c39212768c3751da46f5efb32352da2ec0271ea51ad7858a7fc743f
N0_RW_AUTHOR_RUN_v1_2/raw/arxiv_q08_recent.xml	129377	d089959d4164577234ff8170e57df1796f56a7dd5a4cb7ad4c6946dfec96066a
N0_RW_AUTHOR_RUN_v1_2/raw/arxiv_q08_relevance.xml	252974	0b2480522031eff335afe2346c92a17296146d3f1399398b94ed763ac1287e7f
N0_RW_AUTHOR_RUN_v1_2/raw/arxiv_q09_recent.xml	25890	f598ac790f916a3a4961e937158ab9ab4c355fcde06295933ea0429fca50aedb
N0_RW_AUTHOR_RUN_v1_2/raw/arxiv_q09_relevance.xml	25893	89bcd0e232fbf87d54ba032ecc81bc628db46043d8c30efa199ac7269fb16f82
N0_RW_AUTHOR_RUN_v1_2/raw/arxiv_q10_recent.xml	86020	58ca86a8bd4bf83f11fcd7203b5a35000fb0266e79a82cd5f5a0e9e25a93387b
N0_RW_AUTHOR_RUN_v1_2/raw/arxiv_q10_relevance.xml	86023	e18e27895de1ba87e8e86405f21b8d806e1033c2946ae5195abd4941706ebf5e
N0_RW_AUTHOR_RUN_v1_2/raw/arxiv_seed_neighbors.xml	42140	8755a49dbdb28e634ebb1fc9b564fe432ab5a9ae2d8b8024203fcb79d42aee40
N0_RW_AUTHOR_RUN_v1_2/raw/openalex_q01_recent.json	1688819	61eef5553f27120888fc3df5712743a86f71606dafe5dff4f19b6ffb18d1ad95
N0_RW_AUTHOR_RUN_v1_2/raw/openalex_q01_relevance.json	1669196	8ec110c265b2099856acd004dc9f694b34054c99f79488916633a42d8057b2b2
N0_RW_AUTHOR_RUN_v1_2/raw/openalex_q02_recent.json	1811427	fe0db05dac27779a134580fab59a337edd540835b261bc3680aae11699ec120b
N0_RW_AUTHOR_RUN_v1_2/raw/openalex_q02_relevance.json	1639805	d83a0bc0e21886d33c1e38bede28a8c8dd2e3a4cf357e1b7f7cf54434e1d8d88
N0_RW_AUTHOR_RUN_v1_2/raw/openalex_q03_recent.json	1741227	45fd6c3087e229bc9fd076236e72766ae543d02da53f59a9fda27b533afe8c35
N0_RW_AUTHOR_RUN_v1_2/raw/openalex_q03_relevance.json	1601570	5bbfcdfad4a9d12ecfb4a4e03df4dbabeea1c0fa978b23acffae3e3a839a9d91
N0_RW_AUTHOR_RUN_v1_2/raw/openalex_q04_recent.json	1343562	d1f538977a5bce0c5a1aef48e3bfcacdb8a4b65e47c3426f617026268e3e3e91
N0_RW_AUTHOR_RUN_v1_2/raw/openalex_q04_relevance.json	1343562	1dc0a2d1abaf8d9e51bfdaecaa8b9b6a4c16a0d1e939b43c230f7e7422531265
N0_RW_AUTHOR_RUN_v1_2/raw/openalex_q05_recent.json	1677394	8eea383031a753625f5016cfe3cbe2979be79dee025540d64c7f107b51c45f85
N0_RW_AUTHOR_RUN_v1_2/raw/openalex_q05_relevance.json	1692072	f5b24bf7e4b782c9dedf9556a0e2e971dab6cdf33993de348f354ad031260ea7
N0_RW_AUTHOR_RUN_v1_2/raw/openalex_q06_recent.json	1801947	5813a631bd07326de6e42e275669cec2811f59f19298e19e9291bcb425c21624
N0_RW_AUTHOR_RUN_v1_2/raw/openalex_q06_relevance.json	1617288	ff936160088367b6afe58218dc3cbb59da217f3edd33500f0f1034cda58cb0fd
N0_RW_AUTHOR_RUN_v1_2/raw/openalex_q07_recent.json	447326	b930eb92b190a77fb61426713076d73a0c087a05aad3d9d367b88a92435d96a6
N0_RW_AUTHOR_RUN_v1_2/raw/openalex_q07_relevance.json	447326	014b7eb9f811ed014bfe0a517c8e00e25b7b5ab8fde8ca84d24aa891f2b43b68
N0_RW_AUTHOR_RUN_v1_2/raw/openalex_q08_recent.json	1752479	cb0db56304b9d7da366e22a5cc630a562e4e5446bb97f99ea4b137075bdd0ccf
N0_RW_AUTHOR_RUN_v1_2/raw/openalex_q08_relevance.json	1621201	806541ad98f508a73f48793b3af905fa26c89fb5640f36a48f6896fb524a9646
N0_RW_AUTHOR_RUN_v1_2/raw/openalex_q09_recent.json	1609132	3cf6abce574123708646bd98c875cb7340c215877b1d665c111ef90f617d7a10
N0_RW_AUTHOR_RUN_v1_2/raw/openalex_q09_relevance.json	1550495	25c1f05be90372fd3b43dce1232a4d6237f9f1b7811dfb427c1dcf37f45ab9c4
N0_RW_AUTHOR_RUN_v1_2/raw/openalex_q10_recent.json	1649309	de38f8f4fd78e0c0e4297e1dc4257c657cfd8c6869defa423f90ca7b70f3fd36
N0_RW_AUTHOR_RUN_v1_2/raw/openalex_q10_relevance.json	1751970	5200e499960358b0e452b0a59bfff08c6ac10c70c3ca2f54c31b3c286921c7fe
N3_DISCRIMINANT_PREFREEZE_v1_2/N3_00_prepare_prefreeze.py	1732	8b730a7f11ae19ac25ef5ee02b0a8a72384266403488e19b4e8bd0847c3759ca
N3_DISCRIMINANT_PREFREEZE_v1_2/N3_01_human_audit_cli.py	4955	ec75c35486b80600224768af563516a322b9fdfc3e716a6142db7d79b773586c
N3_DISCRIMINANT_PREFREEZE_v1_2/N3_02_freeze_protocol.py	5070	c91e88e6992c0a9c15870f132941b1ff472cdb4d2c8ca52256c474e8b08bc894
N3_DISCRIMINANT_PREFREEZE_v1_2/N3_03_score_science.py	9603	a5db9d5e65a9a781cf46799bd8ab027c693aa019e0a0684340f6152c95462178
N3_DISCRIMINANT_PREFREEZE_v1_2/N3_04_analyze.py	8662	b2676c35238d3a3995df964aaff366f1c9bda67bc2f2f47113937eec594ba622
N3_DISCRIMINANT_PREFREEZE_v1_2/PACKAGE_SHA256.txt	780	a5e207eaabe138d9f652eef146e32488eaa6a1de46b314d9c7cc4ce76f208039
N3_DISCRIMINANT_PREFREEZE_v1_2/README.md	3631	0ffd8a351d7eb79987413d1d32608f9e3492b4af3e8aab4026bb05ff52dd229e
N3_DISCRIMINANT_PREFREEZE_v1_2/n3_common.py	29803	0127650a096a54efa3228e66e7e67c07b26da4055807d8af6d0de8d3ab89371d
N3_DISCRIMINANT_PREFREEZE_v1_2/start_N3_Gemma_vLLM.sh	865	dd85d1dd4170cba2973c2397592ee2f8e57af316e756a253b8606fcc383e1c42
N3_DISCRIMINANT_PREFREEZE_v1_2/start_N3_Llama_vLLM.sh	877	2c5f15dc09ee4fdc101bafa5c3efa3d1b3cd9eb15d19fa90691495a41cfafe35
N3_PREFREEZE_AUTHOR_v1_1/N3_ANALYSIS.json	24979	0ad5892760dbf3c27c81975a38b8fb0689d557e63212cb25c865eec2edfcf81c
N3_PREFREEZE_AUTHOR_v1_1/N3_BASELINE_A14_UNITS.jsonl	86920	4b768b958c24b31836710e27ca7c40bec64b6dcf4a131f67f74d01dd16491266
N3_PREFREEZE_AUTHOR_v1_1/N3_BASE_PROJECTION.json	29915	b219bc372df5cad9387af149ea0c297cb5fdb806cbf22fd0362d12448bffff6a
N3_PREFREEZE_AUTHOR_v1_1/N3_FREEZE.json	9122	31023829c753363e3a72759e3f0b8278735a940c5c25744854b382d99572371a
N3_PREFREEZE_AUTHOR_v1_1/N3_FREEZE_SHA256.txt	724	68b59187e0729ad82f252964d02baac000e956392db97885a45d9fb11fdd13e2
N3_PREFREEZE_AUTHOR_v1_1/N3_HUMAN_AUDIT.jsonl	41128	bc6d4cef6e54dbf4cb9224abf5b96d6f6f6017973f2e9f123ca3fa1aac6b11b1
N3_PREFREEZE_AUTHOR_v1_1/N3_HUMAN_AUDIT_TEMPLATE.jsonl	37360	acae51264c696242c2c45e4c52ac7cd8616be2ff517437ccd42d8a686ffb8975
N3_PREFREEZE_AUTHOR_v1_1/N3_MECHANICAL_CHECKS.json	7774	6bec71998f29e4bd7a4e50d870aa5c4f5a5cfce3c72fa975ef55be414bfc3c13
N3_PREFREEZE_AUTHOR_v1_1/N3_POSITIVE_CONTEXTS.jsonl	666156	37fecf20e5d73ee60a42db10b712f39ee514496f9991166f362afff0cdc95312
N3_PREFREEZE_AUTHOR_v1_1/N3_POSITIVE_SCORING_UNITS.jsonl	177344	bc608704b88e0b15deb918f4900f02b461d116a847be92f9c416bfc26aebe77a
N3_PREFREEZE_AUTHOR_v1_1/N3_PREFREEZE_DRAFT_MANIFEST.json	867	6f0bd8ae409bc7545c0c9af27536eb3badd0317649cc6845da9088ed034729bd
N3_PREFREEZE_AUTHOR_v1_1/N3_PROTOCOL_DRAFT.json	6441	898ddf3e5cd138603b195d244608ce7ecc873c9d5ed6949b2b93e2633ae09350
N3_PREFREEZE_AUTHOR_v1_1/science_gemma/RAW_REQUESTS.jsonl	268914	e4389517be501d738bdc56c35bfcc21c4ad4b3a41856a98d239c4ba7974eeb3e
N3_PREFREEZE_AUTHOR_v1_1/science_gemma/RAW_RESPONSES.jsonl	40707394	a2c3f67cbc45735996d8a9f9fed54ac620992a3ff7e2fbd931692b400caf8dd0
N3_PREFREEZE_AUTHOR_v1_1/science_gemma/RUN_COMPLETE.json	868	35838a5f36f25b1eaa58ba09faf0270a3e1cdd06341e02d629dc69837e720718
N3_PREFREEZE_AUTHOR_v1_1/science_gemma/SCIENCE_SCORES.jsonl	241983	7aaa9ee6b75eabeddcb16dae331d2d0e42c1f650a0d550d417c26d55bb7e8aa7
N3_PREFREEZE_AUTHOR_v1_1/science_gemma/SCORE_CACHE.jsonl	1048741	1cd5091e8e981ddbcf7c1ab2a52be042bc5627c5c1ce54c827e4ced40bb6422e
N3_PREFREEZE_AUTHOR_v1_1/science_gemma/SERVER_PREFLIGHT.json	3067	d2e6c7f2842badb2d22aa7df996db4d57942feeb500d8d3f24cba92d7d3eaf22
N3_PREFREEZE_AUTHOR_v1_1/science_llama/RAW_REQUESTS.jsonl	268930	787447aebebf4dec6366cd67abe95a1ce996a600f2136b42f5f16a0c9d4fb4e4
N3_PREFREEZE_AUTHOR_v1_1/science_llama/RAW_RESPONSES.jsonl	36375798	346adb3e3565062b2c591d8b200350186095b45a4feaeac5402679fc80207828
N3_PREFREEZE_AUTHOR_v1_1/science_llama/RUN_COMPLETE.json	860	cfeb8a434df426747dd57248fbc60dddf8620d3af840eb6644c1fe3295fcd88b
N3_PREFREEZE_AUTHOR_v1_1/science_llama/SCIENCE_SCORES.jsonl	245501	953b8ffb036af99a73fa571c0b4ffae7b2194b43b78b703f23f4c0f8eaa1d89f
N3_PREFREEZE_AUTHOR_v1_1/science_llama/SCORE_CACHE.jsonl	967384	df9a6c5bdb0122489d9ff990b79c4603abacf0f8b0aba6732d6d16ccfb91879f
N3_PREFREEZE_AUTHOR_v1_1/science_llama/SERVER_PREFLIGHT.json	3103	9e5eaf1a9dae87794c7cf5d2efbf14630fa93ef2dcbdb501bb5109f5d0af8210
N4_N5_BOUNDED_SYNTHESIS_v1/N4_N5_00_collect_validate.py	863	9528b54e62288a804b2706aa3ffb5e858b84a3e4a0c9783811fffaa91c3341ff
N4_N5_BOUNDED_SYNTHESIS_v1/N4_N5_01_synthesize.py	8051	ef27a416dc0377d219b561d30e293531fcf6e08333eefb2e2f3d03d7dab1e401
N4_N5_BOUNDED_SYNTHESIS_v1/PACKAGE_SHA256.txt	341	7b249cad0d1728c7a451598bb4aa90bd1b002368a986107c83899e4081211cb6
N4_N5_BOUNDED_SYNTHESIS_v1/README.md	1070	735f4b964179b105f6596e696f5c1908ebf3bdd620224def9766d6a74d376c04
N4_N5_BOUNDED_SYNTHESIS_v1/n4n5_common.py	13085	8e3d0f5622042ca1d11bb9c62bd1a39fe8ab5e6c9a9388eb5b68d98e1a2442e9
N4_N5_RUN_v1/FINAL_ARTIFACT_SHA256.txt	404	7576df77220a6a844b075410bd338893a8e24812da190ed32f9b618e5c64c182
N4_N5_RUN_v1/N2_NEC_INPUT.md	1401	a02896d5be48cb50477932e6bc6300dd393002ab7b3c8e0a785f2c735c8f228a
N4_N5_RUN_v1/N4_N5_EVIDENCE_MATRIX.json	7755	3d04d40e77a226ac31aaf0bd97af23d198815fcca1a10ff63d85df0e6cff432c
N4_N5_RUN_v1/N4_N5_INPUT_MANIFEST.json	2151	3aa9666e59b21b06a1709742062da09bf9fc2a0d09e3aa247ef75501c2e5ead9
N4_N5_RUN_v1/N4_N5_SYNTHESIS.md	4692	bf60c780a041b3b858f29172b24a4f3b587f6853f90cfc54ce5db06e346f9f9d
N6_ATTRIGUARD_N3_PREFREEZE_v1/N6_00_build_design.py	10090	8ff293ff105c213aad40e2e65150920c80adc4753daeeb22afe30ccae2f2df17
N6_ATTRIGUARD_N3_PREFREEZE_v1/N6_01_scope_audit_cli.py	2003	2d55b0e708e4cbba21b9466ab0062f3ad243f6936685ce02b3dbcb22deb0f8dd
N6_ATTRIGUARD_N3_PREFREEZE_v1/N6_02_freeze_protocol.py	4718	db34b8786cbbc111e0b0cecde92b104bc368688f4b9640045cade809b962b217
N6_ATTRIGUARD_N3_PREFREEZE_v1/N6_PROTOCOL_SPEC.md	2995	4c72877afc72c42db279ca4bbaee88a81e94b850c346bcab4f3af490102dbb33
N6_ATTRIGUARD_N3_PREFREEZE_v1/PACKAGE_SHA256.txt	511	d8acb2cea34b0b8895cf02117e9c313f3050e5ecb190caba15e81d56d070877f
N6_ATTRIGUARD_N3_PREFREEZE_v1/README.md	1210	7615cc6990d2bd1295604bb83ca5aa1310f17a74a99099fb350763120bf8c702
N6_ATTRIGUARD_N3_PREFREEZE_v1/n6_common.py	3962	781a436384d6ab36daac51414cb0ff1f7fb90e69db566b60a4f0754a0b61e4d1
N6_ATTRIGUARD_N3_PREFREEZE_v1_out/N6_ATTRIGUARD_SCOPE_AUDIT.jsonl	39596	ab676a7505a5c11b15e3950f7395c25f16dbd870b5e5c5639f33e30fcb6a4820
N6_ATTRIGUARD_N3_PREFREEZE_v1_out/N6_DESIGN_DRAFT.json	394753	c3eff3a1672a140477dbec8225b0e0c85975ece4401afddd9e457b65e738c79e
N6_ATTRIGUARD_N3_PREFREEZE_v1_out/N6_SCIENTIFIC_PREFREEZE.json	54152	fe9486cc1a44b9edbbde4f4d627cfb25a4ba4eef5e7dee5b959838373dbe22d8
N6_ATTRIGUARD_N3_PREFREEZE_v1_out/N6_SCIENTIFIC_PREFREEZE.md	1077	a39324da5c9519e4358f1919d9b0a065843cb38281e0a830180ddb7fa2b72c2c
N6_ATTRIGUARD_N3_PREFREEZE_v1_out/N6_TECHNICAL_AMENDMENT_v1_2.json	5094	ab01bd03189a4d4a1fcd60487ec928530eda27bf0ee063182969a5ce0bc518ec
N6_ATTRIGUARD_N3_TECH_AMENDMENT_v1_2/N6_03_paired_adapter.py	9934	56983a1d0a8cc27001f6640e8c13fb47e4b8b708be8131a408575e32a4a9aa6b
N6_ATTRIGUARD_N3_TECH_AMENDMENT_v1_2/N6_04_no_model_preflight_and_amend.py	11879	977e18ad86875f0bc299fd48b5289679f47229765798af7908268ce999d4ae22
N6_ATTRIGUARD_N3_TECH_AMENDMENT_v1_2/N6_05_run_science.py	13443	cb8ddfb2ee3a2a5e5a070cda5c6c6e5bf438c9b978aef7839bf804098d6718bf
N6_ATTRIGUARD_N3_TECH_AMENDMENT_v1_2/N6_06_analyze.py	5797	fff7f3884235d431cb95283597d00da47fa1232dec56f4485787cf180122bca2
N6_ATTRIGUARD_N3_TECH_AMENDMENT_v1_2/N6_TECHNICAL_AMENDMENT_SPEC_v1_2.md	1309	dee50ce7e6c555aa8f4bfb09dfdd00dc8e05085f04d0ba9490ed3f8b085c91e2
N6_ATTRIGUARD_N3_TECH_AMENDMENT_v1_2/PACKAGE_SHA256.txt	626	d074e5866fcd9bc5f3cf9bd5d2d72aade26308b0499aaa3fcf446fbf9ba289e0
N6_ATTRIGUARD_N3_TECH_AMENDMENT_v1_2/PREOUTCOME_PATCH_RECORD.txt	679	a7bba74d883146ebdcf0138e18854a1f52a346c351a42e4b60a7831358a2c5e7
N6_ATTRIGUARD_N3_TECH_AMENDMENT_v1_2/README.md	1210	8db23802c535b9ed36cb12ae1d5f850abfd66870b79b5e6f97cdeb3593c11863
N6_ATTRIGUARD_N3_TECH_AMENDMENT_v1_2/n6_tech_common.py	5208	ee368a12052811eda5c56dc49042eb6ad7501c48c046458bc1f15af5a3463439
P0B3_ACT_RUN_v1/FINAL_ARTIFACT_SHA256.txt	429	71e206869fee215ffeb3e8296faac64d819b2a3eb78dfeab809d42f630e95f75
P0B3_ACT_RUN_v1/P0B3_ACT_FREEZE.json	1473	38eb61789513c65039a72c266dcc432df4cee110e9bc260208f6c1c18e675360
P0B3_ACT_RUN_v1/P0B3_ACT_FREEZE.md	581	7a290f509e046721c61e56a440f9a6b88723d82584fc58b51b43691a597226c8
P0B3_ACT_RUN_v1/P0B3_ACT_REPORT.md	420	a1443d31ec8933bd86f644d11974f47011697e8f0741a430d42b4c011d98ccd1
P0B3_ACT_RUN_v1/P0B3_ACT_RESULT.json	1237	f1cc33cdd7009ab21b1d160b98e51094f598241d49ed0750ae40987ee3796d7a
P0B3_ACT_RUN_v1/P0B3_ACT_SPLIT.csv	176	80ec923274d199dd12df50702e7ac4d6676b906be3c62ce137d14417d24c0bdd
P0B3_ACT_SHADOW_RUN_v1/FINAL_ARTIFACT_SHA256.txt	464	88064a159fc6fcc7222eeb41e2e2a3aed707525147826cbc113bc84c51af7bb6
P0B3_ACT_SHADOW_RUN_v1/P0B3_ACT_SHADOW_FREEZE.json	1755	87d3e83efdd6637a9f57931beeb309acb24c7936eecadd59a47cb54321349968
P0B3_ACT_SHADOW_RUN_v1/P0B3_ACT_SHADOW_FREEZE.md	549	02d71a8f0a0416b29c8522d61aca0989b0097d53cc2b0862eee4c8b9945b8b14
P0B3_ACT_SHADOW_RUN_v1/P0B3_ACT_SHADOW_REPORT.md	405	660e8dcf227a57d15e588cda2c40002fa2a24050c91d4f04a2fd100ee5ee094e
P0B3_ACT_SHADOW_RUN_v1/P0B3_ACT_SHADOW_RESULT.json	1286	7ff1a96bb83dad8738594bbfe1dd3ae6d091410449054c5531d6bf0af02ac071
P0B3_ACT_SHADOW_RUN_v1/P0B3_ACT_SHADOW_SPLIT.csv	183	9592084896e8e26d249361869e1ec3d86662e1e7fba28876350f0689f4fd49af
P0B3_ACT_SHADOW_SUPPLEMENT_v1/P0B3_ACT_SHADOW_00_freeze.py	4057	55d249696bb4fb33145297fbe2ec4ea9970b03e511adc1fa038a3dfb860b93ff
P0B3_ACT_SHADOW_SUPPLEMENT_v1/P0B3_ACT_SHADOW_01_run.py	4565	e113a60d61d1ef9d37db6a099f99f7ab18c19c008d1f850b95c8669ac46c80ea
P0B3_ACT_SHADOW_SUPPLEMENT_v1/PACKAGE_SHA256.txt	355	3151b8f1e0c41ca6f188a7c815b9f392346de46594ad1cb2d8883c44bfc83f23
P0B3_ACT_SHADOW_SUPPLEMENT_v1/README.md	749	384eb6527243031bd0c782cd7f4a3453e716af8e88c8cc33f7f4e2faec350b98
P0B3_ACT_SHADOW_SUPPLEMENT_v1/p0b3_act_shadow_common.py	2831	1913d046323319d237e8e1a4d6ff76493cba0786cb4e8a40d9a58696de9fcbdb
P0B3_ACT_ZERO_CALL_v1/P0B3_ACT_00_freeze.py	5103	d356e0c7b853d21d7b57cb8dd1fc5af8a221d4b522f9a10aad49149169db568b
P0B3_ACT_ZERO_CALL_v1/P0B3_ACT_01_run.py	6324	e22b90a66c69c697d0d5013be5873365098b4ada3961a88658b880471ae3f47b
P0B3_ACT_ZERO_CALL_v1/PACKAGE_SHA256.txt	334	2af14d45e5edfaab607b4be3e536fa7da8896283e165b865cfe20aa6163f89ad
P0B3_ACT_ZERO_CALL_v1/README.md	1287	4c6308591a88f9b86aa9190fb93d2c49f73f9da17dd7b2260c637efe1a4a22af
P0B3_ACT_ZERO_CALL_v1/p0b3_act_common.py	4671	84a5b679f9607256c43e734dba7a04c34949d7f013d1f40fb12726e31154b17c
P0B3_AUTHOR_RUN_HISTORY/P0B3_ATTEMPT0_16K_TECHNICAL_ABORT_992_OF_1046_FILES_SHA256.txt	835	3027ed40ce4ba5b4c9156c558b856d634c9fb5ad2cb48e0aeaec437de3a7aa51
P0B3_AUTHOR_RUN_HISTORY/P0B3_ATTEMPT0_STATUS.md	618	374749a310fa230336ff6920ac4b68ac95ff4e75be8e5a873721c872f9d6540e
P0B3_AUTHOR_RUN_HISTORY/P0B3_ATTEMPT0_16K_TECHNICAL_ABORT_992_OF_1046/P0B3_DEFENSE_EVENTS.jsonl	3584593	859b1a78f267e56d06e92ed6355e9040fbe5d3605ffd3497c420df556b68b6f2
P0B3_AUTHOR_RUN_HISTORY/P0B3_ATTEMPT0_16K_TECHNICAL_ABORT_992_OF_1046/P0B3_ERRORS.jsonl	5027	9ada6522c6e9430b05b1d2d62044a073b68fa06cf45e66da2039701d57fbbf53
P0B3_AUTHOR_RUN_HISTORY/P0B3_ATTEMPT0_16K_TECHNICAL_ABORT_992_OF_1046/P0B3_LIVE_IMPLEMENTATION_FREEZE.json	7680	3e07e99e7fec8e2a1786940541461097304c398d7c7b6c9739b1a168f9e3c2e8
P0B3_AUTHOR_RUN_HISTORY/P0B3_ATTEMPT0_16K_TECHNICAL_ABORT_992_OF_1046/P0B3_LIVE_PREFLIGHT.md	636	01923ef12bfc236a04288d3295314a67a4e0cada3819ec3fa304484efe9cc9e3
P0B3_AUTHOR_RUN_HISTORY/P0B3_ATTEMPT0_16K_TECHNICAL_ABORT_992_OF_1046/P0B3_PROVIDER_CALLS.jsonl	3638765	7e89c42ff42d506231910fa41571d972c2156ef277acd5fe0aaf9d720796e37d
P0B3_AUTHOR_RUN_HISTORY/P0B3_ATTEMPT0_16K_TECHNICAL_ABORT_992_OF_1046/P0B3_SCIENCE_CONSOLE.log	34665	eb3fdc7f392548912b52ce085b0ddf636728246df35d25a0877ad3b45bd430e1
P0B3_AUTHOR_RUN_HISTORY/P0B3_ATTEMPT0_16K_TECHNICAL_ABORT_992_OF_1046/P0B3_SCIENCE_ROWS.jsonl	566300	7bbb67768ef0a1f0bf9368cc7633cff85a26b8385181885a057ba962f69bfbb3
P0B3_AUTHOR_RUN_HISTORY/P0B3_ATTEMPT0_16K_TECHNICAL_ABORT_992_OF_1046/P0B3_TECHNICAL_CALLS.jsonl	747	583adb7c2e3fd886fb11e525259ace1574b78274abcd3a6babae3bffe7168582
P0B3_CAUSALARMOR_CALIBRATION_FREEZE_RUN_v1/FINAL_ARTIFACT_SHA256.txt	732	0ee0d02a007e31b9ed53276820f27640212830539d98503ff32ffa2ae9b97d00
P0B3_CAUSALARMOR_CALIBRATION_FREEZE_RUN_v1/P0B3_BENIGN_97_TASKS.csv	20947	b131b25bae25526cbc413f78a31cbbf3ad0f0b5ee6206da09b5e1cf98dad12a9
P0B3_CAUSALARMOR_CALIBRATION_FREEZE_RUN_v1/P0B3_ENV_POP_PREFLIGHT.json	7788	a93b279c3ffb80fde2bd5550cef07c81050e4b858f905d8b5f3f667227a58e9d
P0B3_CAUSALARMOR_CALIBRATION_FREEZE_RUN_v1/P0B3_ENV_POP_PREFLIGHT.md	530	632a697858fcbb674dc6985900d67abbc6aa2ecea637a1b30b0a365b9a896002
P0B3_CAUSALARMOR_CALIBRATION_FREEZE_RUN_v1/P0B3_LEGACY_629_PAIRS.csv	24429	d1c904aeddc96a37da8cbf1cc332ee22a63dccb8f3aeb1a11c77dc26b161fb0d
P0B3_CAUSALARMOR_CALIBRATION_FREEZE_RUN_v1/P0B3_PRIMARY_949_PAIRS.csv	37629	66774830500e362f503ce60389c62dace455e6fa4ab1498b48b1d5935522fd91
P0B3_CAUSALARMOR_CALIBRATION_FREEZE_RUN_v1/P0B3_PROTOCOL_FREEZE.json	10003	a105c459aa4e74de5e59e281ed66f441db80ec101ccbfbb13d7b4bb614c2b7c4
P0B3_CAUSALARMOR_CALIBRATION_FREEZE_RUN_v1/P0B3_PROTOCOL_FREEZE.md	1346	27ff0254f88f4e5a93ee6938f473313487f465a5cd4a97ecb160f00ca5d60eac
P0B3_CAUSALARMOR_CALIBRATION_FREEZE_RUN_v1/P0B3_SUITE_COUNTS.csv	219	fff7040502f29d8e420eaf301fe5831e733cb66531791047e7b76186fca92b0e
P0B3_CAUSALARMOR_CALIBRATION_FREEZE_v1/P0B3_00_environment_population_preflight.py	5733	a04b603e9d446cd6265ffaa6f313329f7e546f8e8bf76fc0523862057e8adcb9
P0B3_CAUSALARMOR_CALIBRATION_FREEZE_v1/P0B3_01_freeze_protocol.py	3955	6983a25799174c55e27a8798b0eae67b9c368fa3b448993943de1ff22a6963aa
P0B3_CAUSALARMOR_CALIBRATION_FREEZE_v1/P0B3_02_hash_outputs.py	619	1d0bebeb3801a863134bb7cb05e58707363738112c52f349e9e8a45a1f3ac39e
P0B3_CAUSALARMOR_CALIBRATION_FREEZE_v1/P0B3_CAUSALARMOR_CALIBRATION_FREEZE_v1_RUN_COMMANDS.txt	1483	b16cdd6baa98a97d07b61acee90d17b1ecff9abe1e5e060ebf9fec4defa9c6c6
P0B3_CAUSALARMOR_CALIBRATION_FREEZE_v1/P0B3_CONFIG.json	7590	d5b217a8aa64d811a261ae7e74c874e6012d18d8f1511b60cf0e935ffcc81517
P0B3_CAUSALARMOR_CALIBRATION_FREEZE_v1/P0B3_POPULATION_ADJUDICATION_v1.md	967	418c54d9cf70a191711214e7fd17a19a340bb758e03ced04db28fb2a7980e674
P0B3_CAUSALARMOR_CALIBRATION_FREEZE_v1/PACKAGE_SHA256.txt	756	fa99ed3be6a8e697e5158666f2e262b5bfe7f2f01c2beb015c28258f51da1f44
P0B3_CAUSALARMOR_CALIBRATION_FREEZE_v1/README.md	953	601d89b47de9ae9eba515e00e183fb769be637ebaae4e26ecdd5ea9c5da9242f
P0B3_CAUSALARMOR_CALIBRATION_FREEZE_v1/p0b3_common.py	1258	c288e3f99d8647ece1a51ac8e2b83e025c983fb62db6f76de5e80f7887ca5f00
P0B3_CAUSALARMOR_CLEAN_FULL_RERUN_v1/P0B3_00_ARCHIVE_ATTEMPT0.sh	2666	45d6d3c8f2f227a9363c7a78486c39f49c7945411592daaef91ea5d091885525
P0B3_CAUSALARMOR_CLEAN_FULL_RERUN_v1/P0B3_10_verify_clean_start.py	3789	776aa055865137aa852254b44a5e5d32e19051ee2526d11c6106e9bbb4ab27f4
P0B3_CAUSALARMOR_CLEAN_FULL_RERUN_v1/P0B3_20_finalize_32k_before_science.py	4883	662c83a81c49aef30a499714dc89eb9c6fd2ce7e8147d932e5f941647e48f6fd
P0B3_CAUSALARMOR_CLEAN_FULL_RERUN_v1/P0B3_90_validate_complete_clean_rerun.py	3454	b2f6e33e577bcbe9c8b998f5bf4c42e54b56866e7d47113c34fd8cf1a7d3c408
P0B3_CAUSALARMOR_CLEAN_FULL_RERUN_v1/P0B3_CLEAN_FULL_RERUN_RUN_COMMANDS.txt	2699	1b27101b5458915fff77a690284e348ffebf2f92c27f26c3f39859c5ba30ef65
P0B3_CAUSALARMOR_CLEAN_FULL_RERUN_v1/P0B3_RUN_CLEAN_FULL_RERUN.sh	2130	33aaba5b03553cd08a840c03a248f800fbd2b7d3557a574fcaf2889a947c7af5
P0B3_CAUSALARMOR_CLEAN_FULL_RERUN_v1/PACKAGE_SHA256.txt	678	f52ab3fa7ec393664db2fad47334758efe0e13733cf09d104f67e07ec4ace166
P0B3_CAUSALARMOR_CLEAN_FULL_RERUN_v1/README.md	2114	7845465ab3de79926794bad3534fae25f5d45be071a96ccbe0c73e691451b415
P0B3_CAUSALARMOR_LIVE_RUN_v1/FINAL_ARTIFACT_SHA256.txt	814	65ef73fd61e20bd9c990381ac512286ea9ab8898d1d97d904a3e96fb7ecbc350
P0B3_CAUSALARMOR_LIVE_RUN_v1/P0B3_ANALYSIS.json	2661	baac16a841cb7155dd77c32c86c5478e3a3566f5dc67af016ffc10d0169fe857
P0B3_CAUSALARMOR_LIVE_RUN_v1/P0B3_CLEAN_FULL_RERUN_COMPLETE.json	486	81f76eeb4823fb01aed315ba285837b1b45d00edcb28b559f28775b3419d1eb0
P0B3_CAUSALARMOR_LIVE_RUN_v1/P0B3_CLEAN_RERUN_CAPACITY_FINALIZATION.json	2147	055c5916537cdc8600f288019dbee0db38e291258b83b962964fe592d3745d45
P0B3_CAUSALARMOR_LIVE_RUN_v1/P0B3_CLEAN_RERUN_CAPACITY_FINALIZATION.md	419	2df06853af9ceb05434052707b3e519cc15c5ad47822bd79dd18095be585e958
P0B3_CAUSALARMOR_LIVE_RUN_v1/P0B3_CLEAN_RERUN_FINAL_SHA256.txt	1124	afa4312c1781b9c716e9d539415b57fa45d7464d646376a040de1a059afb3d20
P0B3_CAUSALARMOR_LIVE_RUN_v1/P0B3_DEFENSE_EVENTS.jsonl	3616549	bc8c17c257b00a12295c54384c9ce7bc3490f8d6c1f1d3b89aee36641253746a
P0B3_CAUSALARMOR_LIVE_RUN_v1/P0B3_LIVE_IMPLEMENTATION_FREEZE.json	7679	5bf4fdfc5771b5e2cefe4897a38fef4bb7d4d0e1a96dc55debf3eca7edd7781a
P0B3_CAUSALARMOR_LIVE_RUN_v1/P0B3_LIVE_PREFLIGHT.md	636	42f823c25be5fcccab23d40cb819dd21d521303b289b34cf66175bfb41bd9211
P0B3_CAUSALARMOR_LIVE_RUN_v1/P0B3_PROVIDER_CALLS.jsonl	3728772	fb603c9888e00b31d20baa3917fd40096545746ce16ba04106433ecb9d0614ee
P0B3_CAUSALARMOR_LIVE_RUN_v1/P0B3_REPORT.md	1133	fdcaaccf7ab751a221b40138c8c6adde6a9ac05ba865ef885e2229edc190e367
P0B3_CAUSALARMOR_LIVE_RUN_v1/P0B3_SCIENCE_ROWS.jsonl	597358	d08d83ffd30d610979cc9a80cdf0a199b55066e3eff0b51c379bac10a5940172
P0B3_CAUSALARMOR_LIVE_RUN_v1/P0B3_SUITE_RESULTS.csv	289	995355566972156b2b827654854607427b007182837da980f52f3f156983e9a7
P0B3_CAUSALARMOR_LIVE_RUN_v1/P0B3_TECHNICAL_CALLS.jsonl	748	e61fc0cba32cb5b4de9f19252481cbdc8113ebc39e62aaa0f25f393a369b718b
P0B3_CAUSALARMOR_LIVE_v1/FREEZE_BINDING.json	1570	501e478cbf65872e7ded388a3da67cc7aeeaa8a320ad5807318d951eaa3e334b
P0B3_CAUSALARMOR_LIVE_v1/P0B3_10_live_preflight.py	7593	058e4a101e60b269eeb43431519a06a1e9766234aae6ed586432b697521e4db9
P0B3_CAUSALARMOR_LIVE_v1/P0B3_20_run_science.py	5579	0723175644985c50b67ed1354a210ed57a9bde90c3ed4b2f5674877ffa02a828
P0B3_CAUSALARMOR_LIVE_v1/P0B3_30_analyze.py	7223	894c75080d0c02779dd34542d6b69f09cc39b5e0ce02f8efad4995e53692c4dc
P0B3_CAUSALARMOR_LIVE_v1/P0B3_40_hash_outputs.py	698	bac33e6131f386be9a8ad582283ee553b94f00eca56d2f28af1ea311efc639d3
P0B3_CAUSALARMOR_LIVE_v1/P0B3_CAUSALARMOR_LIVE_v1_RUN_COMMANDS.txt	2299	82e65c9f1ac75de47489cf623542ef48f606f66d4f02c5932663e4e6b7ba4f60
P0B3_CAUSALARMOR_LIVE_v1/P0B3_RUN_SCIENCE_THEN_ANALYZE.sh	599	0267e3ac8096b3adf5cf948cb15e30fc4cd0ed46898dfdde8e649ec33c49ee3c
P0B3_CAUSALARMOR_LIVE_v1/PACKAGE_SHA256.txt	1551	d53ccc1f8283926c5b37d855b76c5397aee789404af9bb6dd02ee6b22a3c8eb0
P0B3_CAUSALARMOR_LIVE_v1/README.md	1285	7f0c5cbbdf7151bc34b7c26e5aadba2e00996861e6c510759d72c308853df274
P0B3_CAUSALARMOR_LIVE_v1/p0b3_live_common.py	21859	cb6a33c392b8d6d4e89794f86d1c309e6eceebc3aec1a83c77692af3cfc4ad53
P0B3_CAUSALARMOR_LIVE_v1/FROZEN_INPUTS/FINAL_ARTIFACT_SHA256.txt	732	0ee0d02a007e31b9ed53276820f27640212830539d98503ff32ffa2ae9b97d00
P0B3_CAUSALARMOR_LIVE_v1/FROZEN_INPUTS/P0B3_BENIGN_97_TASKS.csv	20947	b131b25bae25526cbc413f78a31cbbf3ad0f0b5ee6206da09b5e1cf98dad12a9
P0B3_CAUSALARMOR_LIVE_v1/FROZEN_INPUTS/P0B3_ENV_POP_PREFLIGHT.json	7788	a93b279c3ffb80fde2bd5550cef07c81050e4b858f905d8b5f3f667227a58e9d
P0B3_CAUSALARMOR_LIVE_v1/FROZEN_INPUTS/P0B3_LEGACY_629_PAIRS.csv	24429	d1c904aeddc96a37da8cbf1cc332ee22a63dccb8f3aeb1a11c77dc26b161fb0d
P0B3_CAUSALARMOR_LIVE_v1/FROZEN_INPUTS/P0B3_PRIMARY_949_PAIRS.csv	37629	66774830500e362f503ce60389c62dace455e6fa4ab1498b48b1d5935522fd91
P0B3_CAUSALARMOR_LIVE_v1/FROZEN_INPUTS/P0B3_PROTOCOL_FREEZE.json	10003	a105c459aa4e74de5e59e281ed66f441db80ec101ccbfbb13d7b4bb614c2b7c4
P0B3_CAUSALARMOR_LIVE_v1/FROZEN_INPUTS/P0B3_SUITE_COUNTS.csv	219	fff7040502f29d8e420eaf301fe5831e733cb66531791047e7b76186fca92b0e
P0BV_AGENTDOJO_VERSION_AUDIT_v1/P0BV_00_freeze_analysis.py	6248	0f8501366f1cac77704fb57e014657b782345686591e0a22086ceb03af24ba42
P0BV_AGENTDOJO_VERSION_AUDIT_v1/P0BV_01_run_compatibility.py	19357	43d71d6a679471075408a82188c7ce5f1c9d8013c2dd9166004283e5c5106cc5
P0BV_AGENTDOJO_VERSION_AUDIT_v1/P0BV_02_hash_outputs.py	657	4e2133e84f36c326f9cb4d15e8d1e2c45ed9f5773fcbad1ac72b8db612780957
P0BV_AGENTDOJO_VERSION_AUDIT_v1/P0BV_CONFIG.json	1958	0400faea905c1355af7726f1ec07e05e5859ca1fddfa9749c6f4f952e214c4bf
P0BV_AGENTDOJO_VERSION_AUDIT_v1/PACKAGE_SHA256.txt	518	f89b9d58ba895619fcf2c4c67078e132965d333d56a77e9946996d8a0524d287
P0BV_AGENTDOJO_VERSION_AUDIT_v1/README.md	1506	2a7e3816b69af80a9f68c0d06d01722c5f0c3e4061bb81beffa6a4c3e489811c
P0BV_AGENTDOJO_VERSION_AUDIT_v1/p0bv_common.py	5181	a9f015eafa2c04b00f08801f20816f08ece301af9062138ef2f192ba8e54b23e
P0BV_AGENTDOJO_VERSION_RUN_v1/FINAL_ARTIFACT_SHA256.txt	1305	7337618e4c0eeaa69c0e862fb2647c1c3ecef21b40eb7e3d24cd665820ded9ba
P0BV_AGENTDOJO_VERSION_RUN_v1/P0BV_AGENTWATCHER_ATTACK_PAIR_VERSION_MAP.csv	22296	989101572e85b595a44eaf6ca0223bfda9f17b51a02c7e01b587c843ea4c740a
P0BV_AGENTDOJO_VERSION_RUN_v1/P0BV_ANALYSIS_FREEZE.json	38924	4bb5e8ba8f172fb9d3dbc7e785f9140b523dbf6874a3e01de67566d56213e602
P0BV_AGENTDOJO_VERSION_RUN_v1/P0BV_ANALYSIS_FREEZE.md	631	3d199520e0d213a88072c0af4aa53163bcca949df8e101069dc8d5a6aa00da5c
P0BV_AGENTDOJO_VERSION_RUN_v1/P0BV_INJECTION_TASK_DIFFS.csv	4689	0df89bc3982db541aa6da44b1fec512a1075ca4946f01036b32ca0ef00f2d5a9
P0BV_AGENTDOJO_VERSION_RUN_v1/P0BV_INJECTION_TASK_SIGNATURES.jsonl	89271	d9605b73a82412eda632f91ddbb0dbe6e5e20f9a8f627b737f66705c988a6364
P0BV_AGENTDOJO_VERSION_RUN_v1/P0BV_INPUT_MANIFEST.tsv	2700	0642b7a6f679f7f2d1dac5c3e19d0d83c63cc6cfe88bd952a98fedd06e1b5119
P0BV_AGENTDOJO_VERSION_RUN_v1/P0BV_PAPER_POPULATION_IMPACT.csv	11369	add4721c588c2bb935c8c1f2baef5af52fb19b5df446b88ef8083cf56edab30f
P0BV_AGENTDOJO_VERSION_RUN_v1/P0BV_POPULATION_FREEZE.json	30383	7026b391b445975e4e818685618684ad31563d1fe1378f9c4b71112ba068412f
P0BV_AGENTDOJO_VERSION_RUN_v1/P0BV_RESULT.json	4818	d8406ebb3fc1ec2903e948e11f6311bd0ef0ed1eef26f9ce24744af8809a0f96
P0BV_AGENTDOJO_VERSION_RUN_v1/P0BV_SUITE_SUMMARY.csv	361	a8115e135451d92e8aac5a609f7f7f5342d4f7abf3fcd85d93cb6818ff68734a
P0BV_AGENTDOJO_VERSION_RUN_v1/P0BV_SUMMARY.md	9245	63b9bdbf901f3ee16a23056f579f43517ce495108f91481312ccdb396a73fa17
P0BV_AGENTDOJO_VERSION_RUN_v1/P0BV_TOOL_DIFFS.csv	13074	31fc69f76adcd7725a90ea0fcf65ae2d1361feb73cec45e10c58eedfd258d75a
P0BV_AGENTDOJO_VERSION_RUN_v1/P0BV_USER_TASK_DIFFS.csv	26263	6d0836b671653cd09871a2dd437fff987f6100dd5077a47e07ecc877c6310118
P0BV_AGENTDOJO_VERSION_RUN_v1/P0BV_USER_TASK_SIGNATURES.jsonl	357512	d94a65a74cf7b63a1013face6e8060b5d84b88380a86dd92484654e532fe2c46
P2B_CROSS_MODEL_REPLICATION_v1_3_ARGUMENT_ROLE_ENDPOINT/CROSS_MODEL_PROTOCOL.md	11431	fdf78c55023879b2e67a0fd7ee3ca3cf3c05f239d022e24d87b9b8c36f32e685
P2B_CROSS_MODEL_REPLICATION_v1_3_ARGUMENT_ROLE_ENDPOINT/MODEL_REGISTRY.json	6045	ede7a8e2e4496bd08894967f50d5e88166e0a02e50f09aaf397f92d0944ce5c2
P2B_CROSS_MODEL_REPLICATION_v1_3_ARGUMENT_ROLE_ENDPOINT/P2B_ARGUMENT_ROLE_STATIC_AUDIT.json	776	3ef879ab898a2510e14a2b1f709afad008831110069d1578765faea2364c05d3
P2B_CROSS_MODEL_REPLICATION_v1_3_ARGUMENT_ROLE_ENDPOINT/P2B_ARGUMENT_ROLE_TAXONOMY.json	8549	66a1705d422a0a8e0b7630f099c806df646f9354f996648d659dbb4a2f519b90
P2B_CROSS_MODEL_REPLICATION_v1_3_ARGUMENT_ROLE_ENDPOINT/P2B_STATIC_ADAPTER_AUDIT.json	14519	7ee1de9f8a1069c568da43c0fa3cce5d02b6eb9a8ff2622ded026926e054306f
P2B_CROSS_MODEL_REPLICATION_v1_3_ARGUMENT_ROLE_ENDPOINT/P2B_XMODEL_SCIENTIFIC_AMENDMENT_3.md	513	8815248b4bb27e58aef701faeedf7ed8022fdbaa1bf8d24d56d67d703a4b0949
P2B_CROSS_MODEL_REPLICATION_v1_3_ARGUMENT_ROLE_ENDPOINT/P2B_XMODEL_TECHNICAL_AMENDMENT_1.md	1733	ce5eba3228c777c383d409ca1bdce89b57d3ebe17a91abdf5e270d2c30981197
P2B_CROSS_MODEL_REPLICATION_v1_3_ARGUMENT_ROLE_ENDPOINT/P2B_XMODEL_TECHNICAL_AMENDMENT_2.md	478	4b54232e7612d0dd1d994c8222da86a6e96af5721e95558935d4f6537272d787
P2B_CROSS_MODEL_REPLICATION_v1_3_ARGUMENT_ROLE_ENDPOINT/P2b_XM_00_adapter_smoke.py	4881	7a98d6501e975c05b715933de0ee72f6a3f6e6b0791e755fa60e19a3fadadb8b
P2B_CROSS_MODEL_REPLICATION_v1_3_ARGUMENT_ROLE_ENDPOINT/P2b_XM_00_resolve_revision_lock.py	1987	e4635af1034d9ba2124065bc119fe082108bee045a2fe59445b7acf571d5dfe9
P2B_CROSS_MODEL_REPLICATION_v1_3_ARGUMENT_ROLE_ENDPOINT/P2b_XM_00a_render_preflight.py	5663	5d1c4cc55ade819f318427602e3e470936a87d823907449b85d84d7012b70ba3
P2B_CROSS_MODEL_REPLICATION_v1_3_ARGUMENT_ROLE_ENDPOINT/P2b_XM_01_freeze_model.py	8652	39d39cf66de8e4b614c3b2a3dedb4529a9ddf6334eeb8085148566124d07874b
P2B_CROSS_MODEL_REPLICATION_v1_3_ARGUMENT_ROLE_ENDPOINT/P2b_XM_02_run_baseline.py	3429	b0f5b984a18c458f1919d50058c467f0445f3a613ddc9ca3cea621442de00b02
P2B_CROSS_MODEL_REPLICATION_v1_3_ARGUMENT_ROLE_ENDPOINT/P2b_XM_03_check_gate.py	2537	b9be25c2537cae353883910aee49e05da2ee549d4447a75c520f12a88fd7e486
P2B_CROSS_MODEL_REPLICATION_v1_3_ARGUMENT_ROLE_ENDPOINT/P2b_XM_03a_argument_volatility.py	8583	09745ba15a3cba5c145a57e6d0a63bf7edac346ba1bb57203496b9e4c7e95d50
P2B_CROSS_MODEL_REPLICATION_v1_3_ARGUMENT_ROLE_ENDPOINT/P2b_XM_04_joint_compare.py	5510	b362203095d33732ac6f68a1102bb4f146c58bda553d2e32b79072fdc65a26ce
P2B_CROSS_MODEL_REPLICATION_v1_3_ARGUMENT_ROLE_ENDPOINT/README.md	2267	7ac8a66236b9c5df0d3767d63b3805ea519ee9e9fef0be859ac2269525270d26
P2B_CROSS_MODEL_REPLICATION_v1_3_ARGUMENT_ROLE_ENDPOINT/SHA256SUMS.txt	2433	3929826ec951ed6faaaf248bba0e64982d5a2a7dd7896eb6980f4e9b926cf0d2
P2B_CROSS_MODEL_REPLICATION_v1_3_ARGUMENT_ROLE_ENDPOINT/canonical_json_adapter.py	7620	e3811ef2658c546a059fd6b0d32b8f30af1b345934e12fd5ed4d758067699181
P2B_CROSS_MODEL_REPLICATION_v1_3_ARGUMENT_ROLE_ENDPOINT/p2b_common.py	13158	f082d8bf68e06e281e0dec90195c80c9db171b0d0310451d711b288cd6d49788
P2B_CROSS_MODEL_REPLICATION_v1_3_ARGUMENT_ROLE_ENDPOINT/serve_gemma.sh	1156	601ab758e2a1175547038d51cf0678be8039cd878cd82efa4afe0c404ff5763b
P2B_CROSS_MODEL_REPLICATION_v1_3_ARGUMENT_ROLE_ENDPOINT/serve_llama.sh	1180	e03f8141d356463f2d4a4e334b78381c1211a3c78912a1bc64c1205a3784d285
P2B_CROSS_MODEL_REPLICATION_v1_3_ARGUMENT_ROLE_ENDPOINT/serve_qwen_canonical.sh	1196	74ba57f67f08b689b2f12cabaa87cf9291834232b8a59c2730a82f995f4b9c72
P2B_CROSS_MODEL_REPLICATION_v1_3_ARGUMENT_ROLE_ENDPOINT/inputs/P2B_PREFLIGHT_REPORT.md	2885	86c018b721a1f460622bbf6698ce1665b6069afb9f466cb1b2c1268ca9079b65
P2B_CROSS_MODEL_REPLICATION_v1_3_ARGUMENT_ROLE_ENDPOINT/inputs/P2B_PREFLIGHT_SUMMARY.json	1733	fdac39d70a952eb28a424bc0538938b549f442225d7b61b90f6d3728c2d2f053
P2B_CROSS_MODEL_REPLICATION_v1_3_ARGUMENT_ROLE_ENDPOINT/inputs/P2B_REPLAY_CONTEXTS.jsonl	105358	1bbf011ec0affe6a5d332c61b6dda6d2820c549fe7cbc83439af38bf83b297ec
P2B_CROSS_MODEL_REPLICATION_v1_3_ARGUMENT_ROLE_ENDPOINT/inputs/P2B_REPLAY_INVENTORY.jsonl	49179	9fc33a564480335aac2a91a87794a7aea737315ebd3d1c2b9facd07cd7afdded
P2B_SCIENCE_RUN_v1/P2B_BASELINE_RAW.jsonl	198027	89f867c94fb3b96eae6c321acdc1a463f9dd0cdb479fb67c69716e5018b6b9bb
P2B_SCIENCE_RUN_v1/P2B_BASELINE_TERMINAL.log	10721	942c02a2aefc0ff14f63a8cb64157926bbee00a75b81f3a93dc53ddb2ef32eb2
P2B_SCIENCE_RUN_v1/P2B_ORACLE_SELFTEST.json	5023	38f4f07060a28edbb3ad1ae6ef34fb21dcb7ff06db7de9231fafa0e873ae5b38
P2B_SCIENCE_RUN_v1/P2B_SCIENCE_FREEZE.json	16067	860f063b593d67c4edb2ed48d5d7e7dce83f1947f9061d51861a53295916f681
P2B_XMODEL_GEMMA_RUN_v1/P2B_ADAPTER_SMOKE.json	1348	8043446a8f2872d3a4e188775b3673a35f0cb5680a5e113bfb621ddaa617a7b0
P2B_XMODEL_GEMMA_RUN_v1/P2B_ORACLE_SELFTEST.json	5003	66ad52d81b0f09f3d0b3f2eddac153fa8adb83db894c6c5f809f9142b49a3eeb
P2B_XMODEL_GEMMA_RUN_v1/P2B_XMODEL_FREEZE.json	3162	6e89c3f11e33c79ab3b9b06fece1f7f88186d7a4b8a60325b11f9b698c3c9f71
P2B_XMODEL_GEMMA_RUN_v1/baseline_terminal.log	240	09dad69cfd159b8bc8c74313b21d7e09a37391fcd555e8a86181a544f598495f
P2B_XMODEL_GEMMA_RUN_v1/vllm_server.log	53136	c9d33c602650f4d248ea8f71a43df4aeecd8217fa447eea69009b44f8fc9ae91
P2B_XMODEL_LLAMA_RUN_v1/P2B_ADAPTER_SMOKE.json	1360	38f1bb7f5306941398e2982c75c5bd094385d974ac0f99a80d376e6d2d6634a1
P2B_XMODEL_LLAMA_RUN_v1/P2B_ORACLE_SELFTEST.json	5003	66ad52d81b0f09f3d0b3f2eddac153fa8adb83db894c6c5f809f9142b49a3eeb
P2B_XMODEL_LLAMA_RUN_v1/P2B_XMODEL_BASELINE_GATE.json	2089	732183ac6587933d2cb33b3020d437e35cdf3b250338342793bddf391f672f3a
P2B_XMODEL_LLAMA_RUN_v1/P2B_XMODEL_BASELINE_RAW.jsonl	205113	011fc0971f2da0d6e531a45740567f2e140e00bafc409e5172f4ebf0af3229f2
P2B_XMODEL_LLAMA_RUN_v1/P2B_XMODEL_FREEZE.json	3186	2ededd31c1798899ee7fa200fda657c5cdeeea4f7c420e1c88facb5ad813fed1
P2B_XMODEL_LLAMA_RUN_v1/baseline_terminal.log	13916	d077153baa90f7db66bd811460ab7536a59ebc48c436081e6af61c177124aad9
P2B_XMODEL_LLAMA_RUN_v1/vllm_server.log	61019	fbbe5a7bc9986a61a771c0251d4157e51d052421d70468cac12c6b3b95ab64f5
P2B_XM_CI_GEMMA_RUN_v1_2/FINAL_ARTIFACT_SHA256.txt	602	d58143a4d8fc4e369d3c80e204ce1198b4638fdff5e9fc4edb6753b7b4ba9a8e
P2B_XM_CI_GEMMA_RUN_v1_2/P2B_CI_ACTION_LOCAL_ORACLE_SELFTEST.json	5601	5ae5dc7f5b20eddbab8a5dee6d7b50064cdbb9687a0766b5a3f2e1c77e7941b7
P2B_XM_CI_GEMMA_RUN_v1_2/P2B_CI_ACTION_STRUCTURE_ROWS.csv	13962	ff088156eed379bb9d3bd915abbf06193280f7ed73da3111adb9f7938ba869dd
P2B_XM_CI_GEMMA_RUN_v1_2/P2B_CI_ARGUMENT_SLOT_ROWS.csv	70846	028b4da4a4e75aa1140298505f3d78ea16b62a1d6847a1d52ccb1e85c0a7200f
P2B_XM_CI_GEMMA_RUN_v1_2/P2B_CI_ARGUMENT_VOLATILITY.json	5891	51807d20e4472068535eb62aa48434d9494a3935a379f09461154203251a4f95
P2B_XM_CI_GEMMA_RUN_v1_2/P2B_CI_ARGUMENT_VOLATILITY.md	533	b7433548575a2bab6cf4c7ca5ca90c7881ec1cf4dcd343a7d8cfec19cce8842c
P2B_XM_CI_GEMMA_RUN_v1_2/P2B_CI_ARM_ANALYSIS.json	6680	67078992a775140702d5ceaeccf7f42b11f6d972731c034afcbdaca5700a7ee7
P2B_XM_CI_GEMMA_RUN_v1_2/P2B_CI_ARM_ANALYSIS.md	632	226f23ca04bf671e973b93820b1750a80edf1a06416e74ea9524e0e8f878d535
P2B_XM_CI_GEMMA_RUN_v1_2/P2B_CI_ARM_FREEZE.json	5502	0fae8bd98c7b885740ff67d1970fe8cc1e352844dd3544b4890ff6f29266efc2
P2B_XM_CI_GEMMA_RUN_v1_2/P2B_CI_BASELINE_RAW.jsonl	368215	172c43d3f7fc73a29f5d9b742eb506fab6051c00f5cbbe3e28fd180873f8375a
P2B_XM_CI_GEMMA_RUN_v1_2/P2B_CI_DOWNSTREAM_ORACLE_SELFTEST.json	5003	66ad52d81b0f09f3d0b3f2eddac153fa8adb83db894c6c5f809f9142b49a3eeb
P2B_XM_CI_GEMMA_RUN_v1_2/P2B_CI_RENDER_PREFLIGHT.json	17370	2ee5ce47642affad5089a12bc671dbe58fc9d28e43a2557bb0118087c0dbe7a7
P2B_XM_CI_GEMMA_RUN_v1_2/baseline_terminal.log	17403	68fa4da8a0d51cd15a7ad72f34b640e0c4af5c42a45f156e5380b56baca6b52f
P2B_XM_CI_GEMMA_RUN_v1_2/vllm_server.log	60709	5b635e87b9593521536708b110da7d3ca0ccba70ebcc381ede830580a0ecc9b6
P2B_XM_CI_JOINT_v1_2/P2B_XM_CI_JOINT.json	20529	b561e0c3ed2d56c0d4abc8323ae40429d210bb5b554328c8181d27e9428f2014
P2B_XM_CI_JOINT_v1_2/P2B_XM_CI_JOINT.md	1985	cea1088887206f8009b0d091ca3f0c665f725ef9dd1f8cafea9e1e8533fbbc65
P2B_XM_CI_LLAMA_RUN_v1_2/FINAL_ARTIFACT_SHA256.txt	602	d04181fd59316c9b305978f4a734675d573fa0f7f6f077518647d64bb191fee5
P2B_XM_CI_LLAMA_RUN_v1_2/P2B_CI_ACTION_LOCAL_ORACLE_SELFTEST.json	5601	5ae5dc7f5b20eddbab8a5dee6d7b50064cdbb9687a0766b5a3f2e1c77e7941b7
P2B_XM_CI_LLAMA_RUN_v1_2/P2B_CI_ACTION_LOCAL_ORACLE_SELFTEST_FAILURE.json	5617	b50b2893be129fb5a27c743cd620c69c8e2349547910bef1192f9749719787e3
P2B_XM_CI_LLAMA_RUN_v1_2/P2B_CI_ACTION_LOCAL_ORACLE_SELFTEST_FAILURE_SUPERSEDED_TIMESTAMP_BUG.json	5617	b50b2893be129fb5a27c743cd620c69c8e2349547910bef1192f9749719787e3
P2B_XM_CI_LLAMA_RUN_v1_2/P2B_CI_ACTION_STRUCTURE_ROWS.csv	13937	0c76770fc67650227034695f768ce67b9ddba5761feea57d6d524e7449ab9089
P2B_XM_CI_LLAMA_RUN_v1_2/P2B_CI_ARGUMENT_SLOT_ROWS.csv	60663	41d98f552eb0b524f19c97d99fe5c6df3c85356388807b26d99ff8cb54078928
P2B_XM_CI_LLAMA_RUN_v1_2/P2B_CI_ARGUMENT_VOLATILITY.json	5144	8d52b84fcdd55bee31ed0961cebc9cffd57754ba21bc956122578edfc08c7608
P2B_XM_CI_LLAMA_RUN_v1_2/P2B_CI_ARGUMENT_VOLATILITY.md	535	fa52b9883891ca10f792a3550e6aceef9c3c77e8fbc14fbc618eff09c2802015
P2B_XM_CI_LLAMA_RUN_v1_2/P2B_CI_ARM_ANALYSIS.json	6447	f0f3ff487d1d77d98c76875370d7ef6947758e3439d129970898f4a8b2ca886c
P2B_XM_CI_LLAMA_RUN_v1_2/P2B_CI_ARM_ANALYSIS.md	633	6bb36359416e02c1636765914b5e9fc95fbeb4f77bd85f763895d32432f263f6
P2B_XM_CI_LLAMA_RUN_v1_2/P2B_CI_ARM_FREEZE.json	5550	a086e36cf5059215244e308982b51b6d02f34df2181249aa4ac4169598d87545
P2B_XM_CI_LLAMA_RUN_v1_2/P2B_CI_BASELINE_RAW.jsonl	349307	d0bd22bc6fdf5adaab3cfcbdbaf95702d48cd1c8a52b28373113e772d6b66b79
P2B_XM_CI_LLAMA_RUN_v1_2/P2B_CI_DOWNSTREAM_ORACLE_SELFTEST.json	5003	66ad52d81b0f09f3d0b3f2eddac153fa8adb83db894c6c5f809f9142b49a3eeb
P2B_XM_CI_LLAMA_RUN_v1_2/P2B_CI_RENDER_PREFLIGHT.json	17374	56a05113664be0a2982f78b9f2e5518d8b8e7fab9ad771f7b55dfca2e610b6f0
P2B_XM_CI_LLAMA_RUN_v1_2/P2B_CI_RENDER_PREFLIGHT_SUPERSEDED_BEFORE_ORACLE_PATCH.json	17374	d1e5a36fb807f5f7a9c9cde64594add5294fd1ae26bf023b7ee839e0b35dc7e7
P2B_XM_CI_LLAMA_RUN_v1_2/baseline_terminal.log	17262	2463b54b9bb706ed466c9a033f39f494a417b303611fc79473acd5d339bb6b50
P2B_XM_CI_LLAMA_RUN_v1_2/vllm_server.log	64896	2148881855ad0e591ffd638155bc982a0d5f6141702ec9e66e18bbd4aca6811e
P2B_XM_CI_QWEN_RUN_v1_2/FINAL_ARTIFACT_SHA256.txt	598	33f9dba22308b185f49771c6629fee7a26221c8f4729ddfdec579c1a8129e551
P2B_XM_CI_QWEN_RUN_v1_2/P2B_CI_ACTION_LOCAL_ORACLE_SELFTEST.json	5601	5ae5dc7f5b20eddbab8a5dee6d7b50064cdbb9687a0766b5a3f2e1c77e7941b7
P2B_XM_CI_QWEN_RUN_v1_2/P2B_CI_ACTION_STRUCTURE_ROWS.csv	15012	44babd821c4ef3e9bf90eaa775af6e37e4fbcb3742a9c4d82c99665d52d21fde
P2B_XM_CI_QWEN_RUN_v1_2/P2B_CI_ARGUMENT_SLOT_ROWS.csv	82372	f27d753abf2d3fedeb7fd08743a1dac692791ed7bb75b3e619d4e2a97b108905
P2B_XM_CI_QWEN_RUN_v1_2/P2B_CI_ARGUMENT_VOLATILITY.json	6268	b0f31149efbcc6336e20bb8e2903db9f043ae72878a8325555310719a9aafa50
P2B_XM_CI_QWEN_RUN_v1_2/P2B_CI_ARGUMENT_VOLATILITY.md	544	5fd27848852fc7f2c3b0ed44260096ff6c142d94ce8795df9632d8c753e7744b
P2B_XM_CI_QWEN_RUN_v1_2/P2B_CI_ARM_ANALYSIS.json	6224	3198bccfe160c13d476bddbe88846aa7cf3cac356aff56dabd44ba1ed92baec0
P2B_XM_CI_QWEN_RUN_v1_2/P2B_CI_ARM_ANALYSIS.md	642	7e5508392edc68f1d341140cd824ea66d4a3860d3d4bbc20ee05347a6428f072
P2B_XM_CI_QWEN_RUN_v1_2/P2B_CI_ARM_FREEZE.json	5526	f0c6db26160b1ecdee7e6f9e32b0ced44a713c12b130a850bf4852020f319cce
P2B_XM_CI_QWEN_RUN_v1_2/P2B_CI_BASELINE_RAW.jsonl	407931	2024e9b370e78897a577fe5025a346ea9be074b262a2b3c6c05c02ae3e4095e2
P2B_XM_CI_QWEN_RUN_v1_2/P2B_CI_DOWNSTREAM_ORACLE_SELFTEST.json	5003	66ad52d81b0f09f3d0b3f2eddac153fa8adb83db894c6c5f809f9142b49a3eeb
P2B_XM_CI_QWEN_RUN_v1_2/P2B_CI_RENDER_PREFLIGHT.json	17375	2fd114794416381b757e8c297d04625464d6859b574d1b74da1ee6c21a920ac3
P2B_XM_CI_QWEN_RUN_v1_2/baseline_terminal.log	18312	1d1a8c97d48d91bdc60c8d742550e6a41043cafbc0c1304097d3aa0c007909e9
P2B_XM_CI_QWEN_RUN_v1_2/vllm_server.log	68534	b0c06a40ba20b537d9fe15b2176648ded0808c401d18c420cda8921b66546b9b
P2B_XM_CI_v1_2_ORACLE_PATCH_NO_SERVER_RERUN/P2b_CI_00_static_audit.py	5306	3c094d1c1f8d86ffe63bbbbf5ea76963077beda2a9ab5bfbb595d7c9e8c7592d
P2B_XM_CI_v1_2_ORACLE_PATCH_NO_SERVER_RERUN/P2b_CI_02_freeze_global.py	5778	472af8448a49b9ea37cd4e985b66a593d2e2b51d61b1f12f33613810d90dfd9d
P2B_XM_CI_v1_2_ORACLE_PATCH_NO_SERVER_RERUN/PATCH_FILE_SHA256.txt	455	bc2f61ba8d5db21ab4e8ca7f76eacbec7e46c4983a71f2508afb345f96b047f9
P2B_XM_CI_v1_2_ORACLE_PATCH_NO_SERVER_RERUN/V1_2_1R_ACTION_LOCAL_ORACLE_AMENDMENT.md	1900	106be498ca4c0a473f2ab2a99d774e596f49a83a1e33524bf864a870d65f1c08
P2B_XM_CI_v1_2_ORACLE_PATCH_NO_SERVER_RERUN/action_local.py	6896	824fab5c771ef149d631f4931b02aa9d1617fe0373ec6276da642e36edc0be05
P2B_XM_CI_v1_2_ORACLE_PATCH_NO_SERVER_RERUN/apply_patch.sh	1355	06ab2f11e97566e63b1a9d350571a3e1e5e4b654d7dda9adbfe63d78c98f063f
P2B_XM_CI_v1_2_PREOUTCOME_TECH_GATE_CORRECTED/ACTION_ENVELOPE_SCHEMA.json	836	6cd508c6b9ab5863e073a76e603d9eb9f6b23ed3818b2bd0189913a95c4cd71f
P2B_XM_CI_v1_2_PREOUTCOME_TECH_GATE_CORRECTED/MODEL_REGISTRY_CI.json	5417	f28c6738a7b6363b033f7f673af6ebf5a24e0654b2f1ebdd6d23786f72fffbb1
P2B_XM_CI_v1_2_PREOUTCOME_TECH_GATE_CORRECTED/P2B_ARGUMENT_ROLE_TAXONOMY.json	8549	66a1705d422a0a8e0b7630f099c806df646f9354f996648d659dbb4a2f519b90
P2B_XM_CI_v1_2_PREOUTCOME_TECH_GATE_CORRECTED/P2B_CI_STATIC_AUDIT.json	13413	075592c4079b02bb949d4f74bf969ec873f522d29bf62701616149b591a8b992
P2B_XM_CI_v1_2_PREOUTCOME_TECH_GATE_CORRECTED/P2B_XM_CI_GLOBAL_FREEZE.json	15533	bcb3c7780553b5d59e12f2ef907517d53d1f03f90f40e0065dac21b06e2a0eb2
P2B_XM_CI_v1_2_PREOUTCOME_TECH_GATE_CORRECTED/P2B_XM_CI_GLOBAL_FREEZE_SUPERSEDED_ORIGINAL_v1_2.json	14818	d18111fbddbcc9b5f7807372c1436333faf3fae04552f4ddbc36bb193dd76b95
P2B_XM_CI_v1_2_PREOUTCOME_TECH_GATE_CORRECTED/P2B_XM_CI_REVISION_LOCK.json	907	8348a37bd44a74363f0e9c165acc95f934cfa13cd8d009ed79bd42e7d2d6c2fe
P2B_XM_CI_v1_2_PREOUTCOME_TECH_GATE_CORRECTED/P2b_CI_00_static_audit.py	5306	3c094d1c1f8d86ffe63bbbbf5ea76963077beda2a9ab5bfbb595d7c9e8c7592d
P2B_XM_CI_v1_2_PREOUTCOME_TECH_GATE_CORRECTED/P2b_CI_01_stress_preflight.py	8330	382ccbf52402df79d7f75f5b9330d64389f0ae1c07971b8736820a3b07698ecf
P2B_XM_CI_v1_2_PREOUTCOME_TECH_GATE_CORRECTED/P2b_CI_02_freeze_global.py	5778	472af8448a49b9ea37cd4e985b66a593d2e2b51d61b1f12f33613810d90dfd9d
P2B_XM_CI_v1_2_PREOUTCOME_TECH_GATE_CORRECTED/P2b_CI_03_render_preflight.py	4219	222de5b4c4ea472798b72bfb613d48cb7be8aeed95055581393d6a1864942a6d
P2B_XM_CI_v1_2_PREOUTCOME_TECH_GATE_CORRECTED/P2b_CI_04_freeze_arm.py	7143	56fd4682643de306aaf5402e1ba871498ffa103a73ba347ad499d6ca77b4ba26
P2B_XM_CI_v1_2_PREOUTCOME_TECH_GATE_CORRECTED/P2b_CI_05_run_baseline.py	5687	e25206373dd8a3efdaea0f1839dd7aea1cfa7c630d70a583562912ae6fa68d37
P2B_XM_CI_v1_2_PREOUTCOME_TECH_GATE_CORRECTED/P2b_CI_06_analyze_arm.py	5739	96e866735e0568e8bb22095ad85a66488873f781cd29e203b8f691b6eba4057a
P2B_XM_CI_v1_2_PREOUTCOME_TECH_GATE_CORRECTED/P2b_CI_07_argument_role.py	7224	ab65e373404e4c766a5bfc4266c5c558f1f333ede7bc9b2c85f80349f495e385
P2B_XM_CI_v1_2_PREOUTCOME_TECH_GATE_CORRECTED/P2b_CI_08_joint_compare.py	6030	1334a5239d6383a15b9159614cc7f6cb813029426358ba89f8d94ca8b2c27508
P2B_XM_CI_v1_2_PREOUTCOME_TECH_GATE_CORRECTED/P2b_CI_RUNBOOK.md	7420	3ba10e0aa1036d1f7ea9e003eb179ac1249201201de106e2a41e8f37061b2e52
P2B_XM_CI_v1_2_PREOUTCOME_TECH_GATE_CORRECTED/PACKAGE_FILE_SHA256.txt	3428	de59c63a932fa95def98bcaa713a56035a5fcf2185957575ad7e512ad6b5c10f
P2B_XM_CI_v1_2_PREOUTCOME_TECH_GATE_CORRECTED/PREOUTCOME_BUILD_VALIDATION.json	4285	ddd859422b2cc3ebb0d28a231782c0e3f565f9029db1bd4587d17498eb445566
P2B_XM_CI_v1_2_PREOUTCOME_TECH_GATE_CORRECTED/PREOUTCOME_VERIFICATION_REPORT.md	4482	5be116b2e9862a5e416df8b1e9ec6802e61920c8da7c1803d49d4ebaaf1478d0
P2B_XM_CI_v1_2_PREOUTCOME_TECH_GATE_CORRECTED/PROTOCOL_P2B_XM_CI_v1_2.md	14973	1da66a612b60d55977b4782cfc0eb0ecc6d0a2aa906378c6ac4b4dd18e7edd86
P2B_XM_CI_v1_2_PREOUTCOME_TECH_GATE_CORRECTED/README.md	4509	92b1be575cd77a83635ad74f80518d25e0cd62c9e1c528e995d21cda3c8f9704
P2B_XM_CI_v1_2_PREOUTCOME_TECH_GATE_CORRECTED/V13_ADJUDICATION_LINEAGE.md	3002	a798182d0e9073ef0931ec6f208651eb5152302d6402e6629cd17e2b808781bb
P2B_XM_CI_v1_2_PREOUTCOME_TECH_GATE_CORRECTED/V1_2_1R_ACTION_LOCAL_ORACLE_AMENDMENT.md	1900	106be498ca4c0a473f2ab2a99d774e596f49a83a1e33524bf864a870d65f1c08
P2B_XM_CI_v1_2_PREOUTCOME_TECH_GATE_CORRECTED/V1_2_TECHNICAL_GATE_AMENDMENT.md	909	dafc30897d0f5d35c9194b93021c80516e3a544c9876fc79e83625b086718a44
P2B_XM_CI_v1_2_PREOUTCOME_TECH_GATE_CORRECTED/action_local.py	6896	824fab5c771ef149d631f4931b02aa9d1617fe0373ec6276da642e36edc0be05
P2B_XM_CI_v1_2_PREOUTCOME_TECH_GATE_CORRECTED/ci_integrity.py	1315	2b110d6557edeac2cfd62611a08f6df27beeb48b123b151e29338f3016fe5447
P2B_XM_CI_v1_2_PREOUTCOME_TECH_GATE_CORRECTED/common_action_interface.py	10112	25e9b6b7b27e7ba0319ca8bb63de541d9f081c582634b1fb124831f47e071812
P2B_XM_CI_v1_2_PREOUTCOME_TECH_GATE_CORRECTED/p2b_common.py	12945	626414a875ce29cb7616505586b3fbd8d9ec449097d5e5ee07f20071c88be75c
P2B_XM_CI_v1_2_PREOUTCOME_TECH_GATE_CORRECTED/requirements_ci.txt	217	7b123d7f2a0b069593328cb4273b2eb861f2d2a242d2b4de0c30ed419d6aeaa9
P2B_XM_CI_v1_2_PREOUTCOME_TECH_GATE_CORRECTED/serve_model.sh	1906	f21439d34d2feca80803c686833ced7e36ab5c634b538cd31efb9c558438bab2
P2B_XM_CI_v1_2_PREOUTCOME_TECH_GATE_CORRECTED/stop_server.sh	441	f3dbfb7ad2c17073dceb32510f2e2017bed9f6427cd5c691afd7f23cd0527771
P2B_XM_CI_v1_2_PREOUTCOME_TECH_GATE_CORRECTED/stress_runtime.py	541	fb1453d30f130ec604581520d2e3a054543ccd1d5e0b5279c755cb8e2eda6ea7
P2B_XM_CI_v1_2_PREOUTCOME_TECH_GATE_CORRECTED/inputs/EXCLUDED_STRESS_CONTEXTS.json	52424	f18482254d58b8fbac80f3d1e04f26b2eda873568193cb02289cc2e87edf4606
P2B_XM_CI_v1_2_PREOUTCOME_TECH_GATE_CORRECTED/inputs/P2B_PREFLIGHT_REPORT.md	2885	86c018b721a1f460622bbf6698ce1665b6069afb9f466cb1b2c1268ca9079b65
P2B_XM_CI_v1_2_PREOUTCOME_TECH_GATE_CORRECTED/inputs/P2B_PREFLIGHT_SUMMARY.json	1733	fdac39d70a952eb28a424bc0538938b549f442225d7b61b90f6d3728c2d2f053
P2B_XM_CI_v1_2_PREOUTCOME_TECH_GATE_CORRECTED/inputs/P2B_REPLAY_CONTEXTS.jsonl	105358	1bbf011ec0affe6a5d332c61b6dda6d2820c549fe7cbc83439af38bf83b297ec
P2B_XM_CI_v1_2_PREOUTCOME_TECH_GATE_CORRECTED/inputs/P2B_REPLAY_INVENTORY.jsonl	49179	9fc33a564480335aac2a91a87794a7aea737315ebd3d1c2b9facd07cd7afdded
P2B_XM_CI_v1_2_PREOUTCOME_TECH_GATE_CORRECTED/technical_preflight/gemma/.gitkeep	0	e3b0c44298fc1c149afbf4c8996fb92427ae41e4649b934ca495991b7852b855
P2B_XM_CI_v1_2_PREOUTCOME_TECH_GATE_CORRECTED/technical_preflight/gemma/P2B_CI_STRESS_PREFLIGHT.json	17781	e91574d15120fc5a92fe8725e4d6d6c63df34787a79107d0fcef55f698133820
P2B_XM_CI_v1_2_PREOUTCOME_TECH_GATE_CORRECTED/technical_preflight/llama/.gitkeep	0	e3b0c44298fc1c149afbf4c8996fb92427ae41e4649b934ca495991b7852b855
P2B_XM_CI_v1_2_PREOUTCOME_TECH_GATE_CORRECTED/technical_preflight/llama/P2B_CI_STRESS_PREFLIGHT.json	17817	9dacc719b9874efc1917cff41a1c88306884be00a000e17d09104c9602a2b7d9
P2B_XM_CI_v1_2_PREOUTCOME_TECH_GATE_CORRECTED/technical_preflight/qwen_canonical/.gitkeep	0	e3b0c44298fc1c149afbf4c8996fb92427ae41e4649b934ca495991b7852b855
P2B_XM_CI_v1_2_PREOUTCOME_TECH_GATE_CORRECTED/technical_preflight/qwen_canonical/P2B_CI_STRESS_PREFLIGHT.json	17921	d3a2170679f731273611946577fbca9f4bac683d2d3b9082185735cd03fd0ec6
P2B_XM_CI_v1_2_PREOUTCOME_TECH_GATE_CORRECTED/technical_server/gemma/vllm_server.log	33782	4fae9ac784f3695bb6a5222a477e05058c805cb0d6ace692c6a51c471c894a02
P2B_XM_CI_v1_2_PREOUTCOME_TECH_GATE_CORRECTED/technical_server/llama/vllm_server.log	35121	696b1c72de8dde4fdde58f6a97910a96c391e8cb8d2ed05f6f363b6cfc424b91
P2B_XM_CI_v1_2_PREOUTCOME_TECH_GATE_CORRECTED/technical_server/qwen_canonical/vllm_server.log	35769	a34f932b98d46ff7e24df264d5beb8d5328be29624620a4262fcd904b2e79ff4
P2_AGENTWATCHER_NODEFENSE_PREFREEZE_v1/P2_00_preflight_freeze.py	7568	0e1abb971a7c674c9020220a637cf022172fab90193b77ae4b038addda808b06
P2_AGENTWATCHER_NODEFENSE_PREFREEZE_v1/P2_01_run_nodefense.py	5561	49ab613c4d5e11c4e5eac8eb8f14e606ba66a37e33a7500e813efedeefe12f85
P2_AGENTWATCHER_NODEFENSE_PREFREEZE_v1/P2_02_analyze.py	7524	ea54045e7e9f915f4f60c7f0080044c8e922f86163faa5ac703924035de2c631
P2_AGENTWATCHER_NODEFENSE_PREFREEZE_v1/P2_03_verify.py	2334	6f07b4ca2a10f830ad1526e6e62e513c4d3796e5fa56fc0a326b464864245b0a
P2_AGENTWATCHER_NODEFENSE_PREFREEZE_v1/P2_CONFIG.json	3177	b0b191a08b2cb6b657f4033b43832574e0f0c4c7b91ea4592a0c4ba8a49645b5
P2_AGENTWATCHER_NODEFENSE_PREFREEZE_v1/P2_DEFENSE_ON_REFERENCE.csv	62385	434a99330fb293691c94ee4916bee66ac8c005e6ec33791e18fee3ff9991ceb1
P2_AGENTWATCHER_NODEFENSE_PREFREEZE_v1/P2_HISTORICAL_DEFENSE_ON_MANIFEST.tsv	53932	2d48fbe2632b50d580885c159dd24328f995387164edded31ee9ac3c313ccc5f
P2_AGENTWATCHER_NODEFENSE_PREFREEZE_v1/P2_PROTOCOL_FREEZE.md	2244	d0f507ff0313b8ab36fafd70d57dffc9a2a3d89b3437b74de257af99de8dbe41
P2_AGENTWATCHER_NODEFENSE_PREFREEZE_v1/P2_RUNTIME_MANIFEST.tsv	20574	22824a4129f404cbbb479b46d32ccb3514259f102fcd8cac45fa3417a8186603
P2_AGENTWATCHER_NODEFENSE_PREFREEZE_v1/P2_SELECTED_PAIRS.json	22681	aced8062e22417bc4de9cf735af5bec0bfc8930d4ebaa1a753d4ca2e3082d29c
P2_AGENTWATCHER_NODEFENSE_PREFREEZE_v1/PACKAGE_SHA256.txt	1123	ff04c44e060b6c8c2ca8bdfe7b5fa4bff0af72576d9e49c44b6dfbe27b619cbf
P2_AGENTWATCHER_NODEFENSE_PREFREEZE_v1/README.md	1437	1de6179601eb30a6af813119085b123029ed172d59c93c16b3d7a02a056a2393
P2_AGENTWATCHER_NODEFENSE_PREFREEZE_v1/RUN_P2.sh	2504	71558a1ccf73a19c6a0d0d20d3c1f9e0140cafdf3890b1c70dd215fcc8053bdb
P2_AGENTWATCHER_NODEFENSE_PREFREEZE_v1/p2_common.py	738	a8fda3dd19525a4962451f2ef402a5c1d86ca9e52a5b02e91646af2783e1c52d
P2_AGENTWATCHER_NODEFENSE_RUN_v1/FINAL_ARTIFACT_SHA256.txt	35035	97380c8e740eb83979855285967f13b8dd071a87ceab5d1a30f4a53d5b1143b5
P2_AGENTWATCHER_NODEFENSE_RUN_v1/P2_ANALYSIS.json	2695	acaaa7fed2daee50e443a526ef156c2585ff468cd6fab8d02c00af7065c06c68
P2_AGENTWATCHER_NODEFENSE_RUN_v1/P2_ANALYSIS.md	991	eef0bfbc09234da7d6341df74b1efa87ab404c0444c7d8fe32f7ed1ecaea389e
P2_AGENTWATCHER_NODEFENSE_RUN_v1/P2_PAIRED_ROWS.csv	10454	37ecfd0368eb22436434fb5c093d6ae81dc273d9aabd9a8ab4f6ca6d9a7bb66e
P2_AGENTWATCHER_NODEFENSE_RUN_v1/P2_PREFREEZE_PACKAGE_MANIFEST.tsv	1213	af8826407b5530f6de97bc51c984743df248aa03446cb04623fe394954950aa0
P2_AGENTWATCHER_NODEFENSE_RUN_v1/P2_RAW_RESULT_MANIFEST.tsv	35325	6253d8021f89b9e5210b390ad651f10e7553effe324faedf31d83a539ce34f62
P2_AGENTWATCHER_NODEFENSE_RUN_v1/P2_RUN_COMPLETE.json	1004	b975fbb0bd3fefd5f2d30509a290e9d93657f8a91e00d6bac16bb9b21125df89
P2_AGENTWATCHER_NODEFENSE_RUN_v1/P2_SCIENCE_FREEZE.json	1911	552706fb93c0691612d8c333c12b468c12314a681ce88956546f18fea0ab3a09
P2_AGENTWATCHER_NODEFENSE_RUN_v1/P2_SCIENCE_FREEZE.md	592	92b2bc9534d0cc8c808887a6852155c039829a8801c7d7bd1607b7d094c68313
P2_AGENTWATCHER_NODEFENSE_RUN_v1/P2_SUITE_SUMMARY.csv	274	491d35dd981ef6c12e9e9913496c28a432375f7dc14f00e3f0e8f568fb9a15ee
P2_AGENTWATCHER_NODEFENSE_RUN_v1/raw_results/gpt-4o-mini/banking/injection_task_0/none/none.json	5082	6cdff237318c7b4988106fba3c05675aea00bed5735946b81cca89d0ef57d51a
P2_AGENTWATCHER_NODEFENSE_RUN_v1/raw_results/gpt-4o-mini/banking/injection_task_1/none/none.json	5118	e32b4490d1529358fd3d1b2e82231bd2fb02bee15fa8f98011b2e5d73d622e5e
P2_AGENTWATCHER_NODEFENSE_RUN_v1/raw_results/gpt-4o-mini/banking/injection_task_2/none/none.json	5040	28af160bb6e8d431f41ced6e1b00843ba97d5f98f0fb36ba530929ea76bf5d22
P2_AGENTWATCHER_NODEFENSE_RUN_v1/raw_results/gpt-4o-mini/banking/injection_task_3/none/none.json	5384	3f0e98e314630208c15bd994442d100abc61cb6a141b6963c12df5eacd0c61dc
P2_AGENTWATCHER_NODEFENSE_RUN_v1/raw_results/gpt-4o-mini/banking/injection_task_4/none/none.json	4225	60133c59945b9d5fe94b5be0b9a295186c8714a191245ed89d440cad3b69aa66
P2_AGENTWATCHER_NODEFENSE_RUN_v1/raw_results/gpt-4o-mini/banking/injection_task_5/none/none.json	4660	68c537a387d6188a78b2e32e534128d743feba58396224efab10ec46e8754a15
P2_AGENTWATCHER_NODEFENSE_RUN_v1/raw_results/gpt-4o-mini/banking/injection_task_6/none/none.json	7054	8a2140f8b9d3b6e0b86d9f6878870f880cb8d8916809250ef868aa7a610ac75a
P2_AGENTWATCHER_NODEFENSE_RUN_v1/raw_results/gpt-4o-mini/banking/injection_task_7/none/none.json	2655	55854580dcf6ae2462f4cb15625b9220d6b8c25b5309e9d96d47882b77ad7ab5
P2_AGENTWATCHER_NODEFENSE_RUN_v1/raw_results/gpt-4o-mini/banking/injection_task_8/none/none.json	4755	d7882206bc5d5849935e8c38e478120697add82d0ddea868de422a342f6d8fcb
P2_AGENTWATCHER_NODEFENSE_RUN_v1/raw_results/gpt-4o-mini/banking/user_task_0/tool_knowledge/injection_task_1.json	9399	3df62baa01f95c6edb93dc8cbb89fb1db8cc1aa6ebc18a9df2625ec2a8ae133d
P2_AGENTWATCHER_NODEFENSE_RUN_v1/raw_results/gpt-4o-mini/banking/user_task_0/tool_knowledge/injection_task_4.json	9102	53e2afe5416fca9e440bd13f6164416df3cdea263e1b496be59af7669745f936
P2_AGENTWATCHER_NODEFENSE_RUN_v1/raw_results/gpt-4o-mini/banking/user_task_1/tool_knowledge/injection_task_5.json	8134	0026cfdd33ab566eeeec342e3235fbc61ee071f9aa572346c73570e8439e321c
P2_AGENTWATCHER_NODEFENSE_RUN_v1/raw_results/gpt-4o-mini/banking/user_task_10/tool_knowledge/injection_task_1.json	6806	b2b78bbc62c9ee8608a3971a6729ae1bbc1ee5baae1384115c066536879f0330
P2_AGENTWATCHER_NODEFENSE_RUN_v1/raw_results/gpt-4o-mini/banking/user_task_10/tool_knowledge/injection_task_4.json	6414	5f312ee5f00e90b57619a4c1615f1c7116714a09a6a426ae49588f6ec5d9cd62
P2_AGENTWATCHER_NODEFENSE_RUN_v1/raw_results/gpt-4o-mini/banking/user_task_11/tool_knowledge/injection_task_5.json	6759	a9b18b21053e0d43bbaeab28a19013b2bdcc8d07ed8c36379710d658066cc674
P2_AGENTWATCHER_NODEFENSE_RUN_v1/raw_results/gpt-4o-mini/banking/user_task_13/tool_knowledge/injection_task_7.json	6289	c3f475a3924a1952aaaf07cb963e25cb3b045e57dcf76fa7393a6fe2af1a8c01
P2_AGENTWATCHER_NODEFENSE_RUN_v1/raw_results/gpt-4o-mini/banking/user_task_13/tool_knowledge/injection_task_8.json	9979	8781d7a7ff694edfa50af3c65a8f01f19007ab527dad6bb39481f68eb14ed86d
P2_AGENTWATCHER_NODEFENSE_RUN_v1/raw_results/gpt-4o-mini/banking/user_task_14/tool_knowledge/injection_task_0.json	6652	302bd2a8b14f4d82896d2d1394ae1787af2600353e88056ac32ea5865c54d6e5
P2_AGENTWATCHER_NODEFENSE_RUN_v1/raw_results/gpt-4o-mini/banking/user_task_14/tool_knowledge/injection_task_2.json	6618	e19c0c18e910bf1900ec4f0be6100c6c067aa06f6ff1fcf6d03ea9fe6ab8e156
P2_AGENTWATCHER_NODEFENSE_RUN_v1/raw_results/gpt-4o-mini/banking/user_task_14/tool_knowledge/injection_task_5.json	6498	4e66402252a6a85df4f8ebd4d3054e41645b174c8072e6a29ff18d8c7a67a4ac
P2_AGENTWATCHER_NODEFENSE_RUN_v1/raw_results/gpt-4o-mini/banking/user_task_14/tool_knowledge/injection_task_8.json	6727	b67956f5492329b460db0cf86adab28286148aa48e8156125443b1647eaa7604
P2_AGENTWATCHER_NODEFENSE_RUN_v1/raw_results/gpt-4o-mini/banking/user_task_2/tool_knowledge/injection_task_0.json	10408	b10c3b4b8ecc78f9ed16c491e68cf9d688d53cb11fb5bb70ed221803d7c5074f
P2_AGENTWATCHER_NODEFENSE_RUN_v1/raw_results/gpt-4o-mini/banking/user_task_2/tool_knowledge/injection_task_3.json	10303	0c01808af45b3c8395c29055a3418a63eeb03549b5a649e55028101982e89f28
P2_AGENTWATCHER_NODEFENSE_RUN_v1/raw_results/gpt-4o-mini/banking/user_task_3/tool_knowledge/injection_task_6.json	8775	2ae98b1b5c3bf30e4db3396cdb219bb02f9a7ba0c7850afa0a78b3863287b083
P2_AGENTWATCHER_NODEFENSE_RUN_v1/raw_results/gpt-4o-mini/banking/user_task_3/tool_knowledge/injection_task_8.json	10032	f9dc734532ac5e73e572ffaa5df7edda7fb0ee0fdb777ea980602007b40e27cb
P2_AGENTWATCHER_NODEFENSE_RUN_v1/raw_results/gpt-4o-mini/banking/user_task_4/tool_knowledge/injection_task_0.json	3562	6b368328f0cbf6a7cf4bb8dafe2674d54c3d53a12f9f9a7c0f95505506338bf3
P2_AGENTWATCHER_NODEFENSE_RUN_v1/raw_results/gpt-4o-mini/banking/user_task_4/tool_knowledge/injection_task_2.json	7531	b237a195bc0ad6d47ca875b2440a15ed67e93895b3625eda319892d59a95e7d4
P2_AGENTWATCHER_NODEFENSE_RUN_v1/raw_results/gpt-4o-mini/banking/user_task_4/tool_knowledge/injection_task_3.json	2670	c09f697fb52615ab7716955f44c541e7616eda756e58822dea6942cccb2556b8
P2_AGENTWATCHER_NODEFENSE_RUN_v1/raw_results/gpt-4o-mini/banking/user_task_5/tool_knowledge/injection_task_1.json	8212	6728ec32fe1e4d6f67a29321d408175798b75c08f41f66de9397e9649b712257
P2_AGENTWATCHER_NODEFENSE_RUN_v1/raw_results/gpt-4o-mini/banking/user_task_5/tool_knowledge/injection_task_2.json	8110	cb78344895f26816966ca464a97bdb3ba06896d204f45b922ce0f6974a2f3b73
P2_AGENTWATCHER_NODEFENSE_RUN_v1/raw_results/gpt-4o-mini/banking/user_task_6/tool_knowledge/injection_task_0.json	6985	08f10e2bc9ddfe7fbfde915a431d431c6896d482536d900371f83821695ca900
P2_AGENTWATCHER_NODEFENSE_RUN_v1/raw_results/gpt-4o-mini/banking/user_task_6/tool_knowledge/injection_task_4.json	6879	165580a558203a058c885d801972bb389a69e910b7e9f7c8fb224d35952c5879
P2_AGENTWATCHER_NODEFENSE_RUN_v1/raw_results/gpt-4o-mini/banking/user_task_6/tool_knowledge/injection_task_5.json	6825	4bd0d2d70cbd7454c08e3ccba35c40cdb0b580d84fdf81cfa35bb4ce7e94dfaf
P2_AGENTWATCHER_NODEFENSE_RUN_v1/raw_results/gpt-4o-mini/banking/user_task_6/tool_knowledge/injection_task_8.json	7174	cb97d69273e50d8f1256914f0a13bda3986cd005ef1eeef2465a1e6b4f538f24
P2_AGENTWATCHER_NODEFENSE_RUN_v1/raw_results/gpt-4o-mini/banking/user_task_7/tool_knowledge/injection_task_1.json	5322	2ecebe87fac39d587fc2718e9da47b615799fa95bfcad1142837bf8a21e796f0
P2_AGENTWATCHER_NODEFENSE_RUN_v1/raw_results/gpt-4o-mini/banking/user_task_7/tool_knowledge/injection_task_5.json	5128	184b7d66a57df47ba8fc48dafcf2513134275e2cd9e0637786057416bcde9c81
P2_AGENTWATCHER_NODEFENSE_RUN_v1/raw_results/gpt-4o-mini/banking/user_task_8/tool_knowledge/injection_task_1.json	13261	cc1d791b1f79f0d19f24524336bd86210570d2a5ae45a63507ba3f4ad26e1aa1
P2_AGENTWATCHER_NODEFENSE_RUN_v1/raw_results/gpt-4o-mini/banking/user_task_8/tool_knowledge/injection_task_5.json	12276	c80024252ea1544e95f2c85ae78add1d347f30c7e0f66dfe6cbdb4780063020e
P2_AGENTWATCHER_NODEFENSE_RUN_v1/raw_results/gpt-4o-mini/banking/user_task_9/tool_knowledge/injection_task_0.json	4175	aaf4605499d2e1cd6ad4dc15023354223c8432c9bb6a26c04ae153368ecc24a1
P2_AGENTWATCHER_NODEFENSE_RUN_v1/raw_results/gpt-4o-mini/banking/user_task_9/tool_knowledge/injection_task_3.json	4993	7596e82b13aa145efaaf85ff951f80b7131d7528be151b713e639979feed790e
P2_AGENTWATCHER_NODEFENSE_RUN_v1/raw_results/gpt-4o-mini/banking/user_task_9/tool_knowledge/injection_task_5.json	4069	be77922cafcd4f2a77bf6fa984203c1d89d74eaedbb400bd10f3e1bf3a3c0581
P2_AGENTWATCHER_NODEFENSE_RUN_v1/raw_results/gpt-4o-mini/slack/injection_task_1/none/none.json	2850	989924586fb71378fee54807d8e3d9bc09e58d7fb77ae0582b097846278a98e4
P2_AGENTWATCHER_NODEFENSE_RUN_v1/raw_results/gpt-4o-mini/slack/injection_task_2/none/none.json	8850	395ab7396d353b7ad50f7221e1d9ee44868cefd339d301d22dff7ee96a649d5c
P2_AGENTWATCHER_NODEFENSE_RUN_v1/raw_results/gpt-4o-mini/slack/injection_task_3/none/none.json	4825	db5ab7c2b78c377097bcac9de756c301969722b3c9fbd44316d9d4b5290971cf
P2_AGENTWATCHER_NODEFENSE_RUN_v1/raw_results/gpt-4o-mini/slack/injection_task_4/none/none.json	5584	1eaf4a32d959e795a63a0ffa45acfd2c95158af1b119ef6e82e1975db4b5e1d8
P2_AGENTWATCHER_NODEFENSE_RUN_v1/raw_results/gpt-4o-mini/slack/injection_task_5/none/none.json	9614	6cfa61e07c332068df63303cbbfca0c95ffa4163ca718ca95df54a25abb01d90
P2_AGENTWATCHER_NODEFENSE_RUN_v1/raw_results/gpt-4o-mini/slack/user_task_1/tool_knowledge/injection_task_1.json	9233	a77b65008777b1bd8f1ef2ad2b99e67ecea639f4114707eb6664b6e82b14ef99
P2_AGENTWATCHER_NODEFENSE_RUN_v1/raw_results/gpt-4o-mini/slack/user_task_1/tool_knowledge/injection_task_4.json	11122	a351add6c88a50b862966d0f3e27bf50875c95bde62aa0c4ad2c5ee928c21600
P2_AGENTWATCHER_NODEFENSE_RUN_v1/raw_results/gpt-4o-mini/slack/user_task_10/tool_knowledge/injection_task_3.json	18107	89e388ff625679094b33d5050088b05b3a5026b1c6d6ba710e9c4ea49b496b0e
P2_AGENTWATCHER_NODEFENSE_RUN_v1/raw_results/gpt-4o-mini/slack/user_task_11/tool_knowledge/injection_task_5.json	7835	c477efbe76ff15c759b50d8b6d6933a4be5f49f9551162d0ed616cde7332ed06
P2_AGENTWATCHER_NODEFENSE_RUN_v1/raw_results/gpt-4o-mini/slack/user_task_12/tool_knowledge/injection_task_1.json	9293	d6f69d60b7c518b77e0aaf673fc1350bb0a65260aa597923f72dd2eddf557d53
P2_AGENTWATCHER_NODEFENSE_RUN_v1/raw_results/gpt-4o-mini/slack/user_task_12/tool_knowledge/injection_task_2.json	13093	080cdc0f629ac524efb5c62489cbf40e3f200ec416924db86d17414b5b166801
P2_AGENTWATCHER_NODEFENSE_RUN_v1/raw_results/gpt-4o-mini/slack/user_task_12/tool_knowledge/injection_task_4.json	7564	37402eb3cd3505aad221918ee9df9d9a80fd3a8772d11e32024062c3ab817140
P2_AGENTWATCHER_NODEFENSE_RUN_v1/raw_results/gpt-4o-mini/slack/user_task_13/tool_knowledge/injection_task_5.json	14674	421edc21e7ad10950bd32510505c4e8676f5d0c234151939c7a71449287e1ed8
P2_AGENTWATCHER_NODEFENSE_RUN_v1/raw_results/gpt-4o-mini/slack/user_task_15/tool_knowledge/injection_task_1.json	11751	f0a65ec1e97e41b853dfba5cdb6a9302d2fd2328ea954c08a7627d552811734d
P2_AGENTWATCHER_NODEFENSE_RUN_v1/raw_results/gpt-4o-mini/slack/user_task_15/tool_knowledge/injection_task_5.json	12940	6af9637728e9c29889230f62a3bd33b9841e89dffa68006cd52213c21dcc0856
P2_AGENTWATCHER_NODEFENSE_RUN_v1/raw_results/gpt-4o-mini/slack/user_task_16/tool_knowledge/injection_task_4.json	10889	d440cad6d29ddfd6cbda1624406aa599568d7b5326628664660870aee841a7e9
P2_AGENTWATCHER_NODEFENSE_RUN_v1/raw_results/gpt-4o-mini/slack/user_task_17/tool_knowledge/injection_task_3.json	7470	3a2f226dbcfdb94fbe52a5e3567dd69e57241031904fd2d76b9a471f3c6aed5a
P2_AGENTWATCHER_NODEFENSE_RUN_v1/raw_results/gpt-4o-mini/slack/user_task_17/tool_knowledge/injection_task_4.json	11293	f96e3eb60a87799d072e8e4ea5e46802d53a9b30b7d0db072da509623e56fc65
P2_AGENTWATCHER_NODEFENSE_RUN_v1/raw_results/gpt-4o-mini/slack/user_task_18/tool_knowledge/injection_task_2.json	17789	4fbfcb926ad781c6ce78755b6ce12a507a9c02a2cce8b02d8ec6aae0c597307e
P2_AGENTWATCHER_NODEFENSE_RUN_v1/raw_results/gpt-4o-mini/slack/user_task_18/tool_knowledge/injection_task_3.json	14966	79f7dbbd8427ca6a1a2486b702eaace7ac62d28bb020ff2e5e34747648d98d56
P2_AGENTWATCHER_NODEFENSE_RUN_v1/raw_results/gpt-4o-mini/slack/user_task_19/tool_knowledge/injection_task_1.json	11911	5eb6ae49bf0e9e134e818913480e772781d5de00168035e40db786e3492af74b
P2_AGENTWATCHER_NODEFENSE_RUN_v1/raw_results/gpt-4o-mini/slack/user_task_19/tool_knowledge/injection_task_2.json	15633	7598aa8178e64b5237c2f81cab566817302905d2cd79be6a44b4048d137182de
P2_AGENTWATCHER_NODEFENSE_RUN_v1/raw_results/gpt-4o-mini/slack/user_task_19/tool_knowledge/injection_task_3.json	10699	7a07e4af96a5435ba1597a4706608eb428fa15da14330c2258ecd13c14e6f0df
P2_AGENTWATCHER_NODEFENSE_RUN_v1/raw_results/gpt-4o-mini/slack/user_task_19/tool_knowledge/injection_task_5.json	21085	e943bb83dd2c67534806f196fcdcfbea460199af54d70f844add78b363727c61
P2_AGENTWATCHER_NODEFENSE_RUN_v1/raw_results/gpt-4o-mini/slack/user_task_2/tool_knowledge/injection_task_1.json	6366	483e9e816144baa170e44bfcd861dbac2946cb819b89381d4a60531f150f8ccd
P2_AGENTWATCHER_NODEFENSE_RUN_v1/raw_results/gpt-4o-mini/slack/user_task_20/tool_knowledge/injection_task_4.json	18958	91f4edd4a127a6c00aa0601f633d63b2e8c6044f8faf396886d39efebe11b505
P2_AGENTWATCHER_NODEFENSE_RUN_v1/raw_results/gpt-4o-mini/slack/user_task_20/tool_knowledge/injection_task_5.json	20810	2ab1970e05ffd39e70059c7868a467facd346d3462ac8d054851004d20f0ac5f
P2_AGENTWATCHER_NODEFENSE_RUN_v1/raw_results/gpt-4o-mini/slack/user_task_3/tool_knowledge/injection_task_2.json	13402	513147b465b70c4ac7ae167f7b88d2de4538432eca13eb93e087e0c0c3a34563
P2_AGENTWATCHER_NODEFENSE_RUN_v1/raw_results/gpt-4o-mini/slack/user_task_3/tool_knowledge/injection_task_3.json	6363	9375fb4562de2a195baa50a9b70ad477238fd1f6e082a6ba3a607c2fd86f4f12
P2_AGENTWATCHER_NODEFENSE_RUN_v1/raw_results/gpt-4o-mini/slack/user_task_4/tool_knowledge/injection_task_4.json	14816	e95b657235a36338d85dd9d193091ef36dfd5f3164b4d14a064e43e76e9e52ee
P2_AGENTWATCHER_NODEFENSE_RUN_v1/raw_results/gpt-4o-mini/slack/user_task_6/tool_knowledge/injection_task_3.json	8612	c38d047e0e313bee116dd03ecb53ba16b79614c1f625b97d3abad6c6c00ccb78
P2_AGENTWATCHER_NODEFENSE_RUN_v1/raw_results/gpt-4o-mini/slack/user_task_7/tool_knowledge/injection_task_2.json	19985	63960b41fc184d5546c19896dd9695f057b3752f9be398ae882a6a736b8c2088
P2_AGENTWATCHER_NODEFENSE_RUN_v1/raw_results/gpt-4o-mini/slack/user_task_8/tool_knowledge/injection_task_2.json	19141	7e91f418c61a9bedf0c49f0941c7d5b0a7f9847e02108ac318710f2d49132abe
P2_AGENTWATCHER_NODEFENSE_RUN_v1/raw_results/gpt-4o-mini/slack/user_task_9/tool_knowledge/injection_task_2.json	19426	7f17af0f2fce07f45da1da8dc03538e28afefe1ee5ffdc2bbe05ed6a5abb8381
P2_AGENTWATCHER_NODEFENSE_RUN_v1/raw_results/gpt-4o-mini/travel/injection_task_0/none/none.json	3142	be91b99aaf38bfccaacfed1acc2835763cff711d892f715fb5272c307e4b1822
P2_AGENTWATCHER_NODEFENSE_RUN_v1/raw_results/gpt-4o-mini/travel/injection_task_1/none/none.json	9297	bb22008d08c93272e3984789a98e334f7b85d05ef159c2a9e0bf2b687225e22f
P2_AGENTWATCHER_NODEFENSE_RUN_v1/raw_results/gpt-4o-mini/travel/injection_task_2/none/none.json	3667	791793bc8bdff771168b96e23d9a084fe8e11c373eabd46f9490e89f4a35a4e4
P2_AGENTWATCHER_NODEFENSE_RUN_v1/raw_results/gpt-4o-mini/travel/injection_task_3/none/none.json	5670	b16941a9efd6203e1c1865e05382e951cef0dc73a37d27875ad8d68df946198a
P2_AGENTWATCHER_NODEFENSE_RUN_v1/raw_results/gpt-4o-mini/travel/injection_task_4/none/none.json	5611	cc5a512ef427354661cf15c6cfd1f547714b644a9b8076f8e35b2de728e89a28
P2_AGENTWATCHER_NODEFENSE_RUN_v1/raw_results/gpt-4o-mini/travel/injection_task_5/none/none.json	7880	f041725f366d7ec6ad5982a768e51d04310bda0189b5375ad1528ef2ee3e66a1
P2_AGENTWATCHER_NODEFENSE_RUN_v1/raw_results/gpt-4o-mini/travel/injection_task_6/none/none.json	1750	aacc5e3bbdbc8a15eb5f21aa63cc5811b43dc681f116fe612c2fbca190d77e2d
P2_AGENTWATCHER_NODEFENSE_RUN_v1/raw_results/gpt-4o-mini/travel/user_task_0/tool_knowledge/injection_task_4.json	10375	a9bbe8734a73d5f7203b76649ff12d06bb4b6ad8bf5d507c8de1d56c28ed13f1
P2_AGENTWATCHER_NODEFENSE_RUN_v1/raw_results/gpt-4o-mini/travel/user_task_0/tool_knowledge/injection_task_5.json	7345	9cd7f71ece04c66784e3d7810eee8c7d299712c31cf52b2153c33e29a32f9ea8
P2_AGENTWATCHER_NODEFENSE_RUN_v1/raw_results/gpt-4o-mini/travel/user_task_1/tool_knowledge/injection_task_2.json	9528	b2f8e1b425683e4350e0d7b82096f1994ee1311969c622473f1e9aad9ac5edfa
P2_AGENTWATCHER_NODEFENSE_RUN_v1/raw_results/gpt-4o-mini/travel/user_task_10/tool_knowledge/injection_task_2.json	13732	91933a858d45d143db60822d00579d66a3a23209572e8b037bec522bf882c09a
P2_AGENTWATCHER_NODEFENSE_RUN_v1/raw_results/gpt-4o-mini/travel/user_task_11/tool_knowledge/injection_task_2.json	18265	f4927cd6da49385fd6eba8122178fad56c7f090f9a5f264c9c60a97204bca973
P2_AGENTWATCHER_NODEFENSE_RUN_v1/raw_results/gpt-4o-mini/travel/user_task_11/tool_knowledge/injection_task_4.json	19553	45de15bf30101441c0f0db74b393f510f654791e2fd8f172117fcf79b34839ed
P2_AGENTWATCHER_NODEFENSE_RUN_v1/raw_results/gpt-4o-mini/travel/user_task_11/tool_knowledge/injection_task_5.json	23839	93fab26b91762b78f1c4b12649e2fbe5c48ea2336ed6664fb5b00f29b0e3bc04
P2_AGENTWATCHER_NODEFENSE_RUN_v1/raw_results/gpt-4o-mini/travel/user_task_12/tool_knowledge/injection_task_5.json	46455	0901d6051a0cab4b2f67f601efd53165263f96ca6a268c7544a743068ff9b2ba
P2_AGENTWATCHER_NODEFENSE_RUN_v1/raw_results/gpt-4o-mini/travel/user_task_13/tool_knowledge/injection_task_2.json	11903	9a3251c465d6f2b90b06f1af26f5d41cdc0476434c523618e6b3b031aa5783e5
P2_AGENTWATCHER_NODEFENSE_RUN_v1/raw_results/gpt-4o-mini/travel/user_task_13/tool_knowledge/injection_task_3.json	15901	c729838ac5204e8d761702a9c6f6ba8fd4ab019e5b9be71e724067935218646f
P2_AGENTWATCHER_NODEFENSE_RUN_v1/raw_results/gpt-4o-mini/travel/user_task_13/tool_knowledge/injection_task_4.json	12169	5da443e5d06c46c543ac2009298bdd80e7e1a4981101434f2910e51d0e3c73ee
P2_AGENTWATCHER_NODEFENSE_RUN_v1/raw_results/gpt-4o-mini/travel/user_task_14/tool_knowledge/injection_task_4.json	11284	fe5a684fe8795240c3695b88f0fda9b49f94bcacdd8ffc3b0c3ad7d6bc4bc548
P2_AGENTWATCHER_NODEFENSE_RUN_v1/raw_results/gpt-4o-mini/travel/user_task_14/tool_knowledge/injection_task_6.json	14813	03d220ed7da6280d5af0eb7da7537f88cce91576a686430052ea27733a74463d
P2_AGENTWATCHER_NODEFENSE_RUN_v1/raw_results/gpt-4o-mini/travel/user_task_15/tool_knowledge/injection_task_5.json	19065	bee7be82dbd1aeac79aa75eb5e81eebb1fe98efa1d661c56eed633a021397d98
P2_AGENTWATCHER_NODEFENSE_RUN_v1/raw_results/gpt-4o-mini/travel/user_task_15/tool_knowledge/injection_task_6.json	15920	d4d82fa8c6d60d7fe6716278c6a4b46c960964783a967d9ba57467bbc1ee5f23
P2_AGENTWATCHER_NODEFENSE_RUN_v1/raw_results/gpt-4o-mini/travel/user_task_16/tool_knowledge/injection_task_4.json	17084	34f287e2260be61a44826017e80efe65c689b6eb5c3ca1909a5c97418af508be
P2_AGENTWATCHER_NODEFENSE_RUN_v1/raw_results/gpt-4o-mini/travel/user_task_18/tool_knowledge/injection_task_5.json	22965	6d05cb9bfb592f57f217e648311fd73c4cede20447b49941396afe3ee02e8f1c
P2_AGENTWATCHER_NODEFENSE_RUN_v1/raw_results/gpt-4o-mini/travel/user_task_18/tool_knowledge/injection_task_6.json	16915	b2e270999eca55fc18a57238b9c86a7b3068c171eaf96bce2afd4312b701191c
P2_AGENTWATCHER_NODEFENSE_RUN_v1/raw_results/gpt-4o-mini/travel/user_task_19/tool_knowledge/injection_task_2.json	46202	188b57da392ffea1e65b337b4beb839726415bcdd7f386823163d1583a33f2b2
P2_AGENTWATCHER_NODEFENSE_RUN_v1/raw_results/gpt-4o-mini/travel/user_task_19/tool_knowledge/injection_task_4.json	39061	ce1c0eabfdb2005ca34873bd51c0cc6f5e088e9ba33ae551bbf800e0c5f60a52
P2_AGENTWATCHER_NODEFENSE_RUN_v1/raw_results/gpt-4o-mini/travel/user_task_19/tool_knowledge/injection_task_5.json	54394	70c90b7e09789357eb9a6b9bccadd7f7db8d8931f1fcd77e1ca97c8cb5759385
P2_AGENTWATCHER_NODEFENSE_RUN_v1/raw_results/gpt-4o-mini/travel/user_task_2/tool_knowledge/injection_task_5.json	21904	ce0783dbc4d7e56e628fa68c46f90b82d35649bb535d7304189992251bc44634
P2_AGENTWATCHER_NODEFENSE_RUN_v1/raw_results/gpt-4o-mini/travel/user_task_2/tool_knowledge/injection_task_6.json	17972	f34986c22bdb72ea9c1f89a2c46639d49ea1f2756c1e83c9bea95cfb9f9a5702
P2_AGENTWATCHER_NODEFENSE_RUN_v1/raw_results/gpt-4o-mini/travel/user_task_4/tool_knowledge/injection_task_2.json	15817	9cc7b6e71279d615f6c9ef254f77adf050c7b24e493306519291df4bd7ea2ea7
P2_AGENTWATCHER_NODEFENSE_RUN_v1/raw_results/gpt-4o-mini/travel/user_task_5/tool_knowledge/injection_task_1.json	23345	e999266aa62ae2d3b7313e4d2ead554bdbde0a4160765006d24e76ee8428359d
P2_AGENTWATCHER_NODEFENSE_RUN_v1/raw_results/gpt-4o-mini/travel/user_task_5/tool_knowledge/injection_task_2.json	16920	bc30a67bf9ee76c9f686ae4a3989a2bdefee8c19a9785967e6248923d4cd3bad
P2_AGENTWATCHER_NODEFENSE_RUN_v1/raw_results/gpt-4o-mini/travel/user_task_6/tool_knowledge/injection_task_0.json	20650	bd4a9952e8bd2e404c50ff45b5fcbbfcb9bd103488b2134e6cbbb148275197bf
P2_AGENTWATCHER_NODEFENSE_RUN_v1/raw_results/gpt-4o-mini/travel/user_task_6/tool_knowledge/injection_task_1.json	21740	754ea0022e066ea4a121b9984c557f83a3bc7ceaf2e2e12b9abad4c65c7bb86f
P2_AGENTWATCHER_NODEFENSE_RUN_v1/raw_results/gpt-4o-mini/travel/user_task_7/tool_knowledge/injection_task_0.json	19985	6a0d27438c31120d2be419bb07f4eb9c2efbc1d588a2e1feab8b3e223aaba66b
P2_AGENTWATCHER_NODEFENSE_RUN_v1/raw_results/gpt-4o-mini/travel/user_task_8/tool_knowledge/injection_task_1.json	17406	495e7d447ac14812ed96cc487b9cdbe8910df121ef78586c08873ee64646166b
P2_AGENTWATCHER_NODEFENSE_RUN_v1/raw_results/gpt-4o-mini/travel/user_task_8/tool_knowledge/injection_task_6.json	15691	fa145c9466a90ebbd514f3969cf32dc4ce078a5a5de9ce2c0d2ed3d6a33e2493
P2_AGENTWATCHER_NODEFENSE_RUN_v1/raw_results/gpt-4o-mini/travel/user_task_9/tool_knowledge/injection_task_6.json	11124	a0b20193072fce3a28632c76f1973d92136b91bbe0c8cc03858c4d1f783f2b83
P2_AGENTWATCHER_NODEFENSE_RUN_v1/raw_results/gpt-4o-mini/workspace/injection_task_0/none/none.json	3424	79782e568a6422cd0b1ff9e0a9537b100d1a79ddf715e5d24f61c93c521a90cc
P2_AGENTWATCHER_NODEFENSE_RUN_v1/raw_results/gpt-4o-mini/workspace/injection_task_1/none/none.json	3047	223d385dd150c6b14730d439b08340ba1eea589a0a8f7745985b910ba7c83b67
P2_AGENTWATCHER_NODEFENSE_RUN_v1/raw_results/gpt-4o-mini/workspace/injection_task_10/none/none.json	54462	5d332e666374114aecda5059f29dba3631fb83a5a25cdbc3dfc422c56676cc16
P2_AGENTWATCHER_NODEFENSE_RUN_v1/raw_results/gpt-4o-mini/workspace/injection_task_11/none/none.json	47747	a3a436b5fc1484c9f44e037495cc3e28accdcd690ecd755ac50c2a4ef2727382
P2_AGENTWATCHER_NODEFENSE_RUN_v1/raw_results/gpt-4o-mini/workspace/injection_task_12/none/none.json	49706	d9639c170e75ece590085fe3b3fce779962ccb77c09f096958c8926ba0f15857
P2_AGENTWATCHER_NODEFENSE_RUN_v1/raw_results/gpt-4o-mini/workspace/injection_task_13/none/none.json	15248	bf99372e8aa8bf1033676ee47b35e208c3263599a94b500ca4788f7a0c07ebea
P2_AGENTWATCHER_NODEFENSE_RUN_v1/raw_results/gpt-4o-mini/workspace/injection_task_2/none/none.json	3727	95d3a0ddae966e9fdcb63474644f2dff15573705717b0bf91e887f61209bd7db
P2_AGENTWATCHER_NODEFENSE_RUN_v1/raw_results/gpt-4o-mini/workspace/injection_task_3/none/none.json	15318	175f045d89b2fcd598911469d9a4b04e6f260494eff7261b63c511174d1a2268
P2_AGENTWATCHER_NODEFENSE_RUN_v1/raw_results/gpt-4o-mini/workspace/injection_task_4/none/none.json	15171	8c8b6cdb1fce6a089674ce19fc4f2a65ccb6efed80957385369c34ce433a8292
P2_AGENTWATCHER_NODEFENSE_RUN_v1/raw_results/gpt-4o-mini/workspace/injection_task_5/none/none.json	15795	f674ce2ebe87a377f7e83f31ee91488b15eeee4f2d1f426e9f8e60a534cd98a6
P2_AGENTWATCHER_NODEFENSE_RUN_v1/raw_results/gpt-4o-mini/workspace/injection_task_6/none/none.json	17205	6a67e0c5d601dc8231481130b5449ae4821f92f370f15a77251d82e3a6ce4fbb
P2_AGENTWATCHER_NODEFENSE_RUN_v1/raw_results/gpt-4o-mini/workspace/injection_task_7/none/none.json	51958	955bc4a3c7542a1431494c6604f589a5c95450afa96f614c713ab1e73af2d2f4
P2_AGENTWATCHER_NODEFENSE_RUN_v1/raw_results/gpt-4o-mini/workspace/injection_task_8/none/none.json	18534	74aafe0fcbd497f6fd276b4f5b90ca4768355db4f285c7543bbb82e7866a2877
P2_AGENTWATCHER_NODEFENSE_RUN_v1/raw_results/gpt-4o-mini/workspace/injection_task_9/none/none.json	18693	445f673e1508b2bc04166a2d4d3d2a5c6dcab66990cd2cd61292db706db8f75c
P2_AGENTWATCHER_NODEFENSE_RUN_v1/raw_results/gpt-4o-mini/workspace/user_task_0/tool_knowledge/injection_task_11.json	51885	beb4c6be7faec664ca7cb466cdb925196eecd5da1c56a385a57c9053b18cb604
P2_AGENTWATCHER_NODEFENSE_RUN_v1/raw_results/gpt-4o-mini/workspace/user_task_0/tool_knowledge/injection_task_3.json	10495	0e65af3246c6eea3f2ec312b6d902b62fa93e65ceac727922ed4f1fb4ee8c5fb
P2_AGENTWATCHER_NODEFENSE_RUN_v1/raw_results/gpt-4o-mini/workspace/user_task_0/tool_knowledge/injection_task_6.json	26487	9f00b03ab8aa5ce4ef32f90e8bb46bc2f92f039a88a920e1259317404d943b66
P2_AGENTWATCHER_NODEFENSE_RUN_v1/raw_results/gpt-4o-mini/workspace/user_task_1/tool_knowledge/injection_task_11.json	5938	4826fb13dc0e49177c6c985a5a17797466df6c2afef0902ead412cdc54ed09fc
P2_AGENTWATCHER_NODEFENSE_RUN_v1/raw_results/gpt-4o-mini/workspace/user_task_1/tool_knowledge/injection_task_13.json	16115	c58530578d7644950055a75065fdf1715a97a9954c47a391ec9ef29f91f4ecc8
P2_AGENTWATCHER_NODEFENSE_RUN_v1/raw_results/gpt-4o-mini/workspace/user_task_10/tool_knowledge/injection_task_1.json	6328	a3a8905337ada47771d2ba23ee9c3936c31ee8561d1cde2b0e6b0b206c149e9b
P2_AGENTWATCHER_NODEFENSE_RUN_v1/raw_results/gpt-4o-mini/workspace/user_task_11/tool_knowledge/injection_task_1.json	7552	fed22fd3635591c782d676420ad854716c1e9a86580dbcc4a2cdada81d33ea8a
P2_AGENTWATCHER_NODEFENSE_RUN_v1/raw_results/gpt-4o-mini/workspace/user_task_11/tool_knowledge/injection_task_2.json	6438	546c750f59fd15eb651ff7e55c4dea381abfda9ff94de122d0a4e28a0e0eed31
P2_AGENTWATCHER_NODEFENSE_RUN_v1/raw_results/gpt-4o-mini/workspace/user_task_11/tool_knowledge/injection_task_6.json	6338	26a67ea51444a74b8cbb7439c38a255e3e19c5d475338217f1fc8728203ece0c
P2_AGENTWATCHER_NODEFENSE_RUN_v1/raw_results/gpt-4o-mini/workspace/user_task_12/tool_knowledge/injection_task_12.json	8312	bb710f32b0983df0db7245ccf9125eb9c11556ff404d782e632bbd11a59e62ac
P2_AGENTWATCHER_NODEFENSE_RUN_v1/raw_results/gpt-4o-mini/workspace/user_task_12/tool_knowledge/injection_task_13.json	8309	c8df54263535f0e5c3ea6b60a3bdbf8a6659f80e187fefa0108f8319ff195ebd
P2_AGENTWATCHER_NODEFENSE_RUN_v1/raw_results/gpt-4o-mini/workspace/user_task_12/tool_knowledge/injection_task_2.json	8251	045d5610915876beeb34c7018f4642fc0b6425a1e2adca3bba58af4f6519966d
P2_AGENTWATCHER_NODEFENSE_RUN_v1/raw_results/gpt-4o-mini/workspace/user_task_12/tool_knowledge/injection_task_5.json	8628	bbec660d89e53fbbaacb27c41bceaee4e1a51d4ad313088180a1885758ed9137
P2_AGENTWATCHER_NODEFENSE_RUN_v1/raw_results/gpt-4o-mini/workspace/user_task_12/tool_knowledge/injection_task_7.json	8285	a43b099a1302069296d04c35274f78814e6f59eec8d9f95bb67e9b63e50151c3
P2_AGENTWATCHER_NODEFENSE_RUN_v1/raw_results/gpt-4o-mini/workspace/user_task_12/tool_knowledge/injection_task_9.json	8522	798e53f199446678ed6c521942e60300ac51a83b8c2431c19156656f0c623579
P2_AGENTWATCHER_NODEFENSE_RUN_v1/raw_results/gpt-4o-mini/workspace/user_task_13/tool_knowledge/injection_task_11.json	33483	3b9ed1ea97e95266edf7fc350279fc452efb79854e2a969b6e2295dbf4f3bb26
P2_AGENTWATCHER_NODEFENSE_RUN_v1/raw_results/gpt-4o-mini/workspace/user_task_14/tool_knowledge/injection_task_0.json	6727	f45d015afb59afc16dcc7ee1a85cad3427107b498a6fe6a5a52897fd875d0f2c
P2_AGENTWATCHER_NODEFENSE_RUN_v1/raw_results/gpt-4o-mini/workspace/user_task_15/tool_knowledge/injection_task_3.json	9796	191eb7ad2cbfa770800c3e6d5038bf0305f20eaccd87338e852764d0380a44c3
P2_AGENTWATCHER_NODEFENSE_RUN_v1/raw_results/gpt-4o-mini/workspace/user_task_15/tool_knowledge/injection_task_6.json	9741	d83abbb42b824bf36c0cb7a5ebcc355cd332082da35553407074aab05c5560f6
P2_AGENTWATCHER_NODEFENSE_RUN_v1/raw_results/gpt-4o-mini/workspace/user_task_15/tool_knowledge/injection_task_9.json	9545	b314aac40bbd5e180b551435d234fd5bbce86c6f8cdf4ea264681f64ab4cf771
P2_AGENTWATCHER_NODEFENSE_RUN_v1/raw_results/gpt-4o-mini/workspace/user_task_16/tool_knowledge/injection_task_0.json	14265	9f88be71a3f7c54100435520605becdb6d03b6bf66436cebd1673250aedab0b9
P2_AGENTWATCHER_NODEFENSE_RUN_v1/raw_results/gpt-4o-mini/workspace/user_task_16/tool_knowledge/injection_task_7.json	7048	c94d876f522aac1612105cbead560f7c6e89a96729e52878792ec1bb39d116ca
P2_AGENTWATCHER_NODEFENSE_RUN_v1/raw_results/gpt-4o-mini/workspace/user_task_17/tool_knowledge/injection_task_10.json	6479	a6f9a2c80dfb6aad63c12951b3140519656664b99d85878535cf1329ae69e71d
P2_AGENTWATCHER_NODEFENSE_RUN_v1/raw_results/gpt-4o-mini/workspace/user_task_17/tool_knowledge/injection_task_13.json	6935	c649f71038844b50dfc5aa534931f179dcc5137b4d00d63bdd13b5946a16758e
P2_AGENTWATCHER_NODEFENSE_RUN_v1/raw_results/gpt-4o-mini/workspace/user_task_17/tool_knowledge/injection_task_4.json	15085	5a28f24573a5a3e841b8ece3c7cdf354e2e29c8aa98ddfba6c708191d2b50a59
P2_AGENTWATCHER_NODEFENSE_RUN_v1/raw_results/gpt-4o-mini/workspace/user_task_17/tool_knowledge/injection_task_6.json	6555	a7bd18efd5a68b5b72bf3259f18b616f4e224c0745b6d806a1995348db3feeae
P2_AGENTWATCHER_NODEFENSE_RUN_v1/raw_results/gpt-4o-mini/workspace/user_task_17/tool_knowledge/injection_task_7.json	6883	a6dbe4af7834200e6ab2ba0578d927bb0bb54aef0b1a5070c27b2fb0c69121c9
P2_AGENTWATCHER_NODEFENSE_RUN_v1/raw_results/gpt-4o-mini/workspace/user_task_18/tool_knowledge/injection_task_1.json	8707	551e78f16840c8564b220e436014086d7e146d2c51f2c54bb879ad988a835b8c
P2_AGENTWATCHER_NODEFENSE_RUN_v1/raw_results/gpt-4o-mini/workspace/user_task_18/tool_knowledge/injection_task_10.json	8850	0523cd39266039d92e862920a76cb3d2f5b4d6e1b9a41724d7f08d3d1a99a966
P2_AGENTWATCHER_NODEFENSE_RUN_v1/raw_results/gpt-4o-mini/workspace/user_task_18/tool_knowledge/injection_task_11.json	9053	cc5ed84e53891171205a829d8dde835b65a303feddfce71c3499fc8711d360ff
P2_AGENTWATCHER_NODEFENSE_RUN_v1/raw_results/gpt-4o-mini/workspace/user_task_18/tool_knowledge/injection_task_12.json	9257	8476fd052aa3ebb0b5d50eb5d7a9a60e74c1b022ef06f9bd6d5796a7a8208000
P2_AGENTWATCHER_NODEFENSE_RUN_v1/raw_results/gpt-4o-mini/workspace/user_task_18/tool_knowledge/injection_task_9.json	9472	6cc1c89830a032f0b9bc6c771c49face1df245e4a4d1f5a773d42bccc4714f28
P2_AGENTWATCHER_NODEFENSE_RUN_v1/raw_results/gpt-4o-mini/workspace/user_task_2/tool_knowledge/injection_task_2.json	7601	103276e7447797a3b0da33a814b4329127c2a3541034175d46ae313b075998b2
P2_AGENTWATCHER_NODEFENSE_RUN_v1/raw_results/gpt-4o-mini/workspace/user_task_2/tool_knowledge/injection_task_4.json	8245	2d0a55709b3413fdf7f886cbca9808422e229c788fcdde41bebcf0c2737f2bb0
P2_AGENTWATCHER_NODEFENSE_RUN_v1/raw_results/gpt-4o-mini/workspace/user_task_2/tool_knowledge/injection_task_6.json	7296	6ffd2c4e200979d8e02f234861acae0229fcc951c1cd4159d3d6c1d6180e6455
P2_AGENTWATCHER_NODEFENSE_RUN_v1/raw_results/gpt-4o-mini/workspace/user_task_20/tool_knowledge/injection_task_2.json	9429	d25bd434820fd09c73c00895349481ed42e26a85125b31a7da146ae1cd5d8f46
P2_AGENTWATCHER_NODEFENSE_RUN_v1/raw_results/gpt-4o-mini/workspace/user_task_20/tool_knowledge/injection_task_4.json	9906	19b2905a80d333eb98e439e1cc10af2fef74955102b3dd827d83d4324629f81c
P2_AGENTWATCHER_NODEFENSE_RUN_v1/raw_results/gpt-4o-mini/workspace/user_task_21/tool_knowledge/injection_task_7.json	12387	a7f10e3ade1553962b5b399289a73a271eded7eaeff5ee434b0082eb22133e6d
P2_AGENTWATCHER_NODEFENSE_RUN_v1/raw_results/gpt-4o-mini/workspace/user_task_22/tool_knowledge/injection_task_0.json	8224	5fd460db7429d18922b915ab2cc4c2aae1b456e8b093dc9dcaf715094b27acdc
P2_AGENTWATCHER_NODEFENSE_RUN_v1/raw_results/gpt-4o-mini/workspace/user_task_22/tool_knowledge/injection_task_1.json	14194	68847594152cb7692d3e61f96f6ad3ab1c75c75b5a01449628e5e11e368eb9da
P2_AGENTWATCHER_NODEFENSE_RUN_v1/raw_results/gpt-4o-mini/workspace/user_task_22/tool_knowledge/injection_task_10.json	6684	b3ac3b0d9cd291df19e82d682cdccec3ebd91b4cb45184e464a92b35327b38ca
P2_AGENTWATCHER_NODEFENSE_RUN_v1/raw_results/gpt-4o-mini/workspace/user_task_22/tool_knowledge/injection_task_4.json	15376	0595e2131cfcafb9d75fd992ec63b00772a3557688a4118157d6f0a47e696aa8
P2_AGENTWATCHER_NODEFENSE_RUN_v1/raw_results/gpt-4o-mini/workspace/user_task_22/tool_knowledge/injection_task_9.json	7715	0f7a55e763ab4d50c569ba1df76207672dd43d0bb97e405cce3045f94a36d8b0
P2_AGENTWATCHER_NODEFENSE_RUN_v1/raw_results/gpt-4o-mini/workspace/user_task_23/tool_knowledge/injection_task_11.json	37701	d5a1a7eaf16f7df477834e7a56637c29a0dccec8bf2f3ea0106f7c028f74f31c
P2_AGENTWATCHER_NODEFENSE_RUN_v1/raw_results/gpt-4o-mini/workspace/user_task_23/tool_knowledge/injection_task_2.json	19356	30b34bd77778a47d94ef056600ffc88ee8285ff70e72b23a7e659aa9a3eea2a9
P2_AGENTWATCHER_NODEFENSE_RUN_v1/raw_results/gpt-4o-mini/workspace/user_task_23/tool_knowledge/injection_task_7.json	55818	7016db4b04eeb0cb8f9989b216dcca1200588b7567f238596d468b47d47001f2
P2_AGENTWATCHER_NODEFENSE_RUN_v1/raw_results/gpt-4o-mini/workspace/user_task_23/tool_knowledge/injection_task_8.json	18995	13339ef572a907d9351e00b676bba2dd8c34eba3d116b9f2a5db3592fe2c7fe5
P2_AGENTWATCHER_NODEFENSE_RUN_v1/raw_results/gpt-4o-mini/workspace/user_task_24/tool_knowledge/injection_task_0.json	10449	173cf3a4e7c1b04307695d94a9af226845e5fe84c951081364b6659e02b3594e
P2_AGENTWATCHER_NODEFENSE_RUN_v1/raw_results/gpt-4o-mini/workspace/user_task_24/tool_knowledge/injection_task_12.json	8886	f833467674991c001bb1354eca8a72704092307191a140c8e252b857121eeaf4
P2_AGENTWATCHER_NODEFENSE_RUN_v1/raw_results/gpt-4o-mini/workspace/user_task_25/tool_knowledge/injection_task_11.json	42177	73a67d18f9e86c61aa0ab51570a855b8df90306fa20e8ca8118458b6e5baa9f3
P2_AGENTWATCHER_NODEFENSE_RUN_v1/raw_results/gpt-4o-mini/workspace/user_task_25/tool_knowledge/injection_task_4.json	40130	d0f3af9d3d5cb56c3840f8c7bace5ffa19640375191d7abf1f00976936e11996
P2_AGENTWATCHER_NODEFENSE_RUN_v1/raw_results/gpt-4o-mini/workspace/user_task_26/tool_knowledge/injection_task_0.json	36069	91fdf8c96dd841ac999d537b1dbf6e9f4fc8f07815a37a79f06c8d88b310f607
P2_AGENTWATCHER_NODEFENSE_RUN_v1/raw_results/gpt-4o-mini/workspace/user_task_26/tool_knowledge/injection_task_5.json	38040	3ce2e4ba4bdfd307f0284c89196970b2b6f2b36cf570e6b4d0e0c5a293196363
P2_AGENTWATCHER_NODEFENSE_RUN_v1/raw_results/gpt-4o-mini/workspace/user_task_27/tool_knowledge/injection_task_10.json	35307	354f8b8581d50fb18c3f611d89ce687f6345400273fc61a160b3c3a9ae8263c0
P2_AGENTWATCHER_NODEFENSE_RUN_v1/raw_results/gpt-4o-mini/workspace/user_task_27/tool_knowledge/injection_task_3.json	37449	d9dfae1fcaec51e23be376afec9c59785aab438652208fc8d63051834ddb2b00
P2_AGENTWATCHER_NODEFENSE_RUN_v1/raw_results/gpt-4o-mini/workspace/user_task_27/tool_knowledge/injection_task_4.json	39499	68d417adcc844cd83cd627cb339f2c43028c1088469c011ccdab4845d1994188
P2_AGENTWATCHER_NODEFENSE_RUN_v1/raw_results/gpt-4o-mini/workspace/user_task_27/tool_knowledge/injection_task_5.json	38238	057c8450589e9b4bb66b23713e136b7b2e2084dfb2fe2537efebcf268ac495b5
P2_AGENTWATCHER_NODEFENSE_RUN_v1/raw_results/gpt-4o-mini/workspace/user_task_27/tool_knowledge/injection_task_7.json	37994	3e3492e0722cd86004615db2398a8c1fe1f230a647a97f4b650c4d4594a27d07
P2_AGENTWATCHER_NODEFENSE_RUN_v1/raw_results/gpt-4o-mini/workspace/user_task_27/tool_knowledge/injection_task_8.json	36221	a8110d8854e1ec921067ea2ab8b302b9fb04ffeef3b544c99ed111357f83ad05
P2_AGENTWATCHER_NODEFENSE_RUN_v1/raw_results/gpt-4o-mini/workspace/user_task_28/tool_knowledge/injection_task_1.json	5431	82f1eaf067dcfa1f2989ae3c79261af6fce22726720173d93787676a03c15a7f
P2_AGENTWATCHER_NODEFENSE_RUN_v1/raw_results/gpt-4o-mini/workspace/user_task_28/tool_knowledge/injection_task_4.json	10008	1f85afc95dd924cfa82d7b1290596da14b829a194e0b0c0eee5d020ae02f6181
P2_AGENTWATCHER_NODEFENSE_RUN_v1/raw_results/gpt-4o-mini/workspace/user_task_3/tool_knowledge/injection_task_2.json	4999	564e0e83b29ef6e190cc534f99cb481ff2783a87e40fbdf7c5c5edc47dc9dc24
P2_AGENTWATCHER_NODEFENSE_RUN_v1/raw_results/gpt-4o-mini/workspace/user_task_3/tool_knowledge/injection_task_4.json	8794	c419b6a0a9cf4f12dd262fbb8a4b43562744218774507fbfdfc3aff64d751fe5
P2_AGENTWATCHER_NODEFENSE_RUN_v1/raw_results/gpt-4o-mini/workspace/user_task_30/tool_knowledge/injection_task_0.json	6757	4b13287709d8b6085ac989c7fb3f9efddb3cb4521bb9f0fc213c02ed3fa9f0c9
P2_AGENTWATCHER_NODEFENSE_RUN_v1/raw_results/gpt-4o-mini/workspace/user_task_30/tool_knowledge/injection_task_1.json	6360	3a6783e46f6294ad74983a406a4beda5d0bc4135e89d10defc2c4d7d020793d3
P2_AGENTWATCHER_NODEFENSE_RUN_v1/raw_results/gpt-4o-mini/workspace/user_task_30/tool_knowledge/injection_task_10.json	9563	1351779a28d4c938d445aa3f2a12ba52b6237238bdc00ece5afcafb2ba625bee
P2_AGENTWATCHER_NODEFENSE_RUN_v1/raw_results/gpt-4o-mini/workspace/user_task_31/tool_knowledge/injection_task_12.json	8763	912628072e1dad7335ee17d3236ba29281a967c5f75c0911b50144b58106f191
P2_AGENTWATCHER_NODEFENSE_RUN_v1/raw_results/gpt-4o-mini/workspace/user_task_31/tool_knowledge/injection_task_8.json	8554	17e644ab39935e4dbf2bfa3cb413d4070b5f065994c91f2bf54870f1a38e3baa
P2_AGENTWATCHER_NODEFENSE_RUN_v1/raw_results/gpt-4o-mini/workspace/user_task_32/tool_knowledge/injection_task_13.json	9174	9099b2a510a661888231a93511b6bc2a85cf4210140f47fbaeadf0600d0fd06c
P2_AGENTWATCHER_NODEFENSE_RUN_v1/raw_results/gpt-4o-mini/workspace/user_task_32/tool_knowledge/injection_task_2.json	10043	ac1e13c38bd953fb71cebafef92bfd9a6ce5f70b2a3569b08ff89cd2922caafc
P2_AGENTWATCHER_NODEFENSE_RUN_v1/raw_results/gpt-4o-mini/workspace/user_task_33/tool_knowledge/injection_task_12.json	11549	519b32ec270ca0ffe6d67ea51508ec493b56df44151898bcca75054e75055402
P2_AGENTWATCHER_NODEFENSE_RUN_v1/raw_results/gpt-4o-mini/workspace/user_task_33/tool_knowledge/injection_task_9.json	10097	3991292ee6b9bfa338273686186171fbff519c6b34194544392d6222b9613862
P2_AGENTWATCHER_NODEFENSE_RUN_v1/raw_results/gpt-4o-mini/workspace/user_task_34/tool_knowledge/injection_task_13.json	52869	6326af7ab21a38bb506393b5eb07d43c61b60e7e5154c3cf08e4bad6dcf12aa4
P2_AGENTWATCHER_NODEFENSE_RUN_v1/raw_results/gpt-4o-mini/workspace/user_task_34/tool_knowledge/injection_task_2.json	41547	4964fa5d7b32997a718581795b2416beb0730143eccc0414f21700237269439b
P2_AGENTWATCHER_NODEFENSE_RUN_v1/raw_results/gpt-4o-mini/workspace/user_task_35/tool_knowledge/injection_task_11.json	54675	e2105d3b855939b503baf348254dc3b78e30c0daf4374185d824e7db14c1f719
P2_AGENTWATCHER_NODEFENSE_RUN_v1/raw_results/gpt-4o-mini/workspace/user_task_35/tool_knowledge/injection_task_2.json	39586	045ea9d4b627a1e797393b8ee1e7acb9d6865fc0231be80686f1ba014fef9293
P2_AGENTWATCHER_NODEFENSE_RUN_v1/raw_results/gpt-4o-mini/workspace/user_task_35/tool_knowledge/injection_task_6.json	40535	80dd53f7651198ed6cb03a3454246cc5d1e5bbd2edf5f1c086885bec813412d8
P2_AGENTWATCHER_NODEFENSE_RUN_v1/raw_results/gpt-4o-mini/workspace/user_task_36/tool_knowledge/injection_task_1.json	11618	229f7b4041c34f29ce1f1326943168f3e0ef84c44d9afe30ed3607e6130fb758
P2_AGENTWATCHER_NODEFENSE_RUN_v1/raw_results/gpt-4o-mini/workspace/user_task_36/tool_knowledge/injection_task_13.json	11893	bafd6b5b64cff5a91ef14047a6da29b94ec528bba4eb12a24b7e9782fd53d2d2
P2_AGENTWATCHER_NODEFENSE_RUN_v1/raw_results/gpt-4o-mini/workspace/user_task_36/tool_knowledge/injection_task_7.json	28230	fa582ea31a462dde20cd86ee2bb8f276ef3dfa08714851a48e5cb4e5bb6937e4
P2_AGENTWATCHER_NODEFENSE_RUN_v1/raw_results/gpt-4o-mini/workspace/user_task_36/tool_knowledge/injection_task_8.json	25340	d30a58a1bd924eb2e1b84389692d46879a5d313a70440847754efacdd6abfb2e
P2_AGENTWATCHER_NODEFENSE_RUN_v1/raw_results/gpt-4o-mini/workspace/user_task_37/tool_knowledge/injection_task_1.json	13077	3fed143c433d688083bd9d66d0c8e34a35bbd7bade6dc9c6ad0611ac837d0b50
P2_AGENTWATCHER_NODEFENSE_RUN_v1/raw_results/gpt-4o-mini/workspace/user_task_37/tool_knowledge/injection_task_3.json	12233	433ddf002d6b41d5fa13f5f6b89c46e2aa4a471a78d001cec3d6f1d17a046da8
P2_AGENTWATCHER_NODEFENSE_RUN_v1/raw_results/gpt-4o-mini/workspace/user_task_38/tool_knowledge/injection_task_9.json	77203	65f8051e848a8a79a3e996404b73a974ed6667f16b287877784bb73d1e98754c
P2_AGENTWATCHER_NODEFENSE_RUN_v1/raw_results/gpt-4o-mini/workspace/user_task_39/tool_knowledge/injection_task_0.json	23825	7b77c5e772171f7ff19fa5e7f86dbf8551a2ad7676f9454fc622c3ade42a3f9c
P2_AGENTWATCHER_NODEFENSE_RUN_v1/raw_results/gpt-4o-mini/workspace/user_task_39/tool_knowledge/injection_task_12.json	13210	0512a0cd29e861a8bdff8743b08a2f38fc5cca2165c7db4ae250664dd4dda49d
P2_AGENTWATCHER_NODEFENSE_RUN_v1/raw_results/gpt-4o-mini/workspace/user_task_39/tool_knowledge/injection_task_3.json	9574	3890962d4c02ab52c455b6596f5939cde47e85af477c7a8e4ecb731f72f608ae
P2_AGENTWATCHER_NODEFENSE_RUN_v1/raw_results/gpt-4o-mini/workspace/user_task_39/tool_knowledge/injection_task_5.json	24281	cc442515f2a9c9a00b857e72a9bdc4331abaa4ecc50c78802c74840bf0d34c85
P2_AGENTWATCHER_NODEFENSE_RUN_v1/raw_results/gpt-4o-mini/workspace/user_task_4/tool_knowledge/injection_task_3.json	13844	e7dc1e8d869c2c744dd40a06881787c9d1ed8c7a1f786fd59cf7ed52e741f4e8
P2_AGENTWATCHER_NODEFENSE_RUN_v1/raw_results/gpt-4o-mini/workspace/user_task_5/tool_knowledge/injection_task_1.json	6571	3150e7885e43275df90e31cbfa858f978820031ad3a0869e71775056e5c71467
P2_AGENTWATCHER_NODEFENSE_RUN_v1/raw_results/gpt-4o-mini/workspace/user_task_5/tool_knowledge/injection_task_11.json	51163	4bdb2ed0e98cee4a0f6f3d7859a05f61cdc79ed75ace64ed3b315eca8d7a44b2
P2_AGENTWATCHER_NODEFENSE_RUN_v1/raw_results/gpt-4o-mini/workspace/user_task_5/tool_knowledge/injection_task_9.json	7113	e815b0a6f4d2a3955d783d894017fa1db215d6f6fc45c38528c1e6d63b0da5e1
P2_AGENTWATCHER_NODEFENSE_RUN_v1/raw_results/gpt-4o-mini/workspace/user_task_6/tool_knowledge/injection_task_1.json	7876	46c79196213a6c638ddc652f27281bec32debc8b2e9aa4c1a4d577a49c90e0bd
P2_AGENTWATCHER_NODEFENSE_RUN_v1/raw_results/gpt-4o-mini/workspace/user_task_6/tool_knowledge/injection_task_10.json	7946	5a22108cd381b65a7abab4893a31d9c9da354f49672103b5a651aef00e54aebe
P2_AGENTWATCHER_NODEFENSE_RUN_v1/raw_results/gpt-4o-mini/workspace/user_task_6/tool_knowledge/injection_task_11.json	7884	299c6dbb8e320050c8e53551149f7e4a59f8964adcd3387638dc8f37d832efde
P2_AGENTWATCHER_NODEFENSE_RUN_v1/raw_results/gpt-4o-mini/workspace/user_task_6/tool_knowledge/injection_task_3.json	8355	bad85b0c44a1930d2eacc7e55a29e5c11011ee7fb2bb8725dbd6706d07b4f037
P2_AGENTWATCHER_NODEFENSE_RUN_v1/raw_results/gpt-4o-mini/workspace/user_task_7/tool_knowledge/injection_task_10.json	9265	289fd5f00af1a7afe430d70d46b8894bcd17923a4aea0914630ea908dced18ab
P2_AGENTWATCHER_NODEFENSE_RUN_v1/raw_results/gpt-4o-mini/workspace/user_task_7/tool_knowledge/injection_task_11.json	54158	b911b3da034743e10f91402c294a8de74d7634d49ab524368f1dde80fe6820c6
P2_AGENTWATCHER_NODEFENSE_RUN_v1/raw_results/gpt-4o-mini/workspace/user_task_7/tool_knowledge/injection_task_5.json	7086	c9c57c5634debc61acc31878038be3d6d379c568e76092583fc9f1006bc8ec5d
P2_AGENTWATCHER_NODEFENSE_RUN_v1/raw_results/gpt-4o-mini/workspace/user_task_7/tool_knowledge/injection_task_9.json	6967	9260b6e2b46fce5eb98d0d4f1559eed1021b94921b42f53e056269ed2c6fc153
P2_AGENTWATCHER_NODEFENSE_RUN_v1/raw_results/gpt-4o-mini/workspace/user_task_8/tool_knowledge/injection_task_1.json	8489	de5769b8718a02874ae85a98688ce97a933bf4e4e4991dcf34bfd7327e8f77a1
P2_AGENTWATCHER_NODEFENSE_RUN_v1/raw_results/gpt-4o-mini/workspace/user_task_8/tool_knowledge/injection_task_10.json	7132	e3ce5082a485c0516e653502826ebc45aad609017f62988c8f6b4536fe5b5826
P2_AGENTWATCHER_NODEFENSE_RUN_v1/raw_results/gpt-4o-mini/workspace/user_task_8/tool_knowledge/injection_task_5.json	8316	8f52559e273d0258ede8446f2356d381850616c56701e4e405406c4c63dbfad8
P2_AGENTWATCHER_NODEFENSE_RUN_v1/raw_results/gpt-4o-mini/workspace/user_task_8/tool_knowledge/injection_task_6.json	7180	ef95bd3f34e99bacdfd78143e10a8f9816fed7f0c8346bd401a7effea2e5ad57
P2_AGENTWATCHER_NODEFENSE_RUN_v1/raw_results/gpt-4o-mini/workspace/user_task_9/tool_knowledge/injection_task_0.json	9236	f9c31e29daae3c93031e7449fb65d2fc1ca8216a30385e05dec2109780c52fd7
P2_AGENTWATCHER_NODEFENSE_RUN_v1/raw_results/gpt-4o-mini/workspace/user_task_9/tool_knowledge/injection_task_2.json	7591	8a2e58b13a126272541818f0c6839b37543e300d84f72e4d0d9aec2ff9279417
P2_AGENTWATCHER_NODEFENSE_RUN_v1/raw_results/gpt-4o-mini/workspace/user_task_9/tool_knowledge/injection_task_5.json	11224	3a1ff9ca2bf4c7548a506229933480abefd77545c208c726693965cf3019fe39
P3_C0_A14_AR_ZERO_CALL_v1/A14_AR_00_verify_recovery.py	8890	525fe8e36bcd790c9096c3d829575199745f26a1dfb0f7e3fa0f13d77944350a
P3_C0_A14_AR_ZERO_CALL_v1/P3_C0_00_freeze.py	2514	102e2b6d75b81027246ba458627aba6a16446f0f2e80cf657af2272755b766c2
P3_C0_A14_AR_ZERO_CALL_v1/P3_C0_01_refresh.py	14248	ce7cb76b455bb2ddb88a19732c30f39bf2d87913dce79ab555d5e80ecc670388
P3_C0_A14_AR_ZERO_CALL_v1/P3_C0_02_hash_outputs.py	922	8064f23c780da024b5598775cc644348b970427530063583ff7afcf8f52868ee
P3_C0_A14_AR_ZERO_CALL_v1/P3_C0_CONFIG.json	1558	753d0f89702a9c594cba1be06e57a70005c73ffa69679779258d4241951c7239
P3_C0_A14_AR_ZERO_CALL_v1/PACKAGE_SHA256.txt	716	9e63c2cd04bff6892b219adaf9b76b894c674da4ad1055eca87fdd10d4e77789
P3_C0_A14_AR_ZERO_CALL_v1/README.md	1673	6e6bf7405ed79704c89876d11f32324e6a0f04ea9c0cbb400f5b743465c7ac5f
P3_C0_A14_AR_ZERO_CALL_v1/run_zero_call_finishing.sh	816	1389f6cf942984c074e782351b442b04cc4b6c6ab8528dff216ae04590c5d69d
P3_HARDENING_RUN_v1/FINAL_ARTIFACT_SHA256.txt	1710	ca872a1c0b3a10c8c47610782192e1fec5294f457e035ee36b945820963bfbd2
P3_HARDENING_RUN_v1/P3_A13_LEAVE_ONE_SUITE_OUT.csv	496	ae2cb38f41b424d34ecf87dc8844956a269b8b188f938c449d446c5492550941
P3_HARDENING_RUN_v1/P3_A13_LEAVE_ONE_TASK_OUT.csv	952	eede230332fc3e82c75b9caea0cb8951caeaad608ce1740f9834ecb449b0ca42
P3_HARDENING_RUN_v1/P3_A13_TASK_SPAN_DIAGNOSTICS.csv	1889	84923e0e5906ec4b39f199b6ab729cd659a3fa1dbde5871f1c10c30c94baa692
P3_HARDENING_RUN_v1/P3_A15A_LEAVE_ONE_SUITE_OUT.csv	425	0708e54c72debe9536559da4187a3c481c26657d7068672aa547273a27c962e6
P3_HARDENING_RUN_v1/P3_A15A_SUITE_SUMMARY.csv	253	f1ea2cf339c0468c5cd5e5b50502c198c06ba0d99d9986677107652c1987f65d
P3_HARDENING_RUN_v1/P3_ANALYSIS_FREEZE.json	5018	55ebdefde3d461f93b4c39354d0d886865506fa8d8497dbccc228685259d7b3e
P3_HARDENING_RUN_v1/P3_ANALYSIS_FREEZE.md	3441	48069bdea3580eb2844501f0d37e1ed851052252aaf1a68707a04736d46b9eed
P3_HARDENING_RUN_v1/P3_HARDENING.json	13925	a5736c0795ea8254f8248414e83bbf0e0ac925c33ed71f7a1c437510d52a06a0
P3_HARDENING_RUN_v1/P3_HARDENING_SUMMARY.md	3848	d2fd6b867d4a7efa1e4bb3562a93e9ecf01db65c55ceaaedae120ac8ffe723bd
P3_HARDENING_RUN_v1/P3_P2B_CROSS_MODEL_DECISIONS.csv	3248	8780525b3be6fbd1e3596c9f0720bf9676932b3070718bf89ca9d2963a1673dc
P3_HARDENING_RUN_v1/P3_P2B_LEAVE_ONE_DECISION_OUT.csv	3321	8b3621160de398c5b37e1ebf3ca7707ad5bb5a17e0e63db8ddfc8c1f5b4c71b7
P3_HARDENING_RUN_v1/P3_P2B_LEAVE_ONE_FUNCTION_OUT.csv	1183	c9ab030d356c8eace10f0be9270cb0ae987b85d5fcc2c47e501e6548494ef76b
P3_HARDENING_RUN_v1/P3_P2B_LEAVE_ONE_SUITE_OUT.csv	485	e153594b0dfdba156c5683bb5649f37a299ddb201483c3d8eb5e22b3eb5cb0c3
P3_HARDENING_RUN_v1/P3_P2B_MASKED_ROWS.csv	19084	e3078c9494a9acd2ea25ee4f0bc4c52e9163a69aff7fd1a3afea6910adfc1ec0
P3_HARDENING_RUN_v1/P3_P2B_MODEL_DECISION_CELLS.csv	12078	154a5e9402c9eaa0e918771851206122ad920ca8ed28e656553ffeb5153634e0
P3_HARDENING_RUN_v1/P3_P2B_ORIGINAL_QWEN_WEAK_RECURRENCE.csv	635	d042417c9ceee51070715122d02c4ddb9fd4ebcc453539d57efdd6ff76a13121
P3_HARDENING_RUN_v1/P3_P2B_SUBGROUP_SUMMARY.csv	1857	9feb0826c08aa01f8ebfbcdeb0b0df5bd1c65bdcc33943b881c9f8e47662b7c5
P3_HARDENING_RUN_v1/P3_P2B_WITHIN_STRATUM.csv	877	cec75ee0902267fa13ae5ff7a2e5025508b816c0f9acc04e68fdc8f94290f8e2
P3_ZERO_CALL_HARDENING_v1/P3_00_freeze_analysis.py	4329	44b20927681a887c2e9851db894448f06dbc31ee7c18d23f7dd53f5ff6a5fcff
P3_ZERO_CALL_HARDENING_v1/P3_01_run_hardening.py	26405	75120489d3fad48dd7f103572efb2f08c7bf9a30df7d92d48bc288993d718fed
P3_ZERO_CALL_HARDENING_v1/P3_02_hash_outputs.py	558	7fb13ddd38be541b58d0717ce027f333a8c74c7e3ba0e171d1cc680bc27d241c
P3_ZERO_CALL_HARDENING_v1/P3_CONFIG.json	1096	2cf0361d6987e8bdf119b5864881338cc9b960e3d6cfa43dff4a9f2bbad024cf
P3_ZERO_CALL_HARDENING_v1/README.md	1046	2584b1efc06e495f0249542ac96899b43b0d03d685d6a5ac63555f79c2ce597e
P6_CLEAN_RUN_v1/FINAL_ARTIFACT_SHA256.txt	1384	d7fb527a5b8d013329feeb91564316177bf811cdd9f52677257b1d00ade7bd7b
P6_CLEAN_RUN_v1/P6_ARGUMENT_ROLE_HSLOT.csv	743	61edf01c446fca10ca104bd4da2541a5daa21fe61f2e765d5c564abe2ead6811
P6_CLEAN_RUN_v1/P6_ATTACK_ANCHORS.csv	800	2f5e7770a0699f9c76e049306f54a1a1b419f08f59aa59f84cf754c5fed91f5b
P6_CLEAN_RUN_v1/P6_AUTHORIZATION_STRATIFIED_BENIGN.csv	1017	f3bcf7410c400a4a407e2f2ff91d6c30db6621fc69b9cc91443876157e160d5a
P6_CLEAN_RUN_v1/P6_CLAIM_LEDGER.csv	1506	471e30418758c52f15440ebb3f1e069fd78ed795509f9b5492633889977009be
P6_CLEAN_RUN_v1/P6_CONTROLLED_BENIGN_CONSISTENCY.csv	1322	45e14d1d3e0a92b77d833d68009ebdec8683371fe486f07e8815f198f80ae5eb
P6_CLEAN_RUN_v1/P6_EQUIVALENCE_LADDER.csv	1039	b5bb9ffbe1fd9c597004295ac658d8d6a69d8585007c79d3895b02b67d96a48c
P6_CLEAN_RUN_v1/P6_EVALUATION_FRAMEWORK.svg	2784	0789a73b67a4756fb9b325e8906bce7f7e012078c324207e7890193279865335
P6_CLEAN_RUN_v1/P6_INPUT_FREEZE.json	2821	fd55fad17884ab26515c53628ed616e193feb7b184bcfff7ce996203188e50fb
P6_CLEAN_RUN_v1/P6_INPUT_FREEZE.md	645	f576ca7de6c5533da8731c157e8d3367f81a1d685b571d204db47e7124a62002
P6_CLEAN_RUN_v1/P6_INPUT_MANIFEST.tsv	126675	3999750de82ef4f7dd3dc79099f89985213fd64b061842d784ddb0e4d561596f
P6_CLEAN_RUN_v1/P6_MASTER_EVALUATION_VECTOR.csv	2606	efc9616f2f00ed6b9317f9ebd934f16c41a9293b9c6d5192255436d45eb78603
P6_CLEAN_RUN_v1/P6_REPLAY_EQUIVALENCE_MATRIX.csv	851	fb32d5f2b7946e5a69f94c2ce980b2afb11a98318321adf26315a1cec79b9a2d
P6_CLEAN_RUN_v1/P6_SELECTED_POPULATION_BEHAVIOR.csv	599	5bf9547c72256d7658b610c22e926f5179bdad2433816b79989984c58cdc47c4
P6_CLEAN_RUN_v1/P6_SUMMARY.md	3721	c0b41bd9350c9b9f3f1f5ad9791aee5426e9ef7726c9f7d2309d9bfd4fc3fbd9
P6_CLEAN_RUN_v1/P6_SYNTHESIS.json	7628	6ade079dc6acff3d18569ff71074c3c808ca935e2616874c424380560af6b745
P6_CLEAN_ZERO_CALL_v1/P6_00_preflight_and_freeze.py	5884	6168c1535303b4ac062fb452a8783850777eda3531aef3845760a694238dfad7
P6_CLEAN_ZERO_CALL_v1/P6_01_synthesize.py	25692	77035932057f6c197d392cf3c20bee5207563127637b5591c54517a13b911af3
P6_CLEAN_ZERO_CALL_v1/P6_02_verify_and_hash.py	2385	23b731c20a0051d9f6f3b847114c6d21b602693800d1dea6cfe88c1892329569
P6_CLEAN_ZERO_CALL_v1/P6_CONFIG.json	6042	64765c379bf40e3bbad3471c8e0518d171c7c4ec62f9a12977ae05f612b7820a
P6_CLEAN_ZERO_CALL_v1/PACKAGE_SHA256.txt	591	850cbf1e1a4106f57be8a73eefbf54050600d79345969653e8898e76ebf2bc9b
P6_CLEAN_ZERO_CALL_v1/README.md	1057	5f25d545be07a1461d98560e14c9bbaabc1c7009242002de4565641e22db50a2
P6_CLEAN_ZERO_CALL_v1/RUN_P6_CLEAN.sh	1531	fb55d602c4edd1a3096eb9ff63930fbce59150a83fe8e1bed7fc59befd25427a
P6_CLEAN_ZERO_CALL_v1/p6_common.py	1220	d71a9e56ce253459c430918953e98ae9b32f6cddbd585cc44441574c973bd30f
a13/REPORT.md	3177	4f86af44f1108e64188e2a6654abff4c7b85682eaf7f81e2c9035e1b14c77fc5
a13/decisions.jsonl	129364	af6a62c5689e7d26180f0091a121839b645e1dcb54e5aaf87427f6e75c19dca9
a13/manifest.json	12526	971eb1ea932a2bc9687c288532b3b9e1b8ae608a492b068d1edf8eae33b0cf0b
a13/protocol.json	6544	8c0caa2e509f94d0e2eea37cfaf53840319d407167c15e2a052633c53854de43
a13/results.json	24340	6ced3fc14a60574f95881344ac3d6bb5b8cf7d88d59ac3c844cae35d4121646b
a13/taxonomy.json	223966	02894700c2ff370b28b858a6f533805c37fd11d86bb1c70af3b71ac21cdc674b
a13/agentdojo_runs/vllm_parsed/banking/user_task_0/none/none.json	6631	f126a519f69a54e1ff691a6ca25fb369e22d7db4c025a5f93fbde7a89390d456
a13/agentdojo_runs/vllm_parsed/banking/user_task_11/none/none.json	2214	d2b55cf66487e24f74f111fef14a84cfe9dc2609bd22a99f0ace69585d618e22
a13/agentdojo_runs/vllm_parsed/banking/user_task_12/none/none.json	3353	e3bff2bac96d90a77f8694d3e8524773a281c4639636f501abb564396d9c65e3
a13/agentdojo_runs/vllm_parsed/banking/user_task_13/none/none.json	4124	985b97528a50067eb4fe0031e29d983bc4a007cdbbd9b07a0a0593c7b09c7605
a13/agentdojo_runs/vllm_parsed/banking/user_task_14/none/none.json	5202	a384483a1eb4ce69a45d5b5ef03b5376a375250e715f779f06b2b507c306d9ab
a13/agentdojo_runs/vllm_parsed/banking/user_task_15/none/none.json	9214	5d34b7a0ad76d60c1da833b51fbe26f84a06f0810a36dce9cfae9cdcfae7f533
a13/agentdojo_runs/vllm_parsed/banking/user_task_2/none/none.json	3213	0a07d3306e2ea0df67ca09d31ee4095a9e52a2b237cabbdcd35df2bb124f4005
a13/agentdojo_runs/vllm_parsed/banking/user_task_3/none/none.json	4334	4517f1a9ce06349a84a70f2f5c7e5c0d1b1b7049561d62abbad94cae2a3e9192
a13/agentdojo_runs/vllm_parsed/banking/user_task_4/none/none.json	1823	9196a13d37137e378fcccabd04f1849c405c9aa796d3e35eb9feea9c5d5b50fb
a13/agentdojo_runs/vllm_parsed/banking/user_task_5/none/none.json	4224	f75c9110a3caf89af08920ed345731d843ca96d8b7a0c86826819d11a03c596a
a13/agentdojo_runs/vllm_parsed/banking/user_task_6/none/none.json	4321	b9f948e1e2b197189368497bcf6f954913857984abad48b6e7a93758af66037e
a13/agentdojo_runs/vllm_parsed/banking/user_task_9/none/none.json	3572	361bd20085671353d094519da3be5e5520a314295248e65dcb57685343b88fb9
a13/agentdojo_runs/vllm_parsed/slack/user_task_1/none/none.json	6416	e076b8b569bf59d45cf4ba31a844d288c07b8f90ee3413160c185b9cdd14db30
a13/agentdojo_runs/vllm_parsed/slack/user_task_10/none/none.json	19896	1c5805bd53d2444a8339e097bdfef1d53a86f9e2f89f20e28139f8ac811945cf
a13/agentdojo_runs/vllm_parsed/slack/user_task_11/none/none.json	6870	ee1fbf48b64acd4cca41d8731cef3c7a7e474c0f123983039469adb82af2151c
a13/agentdojo_runs/vllm_parsed/slack/user_task_12/none/none.json	5250	a923c91ea42be4ea4b19635052f2562a3d9b6ec1432496c6945caefd5a52cddc
a13/agentdojo_runs/vllm_parsed/slack/user_task_13/none/none.json	10060	e7741d40162e676b2ee63e7d6c232039d99cea9135e959a2f571e22a4014dab9
a13/agentdojo_runs/vllm_parsed/slack/user_task_14/none/none.json	13730	33848cd3fb1237da0d696a473185e18aec08226d5700aec90b63d601bb59db92
a13/agentdojo_runs/vllm_parsed/slack/user_task_15/none/none.json	13106	ce6d358615ce4f0578eea6331b95fbe3a9677ab4dbc35d1310710076fd50784c
a13/agentdojo_runs/vllm_parsed/slack/user_task_16/none/none.json	18441	ca01d255fca8cd0b3a5f7b79ffc18becae7d07790d1265ae147ab221893532e9
a13/agentdojo_runs/vllm_parsed/slack/user_task_17/none/none.json	6401	1f32e19a50391502293f93915f656919b62c006669c5b53a85c72702df463ce3
a13/agentdojo_runs/vllm_parsed/slack/user_task_18/none/none.json	13653	a5de6e15de00f1c0b456e95168ecd849b63652c37b47cd995bd3c8f1ca9a56c6
a13/agentdojo_runs/vllm_parsed/slack/user_task_19/none/none.json	11336	e9c9f429283e4dc5241a01d0a3140b8e24bfc36133658fd508695445cd54aa61
a13/agentdojo_runs/vllm_parsed/slack/user_task_2/none/none.json	3839	c8302c2bb3d35803b88c5161776091ff995577d0c1dd2783f9fa958bdad3957f
a13/agentdojo_runs/vllm_parsed/slack/user_task_3/none/none.json	9825	d08056ee8e220e4e73b32ef11a2306a1d262bccebe061bc95f11eea9e29bad6d
a13/agentdojo_runs/vllm_parsed/slack/user_task_4/none/none.json	7145	e03ad7dc7c7c46dbe6737f22effd25163d98a27913e25f0fd0db8be314b05c1c
a13/agentdojo_runs/vllm_parsed/slack/user_task_5/none/none.json	13687	292fb1ba612b291dd4628a3eb00de78a8611d1dc441a73abaa9d741d1fbd41dd
a13/agentdojo_runs/vllm_parsed/slack/user_task_7/none/none.json	4136	d1cb5ca91000a197b53833b5870818c9622b5de2ad45783725aea8e027d60f87
a13/agentdojo_runs/vllm_parsed/slack/user_task_8/none/none.json	10828	bf924eaed373aa36d6c49545b35e44a7c3cc16bbe933c7f3e05b04fd1fc37fc8
a13/agentdojo_runs/vllm_parsed/slack/user_task_9/none/none.json	9807	39103be2ea26ca4c6fc7abf5d786624fe997ca5ac3acadb5f29c22388068d3c9
a13/agentdojo_runs/vllm_parsed/travel/user_task_0/none/none.json	5081	6e96889db614fa71d458ca13846a138a97710252210786fd2dd26dabc28a2ee9
a13/agentdojo_runs/vllm_parsed/travel/user_task_1/none/none.json	8420	41c022038d49285b3610119bfaec60ca1d5c4d920093cc3904edc6919e126d4d
a13/agentdojo_runs/vllm_parsed/travel/user_task_3/none/none.json	10457	6f88a5523a8cee02ef7268ec04fc7b14688986d2c076dbf20245787e8a331c9a
a13/agentdojo_runs/vllm_parsed/travel/user_task_4/none/none.json	12544	469988327e994a01891a2dab22d0552237284b3cb56d188faba250f4a01a5cae
a13/agentdojo_runs/vllm_parsed/travel/user_task_7/none/none.json	8816	a8fb4b1375c8e29f165b25783b03cd8f69631a07fc06698b1dd4d9abac00010e
a13/agentdojo_runs/vllm_parsed/travel/user_task_8/none/none.json	15617	e37b98702eab03a8af46ec922f9f64d170dfe430ccb6ff44d22c4b0b6602c34e
a13/agentdojo_runs/vllm_parsed/workspace/user_task_12/none/none.json	5885	dbb15b5a0d049596604824640dc90c70c44b73695568e9c63b404ef1abeba339
a13/agentdojo_runs/vllm_parsed/workspace/user_task_13/none/none.json	19493	bbdec872e3afbaea390bd970dca75a2813235b741f188d984d6963a4b70424f2
a13/agentdojo_runs/vllm_parsed/workspace/user_task_15/none/none.json	8324	38d4ec0009d2899ee0818546bb08e86628c6e7d9ac8fc80230010a0b8e7922f5
a13/agentdojo_runs/vllm_parsed/workspace/user_task_18/none/none.json	9257	1c17c36bc76be1096e92bf0da7ed183ae0ba11d5583ed18a8562ddd8b40479a5
a13/agentdojo_runs/vllm_parsed/workspace/user_task_20/none/none.json	6586	a9eac15b86b654f3f180d0b8be1cf354d6b8cd637cebc90c707240b1534e84b8
a13/agentdojo_runs/vllm_parsed/workspace/user_task_21/none/none.json	7776	04657aac2f1c4a7063e380f19dd3318efe049e766fd6c67c0ad6dc51aba89a60
a13/agentdojo_runs/vllm_parsed/workspace/user_task_25/none/none.json	3331	9f5173c86e9ca0c45dc4d65420dca85297d8a17ae122279fab1072806b79c462
a13/agentdojo_runs/vllm_parsed/workspace/user_task_31/none/none.json	2056	c9e05027171b684aef702592af3b158ce9dfb6f5aa0660711272c207fabe5d2b
a13/agentdojo_runs/vllm_parsed/workspace/user_task_32/none/none.json	3706	02dcb66df2ede9b82bd67d9fe814a43bfd435b18b53a78ed8d51bac6ecd69afe
a13/agentdojo_runs/vllm_parsed/workspace/user_task_33/none/none.json	10514	b5793b7e73621e0cc08dd1e8ab9fc5009b30e4901c501597bf544c4ec0480aa5
a13/agentdojo_runs/vllm_parsed/workspace/user_task_36/none/none.json	3136	fcbaef4bebf3c165db77a30bdf120b74c1d42ae8b095e45bffe79caace39ccb0
a13/agentdojo_runs/vllm_parsed/workspace/user_task_37/none/none.json	7125	211b3b40d09c557c2559e33276fc3b60f8cf32a99529ca69b9351582c06f02aa
a13/agentdojo_runs/vllm_parsed/workspace/user_task_4/none/none.json	8143	806bbfa007fc4e64fe0127325e4d219ae1cd83885d89e4dfc7e2d738f87dfd0b
a13/agentdojo_runs/vllm_parsed/workspace/user_task_6/none/none.json	5742	7ceeeff1834c79c004fdfc2ed3bad13906f01d1118e16ce3d648dece08451221
a13/agentdojo_runs/vllm_parsed/workspace/user_task_8/none/none.json	6148	131ceb49d84c619efa0fd3ca6af31407c5a5629b790694518b160d59066113f8
a13/agentdojo_runs/vllm_parsed/workspace/user_task_9/none/none.json	5969	530a3f7b7d7fcb4e382ba34d29c6e794c17e35f4fceb47bd5d347c1647735d64
a13_r1_llama/REPORT.md	1007	5ed34cf6ac7cae22b43829b11de05d16a1e2e24b997b4771a2e9a510f17b6da7
a13_r1_llama/checkpoint_decisions.jsonl	129694	6a95c57f3687700a585127064dfb901b868b46a67279ba97d53c49c781ecb3a5
a13_r1_llama/decisions.jsonl	129694	6a95c57f3687700a585127064dfb901b868b46a67279ba97d53c49c781ecb3a5
a13_r1_llama/manifest.json	1264	43657f30fb757e5dc397a623a10ca92e27b2fbb0623ac2233890f82d815359e2
a13_r1_llama/protocol.json	5932	f6bf97034a14a6eba93a3ea69d30e4f069b61daa5126ce9236323aab579c74ae
a13_r1_llama/results.json	5819	22cb7af709e412e47e64aa0f5ca66d49ee92203158d3ed4619d94c64da8bdbdb
a13_r1b_llama_boundarysafe/REPORT.md	1059	33b6c893e8b6f1f9eea7f3d7ea6a5587981740992a080e5d207b9435fde82e80
a13_r1b_llama_boundarysafe/checkpoint_decisions.jsonl	254251	cd3b34082e6896e151c173ffd6f48a54e780682f34870f4649831c49dcb7f668
a13_r1b_llama_boundarysafe/decisions.jsonl	254251	cd3b34082e6896e151c173ffd6f48a54e780682f34870f4649831c49dcb7f668
a13_r1b_llama_boundarysafe/manifest.json	1537	1e6ce3d58ecf6b2bc80eee09754185bf59e09a325a422711d9c876fa5186d712
a13_r1b_llama_boundarysafe/protocol.json	6285	fa097ff5b952bc3dbf1d62114b87b51b74d91e0960a3ca67591539553fa7416c
a13_r1b_llama_boundarysafe/results.json	6777	ddc1ad045680d989b9282a9a7d576087b5ed97bd2ffed2ecc56b74f5a8d2594f
a13_r2_llama/REPORT.md	3638	0343abe5a413b2eea2af13c23e89ed458f3bcf667df00fe703767ca4d675907d
a13_r2_llama/decisions.jsonl	114517	34cc6a49202ecb52b7a41fbc376cb38323dd6c3bf9ab19ead3a4ce8c4779fec5
a13_r2_llama/manifest.json	13032	b71be918fa71970e531b79bf02919e7571daa3eaba07fa3ed8704d15fc21e403
a13_r2_llama/protocol.json	4445	7caf0391d550b6e0ba772ccb5ded461c4192f8fd26777d213a8a0f6a265c5602
a13_r2_llama/results.json	8043	0cc7f73e2a0148c5bb5ae41507e2e9c25ee632a3d2eecbd52ccb47f87cb6c1a7
a13_r2_llama/taxonomy.json	223966	02894700c2ff370b28b858a6f533805c37fd11d86bb1c70af3b71ac21cdc674b
a13_r2_llama/agentdojo_runs/vllm_parsed/banking/user_task_0/none/none.json	4345	add910bde80bf6d3b9ce27874772dacefa379ef9fd5c481582b2c474923c90be
a13_r2_llama/agentdojo_runs/vllm_parsed/banking/user_task_11/none/none.json	3538	5d015e5e47253a7c035fc16aa3acb49f40355a907cbd0915a248901b1d086112
a13_r2_llama/agentdojo_runs/vllm_parsed/banking/user_task_12/none/none.json	4163	0039019e49e379b1b4d651d2f256d0bc6946fca43bd67bfeb5e24d758679cd81
a13_r2_llama/agentdojo_runs/vllm_parsed/banking/user_task_13/none/none.json	4037	f85a14202ea64054d2de01e855cf08a307529bc01007e12309948135f71decc0
a13_r2_llama/agentdojo_runs/vllm_parsed/banking/user_task_14/none/none.json	4512	37d9fd035be1e071474e375a2e2a380a652385bf9d18ffe56c1106a8bedb4654
a13_r2_llama/agentdojo_runs/vllm_parsed/banking/user_task_15/none/none.json	6750	ca5a7dd992f8608f315bc2e965e360374e01427df596fabcb874c207ed830933
a13_r2_llama/agentdojo_runs/vllm_parsed/banking/user_task_2/none/none.json	6014	6114d21f0e951b58c3f103341c997818e3cf844494acca3b619594e1fc8b5187
a13_r2_llama/agentdojo_runs/vllm_parsed/banking/user_task_3/none/none.json	4299	c12f4a761c955bf238bbb45f3ab7a0fce8cc051d179d51bdd135d2feb8986e90
a13_r2_llama/agentdojo_runs/vllm_parsed/banking/user_task_4/none/none.json	3034	3e8ffc9ecd5bc3e55204117498e4f04dba066ec20b9b9948038aca93a1b3661d
a13_r2_llama/agentdojo_runs/vllm_parsed/banking/user_task_5/none/none.json	5803	d481cc217ee67a8a20b2c6a5d1372d7e874f4b107dda444cb487987205b2154d
a13_r2_llama/agentdojo_runs/vllm_parsed/banking/user_task_6/none/none.json	5041	32136b2d43356190b6079e295069948df4f50690d6b72adc18904a409335bf17
a13_r2_llama/agentdojo_runs/vllm_parsed/banking/user_task_9/none/none.json	5452	389a02ac6ec3f01b3b24468ce2d6334611a2b2bc4c95d3d369fd811be9b2ae74
a13_r2_llama/agentdojo_runs/vllm_parsed/slack/user_task_1/none/none.json	6801	f22b2547f89664f1f4b52d9682337f5ffa0176797331c6d51c7c725b559b1a65
a13_r2_llama/agentdojo_runs/vllm_parsed/slack/user_task_10/none/none.json	6447	78482d1bc33f0af56f895a89e4f7e9782e7c66dbb0c8513699a6d1c151fae912
a13_r2_llama/agentdojo_runs/vllm_parsed/slack/user_task_11/none/none.json	7111	2b99172015a4a2720f0557fe6252761a03c7a988174db3e3fd65983c19ad71b5
a13_r2_llama/agentdojo_runs/vllm_parsed/slack/user_task_12/none/none.json	4783	0f69155ec29a25fb8bc8b178e077ca4d0f500b92b5bce5528cb32ea44825d389
a13_r2_llama/agentdojo_runs/vllm_parsed/slack/user_task_13/none/none.json	6006	d78294d9a15ae31397b4441bb30ca6b60d3e6801b8c6e83140ae5a772637e9e4
a13_r2_llama/agentdojo_runs/vllm_parsed/slack/user_task_14/none/none.json	5114	27efe33c65d39f351c577653e5bb955b3e48c0a828ec4e8adb62f88579addb2c
a13_r2_llama/agentdojo_runs/vllm_parsed/slack/user_task_15/none/none.json	7396	a5e9c0824740305195102a720d279ad0c88235edfc846ec8b55923a74dbab4ed
a13_r2_llama/agentdojo_runs/vllm_parsed/slack/user_task_16/none/none.json	8288	d49a35185b3547af47e6ace1925f4b34f6cfb5b52ef2f8858244e04428399178
a13_r2_llama/agentdojo_runs/vllm_parsed/slack/user_task_17/none/none.json	5164	7051fe8024b1390070cde75186a7cf65c76f4999feef36832a75ff91502cebda
a13_r2_llama/agentdojo_runs/vllm_parsed/slack/user_task_18/none/none.json	18603	91a083be19ef13a57f928acf60153968f22c365a3110d70986914ee031cddac0
a13_r2_llama/agentdojo_runs/vllm_parsed/slack/user_task_19/none/none.json	18293	3a2754160c2e3140d9098c94e057da6881507043dcca6669fe0a4de32755076d
a13_r2_llama/agentdojo_runs/vllm_parsed/slack/user_task_2/none/none.json	3781	01c1119fa781d847771744b1907161a200c2df3eed3bb2aff048974a8380d161
a13_r2_llama/agentdojo_runs/vllm_parsed/slack/user_task_3/none/none.json	3014	3dfb5f685e02b77204afcda7c85caa69f5e92c47778602d55798ee97d1f2353a
a13_r2_llama/agentdojo_runs/vllm_parsed/slack/user_task_4/none/none.json	5408	c3769bab5b138680073616e62e5bbcfaff353fd5098bdaf6b0abee0abb54ae4e
a13_r2_llama/agentdojo_runs/vllm_parsed/slack/user_task_5/none/none.json	4656	a59d8de0f33b8a3c771f7ac80471d20cbbf1c58126fc975abf4dae9b52177d6f
a13_r2_llama/agentdojo_runs/vllm_parsed/slack/user_task_7/none/none.json	4760	ebfd11570da958285364dc73a3d8336ce65ebc6a5f9b0ee4da560934d846f330
a13_r2_llama/agentdojo_runs/vllm_parsed/slack/user_task_8/none/none.json	1897	b0f9f76829cc1d27060d605fc36b1489a7523cadfe0af9bb9a33a46522453c5c
a13_r2_llama/agentdojo_runs/vllm_parsed/slack/user_task_9/none/none.json	16832	5c148d0b76e452eb42a74e0b949351bfcf7510488c57f4d6a6688b16760ac799
a13_r2_llama/agentdojo_runs/vllm_parsed/travel/user_task_0/none/none.json	4564	7fcd6eee28cc8fd261133542de90194353b7919a76ef1ea138d4527706c922fd
a13_r2_llama/agentdojo_runs/vllm_parsed/travel/user_task_1/none/none.json	7611	7bfdf63b3ca8b785dafc317d0172380ae540ef4945d58605366369984151d39d
a13_r2_llama/agentdojo_runs/vllm_parsed/travel/user_task_3/none/none.json	8811	1f23dd86d7889b22a10a2e61197543d8331233c8b08e25bd6c0cb4cd04c73733
a13_r2_llama/agentdojo_runs/vllm_parsed/travel/user_task_4/none/none.json	12634	8e7ce46bf9dbddc52e74c958bc1bf2820469963d987305df71de6d470566af60
a13_r2_llama/agentdojo_runs/vllm_parsed/travel/user_task_7/none/none.json	10007	76aa6171bb2b2ce202cb5d8f80d994b9ecd464953c75ada47abe95be80ca8ff1
a13_r2_llama/agentdojo_runs/vllm_parsed/travel/user_task_8/none/none.json	18529	a1420b8f2382074f2c0061a0cf4552f051896517fb2e5c2bbd3b76459b49663e
a13_r2_llama/agentdojo_runs/vllm_parsed/workspace/user_task_12/none/none.json	15513	6616d7201d4acf3fa01ac77784fbd27c82af4c3eac8c41d2284c287a9893459d
a13_r2_llama/agentdojo_runs/vllm_parsed/workspace/user_task_13/none/none.json	15885	33c2a33786d5727dc7e3e68c507d5adffe8f41c3958f5509f93be0265d97aea6
a13_r2_llama/agentdojo_runs/vllm_parsed/workspace/user_task_15/none/none.json	3740	df1516c5baed330faf101240cc8bada11ce4b103c1dfb5c1399e516089b18ab1
a13_r2_llama/agentdojo_runs/vllm_parsed/workspace/user_task_18/none/none.json	8687	e34e4e95043f7d3a05de5fa1421b4a227caa8ecbe19eefaf897861cccf0f7fd3
a13_r2_llama/agentdojo_runs/vllm_parsed/workspace/user_task_20/none/none.json	8141	cfbd149db919a0b86c899ecc5bd5cb19098851a598f5f8cfec282fed60acd5ca
a13_r2_llama/agentdojo_runs/vllm_parsed/workspace/user_task_21/none/none.json	9123	3ec85804b1228b6604426a2504b6b0201bae9f85489a6c5dde83487b8f28801a
a13_r2_llama/agentdojo_runs/vllm_parsed/workspace/user_task_25/none/none.json	7968	7f28c2e8f155bed6660d1c89c796b424d456614ed659355ebb9db4efa9575ed3
a13_r2_llama/agentdojo_runs/vllm_parsed/workspace/user_task_31/none/none.json	3564	cf3d4c905a3fd7221ec5bcbdb9214f02790a44841e52b69b1b2ae8024d314dfb
a13_r2_llama/agentdojo_runs/vllm_parsed/workspace/user_task_32/none/none.json	4718	856e472a72adc489e7f0c438600123ccac202444af388cdd941cb3f5b6c87538
a13_r2_llama/agentdojo_runs/vllm_parsed/workspace/user_task_33/none/none.json	5245	72287ba8c1c1c4d6333bf086221ef3e70e49c43dd16126090ca078b3cd806faa
a13_r2_llama/agentdojo_runs/vllm_parsed/workspace/user_task_36/none/none.json	6457	e98ef182b7558d2d016bacbbfbfc28fafb49029688ef6bae33ff8a0f11754f64
a13_r2_llama/agentdojo_runs/vllm_parsed/workspace/user_task_37/none/none.json	7819	53ac40511bc189e4e8d22119bb68f9ca2e56fdad0426500824734ec74a65ebb4
a13_r2_llama/agentdojo_runs/vllm_parsed/workspace/user_task_4/none/none.json	9588	0c55acd6c455b68ee098d5654897ef50b1f9a218a77d7238df6dd071621a9ae6
a13_r2_llama/agentdojo_runs/vllm_parsed/workspace/user_task_6/none/none.json	8647	7acfa02483b33f4eb59ab67299148585cde565961080b38005925d6023b8809e
a13_r2_llama/agentdojo_runs/vllm_parsed/workspace/user_task_8/none/none.json	7167	b1beb57b8f7bec41657c523ceca9af2bf3f2984d7be3ef24e797fa0676499785
a13_r2_llama/agentdojo_runs/vllm_parsed/workspace/user_task_9/none/none.json	4176	e885d99cc2422b749973a68df7be1944645e075662ad02c950a476e7f364db75
a13_r3_gemini/REPORT.md	6257	11033371b7011cdaea4abb710d190f177b9edac7dbe4205c20da1e31d1092f17
a13_r3_gemini/decisions.jsonl	134196	197007b7afedff768e1488fc59d55f59f07222533e0cd27643cce023607195e3
a13_r3_gemini/manifest.json	14538	fba6bdec2f0960f6bfb285279e1d097879c25028b0ca16971bd645e62af45c18
a13_r3_gemini/protocol.json	7057	fbb67aa3aca5b58877dcdef988b1b51bdef5e14b104b7f0f88adf841d16e6f01
a13_r3_gemini/results.json	18864	8e5fe79f389e78e36e6d7da54be784a5a030784795d2ef6db9c8e6f98b5dc0e8
a13_r3_gemini/taxonomy.json	223966	02894700c2ff370b28b858a6f533805c37fd11d86bb1c70af3b71ac21cdc674b
a13_r3_gemini/agentdojo_runs/openrouter_google_gemini-2.5-flash/banking/user_task_0/none/none.json	1773	a890f4c7f9c3c13d243e1d568c567098ebefc0d5f5d39de8cc0e7c27bc58bb38
a13_r3_gemini/agentdojo_runs/openrouter_google_gemini-2.5-flash/banking/user_task_11/none/none.json	1874	1f7cee3ac5b7825c01c69d494d0e07940eebe8f262fc9b9943fbfe51b14f6079
a13_r3_gemini/agentdojo_runs/openrouter_google_gemini-2.5-flash/banking/user_task_12/none/none.json	3071	00ca7b41098eaf6fd8d08575505ccc8cefb15cb226e8dc31f1f45e46f3a5ac68
a13_r3_gemini/agentdojo_runs/openrouter_google_gemini-2.5-flash/banking/user_task_13/none/none.json	4126	8f5b28ee159569c8cc44f08c7f9127a7976fc711675d5c8a4ca2baf5310a1554
a13_r3_gemini/agentdojo_runs/openrouter_google_gemini-2.5-flash/banking/user_task_14/none/none.json	1862	65b68378ed685c03855bd27b7c3fdd496338da6a25ca3375519daf62fda8ca6d
a13_r3_gemini/agentdojo_runs/openrouter_google_gemini-2.5-flash/banking/user_task_15/none/none.json	2112	085e3d0dae43c5afe76c25630644782d4f08042f446c8fde65d8b545f05426f2
a13_r3_gemini/agentdojo_runs/openrouter_google_gemini-2.5-flash/banking/user_task_2/none/none.json	1860	67b7749ffa1be9dc7b7fa4fdc8b822d0ebe0bbecc312c55c24e8cc451c3e0811
a13_r3_gemini/agentdojo_runs/openrouter_google_gemini-2.5-flash/banking/user_task_3/none/none.json	3098	9e58c8296918c700750d4b4af770d86e77640902c49f469744df8c952cb44bbe
a13_r3_gemini/agentdojo_runs/openrouter_google_gemini-2.5-flash/banking/user_task_4/none/none.json	1770	18c4a0f33d608342e380cdaad58d3336bbf1e685d23f375e63b44b60d7ac741b
a13_r3_gemini/agentdojo_runs/openrouter_google_gemini-2.5-flash/banking/user_task_5/none/none.json	1863	f1667df2e88f61af608a6fdd66a9fda8b431010cd19754321884ad0e7916434a
a13_r3_gemini/agentdojo_runs/openrouter_google_gemini-2.5-flash/banking/user_task_6/none/none.json	5071	7433504208e0e549a280ea72d518985ee2e7a23b7dfb532e44c7c61b77036fc9
a13_r3_gemini/agentdojo_runs/openrouter_google_gemini-2.5-flash/banking/user_task_9/none/none.json	1728	f417ba54a8073313e0bfe7b1d20fbc1547d7125bd55fd12ebfce023ebe07bd69
a13_r3_gemini/agentdojo_runs/openrouter_google_gemini-2.5-flash/slack/user_task_1/none/none.json	5606	a92840c17521ed30f18c97b2926d386c49bcdf47fc96a019db3ad8abed3b92dc
a13_r3_gemini/agentdojo_runs/openrouter_google_gemini-2.5-flash/slack/user_task_10/none/none.json	2680	534e95526bcd7bbcde0832a651c5ace5f11b183a718a6fd9b24fe6a82f13f183
a13_r3_gemini/agentdojo_runs/openrouter_google_gemini-2.5-flash/slack/user_task_11/none/none.json	3013	6e638bf226bad9c19942d41f119105a594a9271580c940bdc84165a60dea12dc
a13_r3_gemini/agentdojo_runs/openrouter_google_gemini-2.5-flash/slack/user_task_12/none/none.json	3717	677e2badd91475a4b8aa0daf4b409c09429b1ce767307ad143e931cfff4d07de
a13_r3_gemini/agentdojo_runs/openrouter_google_gemini-2.5-flash/slack/user_task_13/none/none.json	8218	3bbb9c36e9190f4701bee02cc4d9c1d43501e3021e743bb50c753686fba09a5a
a13_r3_gemini/agentdojo_runs/openrouter_google_gemini-2.5-flash/slack/user_task_14/none/none.json	1933	91bde8624fc4a589df362d04f05e20910fb4213538b338fbca671e673dfd34c0
a13_r3_gemini/agentdojo_runs/openrouter_google_gemini-2.5-flash/slack/user_task_15/none/none.json	7995	b3d49b7c06e4aa926fdf8b797b9fda5463ccbd934b9c55c476b0daf89cca0bdd
a13_r3_gemini/agentdojo_runs/openrouter_google_gemini-2.5-flash/slack/user_task_16/none/none.json	8296	1e0a6bf5a36920c1163d249e60a5369c1420907eb7af863b575e1f87a4491459
a13_r3_gemini/agentdojo_runs/openrouter_google_gemini-2.5-flash/slack/user_task_17/none/none.json	5110	a52fdd75a379646269194d081062baf3e238b609146970c439c323752c01bf27
a13_r3_gemini/agentdojo_runs/openrouter_google_gemini-2.5-flash/slack/user_task_18/none/none.json	1715	b722aed4439e9f60ba153633806f25b8a03223bb60a9f27431b614e786c78cf8
a13_r3_gemini/agentdojo_runs/openrouter_google_gemini-2.5-flash/slack/user_task_19/none/none.json	1774	e1ad53caf3ee15f666a8fc9720eae89d7f3638516210c54b7f9589e47053daf3
a13_r3_gemini/agentdojo_runs/openrouter_google_gemini-2.5-flash/slack/user_task_2/none/none.json	3847	d0783004719f0983d4e79eaad3f19e91aa0398e9c68b05491f7d7c73d1d90b85
a13_r3_gemini/agentdojo_runs/openrouter_google_gemini-2.5-flash/slack/user_task_3/none/none.json	1679	4e98835a3389a7ee16e34c771c1af056ac80ab8d0be7060c664386960cf4d69e
a13_r3_gemini/agentdojo_runs/openrouter_google_gemini-2.5-flash/slack/user_task_4/none/none.json	5272	0235ce6079bf8408da9de2068abe5fce4790c0caacb22be476f2a62a44f7e491
a13_r3_gemini/agentdojo_runs/openrouter_google_gemini-2.5-flash/slack/user_task_5/none/none.json	7808	e4ef9a079b0e455e865680ba87a978e06686b2676f0b0e87270736f5dd882b42
a13_r3_gemini/agentdojo_runs/openrouter_google_gemini-2.5-flash/slack/user_task_7/none/none.json	2645	57576bca0e16324df1c07496d67af79cd06f23bc8d17e70bb79e9d906bd37989
a13_r3_gemini/agentdojo_runs/openrouter_google_gemini-2.5-flash/slack/user_task_8/none/none.json	8038	0963d34eb29d93f0e9fa529e5a64dbfa028a92fddfddc3ed9e67a08123848e28
a13_r3_gemini/agentdojo_runs/openrouter_google_gemini-2.5-flash/slack/user_task_9/none/none.json	7994	011e8bea9cb7a6a8cdc651a87a0a952274ebb9cf143d0244a33f26ae64a4430b
a13_r3_gemini/agentdojo_runs/openrouter_google_gemini-2.5-flash/travel/user_task_0/none/none.json	4756	2d88d365549e8362d4bb95a354167d1cc195acac422bdecc0537c9e1710534a8
a13_r3_gemini/agentdojo_runs/openrouter_google_gemini-2.5-flash/travel/user_task_1/none/none.json	7705	2a2db556b07dfb4113ac25ca69ea2767bc129b78b103e52edfc7118350e090a9
a13_r3_gemini/agentdojo_runs/openrouter_google_gemini-2.5-flash/travel/user_task_3/none/none.json	10365	b7f556a2677db6c2ddde230ff8ce36ea4d71e0eabdb418985abecfb91d822923
a13_r3_gemini/agentdojo_runs/openrouter_google_gemini-2.5-flash/travel/user_task_4/none/none.json	10815	02f0324a25630a944436340e2aa11bc7c57dcae2b19150942fbf75ad72d78d98
a13_r3_gemini/agentdojo_runs/openrouter_google_gemini-2.5-flash/travel/user_task_7/none/none.json	8126	4b8bff860a5649aba0d90dbf380d59a740197e3c44c777bbfb3a0284904d3647
a13_r3_gemini/agentdojo_runs/openrouter_google_gemini-2.5-flash/travel/user_task_8/none/none.json	11707	e66a9bd7d102d6ef87928cb2a33009ab6e4bd2acf25e0cd678d4b55775634b64
a13_r3_gemini/agentdojo_runs/openrouter_google_gemini-2.5-flash/workspace/user_task_12/none/none.json	5290	e85ca1f01069d8ee9bb1691d7cbd381ff2b71e7ec3ee587436193f42d716deda
a13_r3_gemini/agentdojo_runs/openrouter_google_gemini-2.5-flash/workspace/user_task_13/none/none.json	4111	f3250cdb3a11a95e88a345b7992e06f1d076564e0c5926a97788cfa2ecb0e794
a13_r3_gemini/agentdojo_runs/openrouter_google_gemini-2.5-flash/workspace/user_task_15/none/none.json	7706	5f4c795e0bb9d699db5b28cfecbc241d7c54dab7c1354e28ef8733e0915851b2
a13_r3_gemini/agentdojo_runs/openrouter_google_gemini-2.5-flash/workspace/user_task_18/none/none.json	6460	0d9f13361588ff1aa78838ad3a5037dbc9849eacbab5887cd9a447cf9b9a7596
a13_r3_gemini/agentdojo_runs/openrouter_google_gemini-2.5-flash/workspace/user_task_20/none/none.json	8946	d3e568063a8b14cc98e4bac67f31f04dad8c99b44d0d0c436e5372fd72be1394
a13_r3_gemini/agentdojo_runs/openrouter_google_gemini-2.5-flash/workspace/user_task_21/none/none.json	7587	4b0ec2ac37b2e71a7e28ab9a10b2caf55ba561159ebbe0977bcb90e60995e5b7
a13_r3_gemini/agentdojo_runs/openrouter_google_gemini-2.5-flash/workspace/user_task_25/none/none.json	3001	11eefe4c0f0bacfe57f1df7833605b104f3624e3c340d3c04abb4d5c4ea706d9
a13_r3_gemini/agentdojo_runs/openrouter_google_gemini-2.5-flash/workspace/user_task_31/none/none.json	3035	cb352b14d8147603b8a6a145eeacf667c07ce0a5789164ae590112214e7b3f0a
a13_r3_gemini/agentdojo_runs/openrouter_google_gemini-2.5-flash/workspace/user_task_32/none/none.json	2943	a32f6573d45c248749956cc27ee3203b0f5719084cbc692771044cb225d4fe5b
a13_r3_gemini/agentdojo_runs/openrouter_google_gemini-2.5-flash/workspace/user_task_33/none/none.json	1896	2c58d95aaff6ad77ecc8359fc2b94d7ff28ac0e3992c36ba3ebdb6905b07576e
a13_r3_gemini/agentdojo_runs/openrouter_google_gemini-2.5-flash/workspace/user_task_36/none/none.json	3054	cbfeb5fac9987b98f5010f7ea8258caa43d59b4c3179bb9f68c8325cd3bfde5b
a13_r3_gemini/agentdojo_runs/openrouter_google_gemini-2.5-flash/workspace/user_task_37/none/none.json	3135	5e2e00c0a5a8bd3cfd920a32b4218776b7cff87fecbb66bb813740145b39ef55
a13_r3_gemini/agentdojo_runs/openrouter_google_gemini-2.5-flash/workspace/user_task_4/none/none.json	8666	e2314172508e069064ec681182566bee93585534aaa507975af18cd3642f8ec7
a13_r3_gemini/agentdojo_runs/openrouter_google_gemini-2.5-flash/workspace/user_task_6/none/none.json	5874	a3dbc0814777691dbb70cf60a47b4a89c29618db80e834593f6e14c40ee62f4f
a13_r3_gemini/agentdojo_runs/openrouter_google_gemini-2.5-flash/workspace/user_task_8/none/none.json	5256	82184fdb47fc08cb008f04a07129fd69188eea3b69a51511b80bbe392d1c0b7c
a13_r3_gemini/agentdojo_runs/openrouter_google_gemini-2.5-flash/workspace/user_task_9/none/none.json	5748	2753137a8444cc8845bce35401108bcfa95d08ee0016f652dc56e8d0c050cea2
a13_r3_gemini/smoke_agentdojo/openrouter_google_gemini-2.5-flash/workspace/user_task_19/none/none.json	20117	18426fd9fe96b7350af4b643142b3fb5b9e90e813f780f7d2d0f928570222c21
a14_authorization_invariance_PREFREEZE_AUDIT0_20260809_075011/authorization_nonequivalent_controls.jsonl	14074	8e602c672059ec869d311b4a878ca5a175e191e24119eb7e03b48fa247809b2c
a14_minimal_factorial/FROZEN_ARTIFACT_SHA256.txt	1016	9385d96b78dd56e430114b9343cc540c0c8333fe0b8793e44c3b36dcbb70a71d
a14_minimal_factorial/PREFREEZE_SUMMARY.json	1271	0ddcfb99c8bbb9d0f9067bfd22f1b86881f8e27a57bb058b6befd65063a166a8
a14_minimal_factorial/authorization_equivalence_graph.jsonl	20712	e4f7882418023e8589c09fa755675482f6fdb09a068a6f8978f786a1f3786050
a14_minimal_factorial/base_instances.json	83210	32d8d56e9ba07c6cbc0d58a640466078c531b658b2173292721829e176f21af7
a14_minimal_factorial/completion_token_semantics.jsonl	128275	1a9964851ede7501cbd4d690e90980a5db2435d3bfda8006108e04670c8fffc7
a14_minimal_factorial/component_registry.jsonl	297414	c36c5219ad5825b49f14cb2dc5905464757bacbccfd6e855ae2c55015cff0450
a14_minimal_factorial/human_base_quartet_audit.jsonl	126808	c1f3ae4cac257acf2df3f7b9bea8419a30bfe818c9c4e7be41574adae6ee7955
a14_minimal_factorial/human_base_quartet_audit_TEMPLATE.jsonl	124384	c8883f75f6ff928221cf83d7b488a8dbba7779cfdc90bf646a4d0d18c42995eb
a14_minimal_factorial/human_equivalence_audit.jsonl	42000	db3925d05eb5a2171a717097e34f64dabe2423d0fe511c8ae38c5523d1af2b91
a14_minimal_factorial/human_equivalence_audit_TEMPLATE.jsonl	41392	59d0d6d40831c951f69360507c21a448fb4bf1dab49c3cc404437cb3d494ca7d
a14_minimal_factorial/lineage_graph.jsonl	19344	e2c60ab1517ddba8becb8cd22a04ac76fc8d87ca91af617851ce1a8bbf832d64
a14_minimal_factorial/mechanical_checks.jsonl	3462	94c8c1d2ca329dad4cbba55e6fdc67dd5677c50d7b50a008afc9f7010d0860f7
a14_minimal_factorial/neutral_replacements.jsonl	203664	f4253769dc6dfc0ec4e607557d9d686c3d6c760907d4d93e0497de46fb346825
a14_minimal_factorial/prediction_ledger.json	1784	af6bb2aa27d1271d97bb5c3b4e6d6e63372fc37fe66983ecdc0db0dba508d356
a14_minimal_factorial/protocol.json	7015	5f500ae7891700b5dec48ef09b46c649cf827e8801bc0c8d4375ac5b5dcd5473
a14_minimal_factorial/scoring_plan_gemma.jsonl	126000	1ae4e736d4ada6b4f28bfc7e2c155e12eb1b80cb36e04fd32a95e358121b025a
a14_minimal_factorial/scoring_plan_llama.jsonl	232080	abb277785d094809804b59d2473a9f225f83e773fc0fce8716b390cbc3562c66
a14_minimal_factorial/source_hashes.json	892	51a0cff5343e0095b5dbbf562b78f6195bbc903491231044abb6308ca8670502
a14_minimal_factorial/analysis/REPORT.md	1246	82e469e8415f15ab1b05e6a90b04cf5b939c9afdc55c1e6195d7ab48b1c93de2
a14_minimal_factorial/analysis/results.json	73627	ef0eb44df3b2388c2b665f2a86b8602ca5a1cb7a3601eac933becb71b95e099c
a14_minimal_factorial/contexts/structured_contexts.jsonl	631692	a8ededeeb2343792385eca69eb33fe7bfd379cc3176e9226f6bbe5be3a140d21
a14_minimal_factorial/contexts/token_maps.jsonl	59764	da2a035677270ceee2361c249d599844105860221164ada97ded0ec0db3cfafe
a14_minimal_factorial/scorer_gemma/RUN_COMPLETE.json	330	8c6bd4b493ed8c9745e1413450616562bfc1fb6218ef96d04fb127476e4a4581
a14_minimal_factorial/scorer_gemma/condition_scores.jsonl	149732	edbf606d112410e50ff260e63d7008470c5299ddabfd43188ed7d942c42ec0fa
a14_minimal_factorial/scorer_gemma/raw_requests.jsonl	146448	b2a956fa29d7d9a18b44589779f8566e5d6338d6a71b31edbd954a597a2f60c7
a14_minimal_factorial/scorer_gemma/raw_responses.jsonl	19461917	fdffd1ba81329d04e82b72caf8ce0f053ca052777b9aa02b2bee51162a802c16
a14_minimal_factorial/scorer_gemma/score_cache.jsonl	555306	ef92d4b90df294a90a401fd71784fd5f74d95d40107476bd67a4a8d5f933f4c4
a14_minimal_factorial/scorer_gemma/server_preflight.json	2097	84a9cf7b569152eadf65baed6664a7a6e9eef24cecd80322483ba72b339b88b6
a14_minimal_factorial/scorer_llama/RUN_COMPLETE.json	342	e1b1d934d79d92674e2c24e2d55819e510c0c08d5f931489598885c0153dbf25
a14_minimal_factorial/scorer_llama/condition_scores.jsonl	170160	1c2ee74880a4a74d2bbfad06a6fad4e0f8c09a0fd474d8a0a9a7e43f5fb91111
a14_minimal_factorial/scorer_llama/raw_requests.jsonl	257112	c3de9761191f7002ea76311e3556378d2fe70bca86606d22080c25ffb2d2eb8c
a14_minimal_factorial/scorer_llama/raw_responses.jsonl	31837346	4dcd7fcfba6d467165f600dbd30eb37ebfbff43521498f5c1f5f8308a553efc7
a14_minimal_factorial/scorer_llama/score_cache.jsonl	900909	3f4681dd1a4dac53a33c5cd3189f8525557d2b7076ce08eba964956fb5e4e3d1
a14_minimal_factorial/scorer_llama/server_preflight.json	2135	59161e306393f1a6cf44a9884eb23178931ad3f0aca5356c28cb928c09e2ea78
a14_minimal_factorial/threshold_aivr_v1/A14M_THRESHOLD_AIVR_FREEZE.json	4197	7a774fcff1827bd26fca96fab90c3139b677761670484399d275e2122a767965
a14_minimal_factorial/threshold_aivr_v1/MANIFEST.json	1115	49c58ca5be7a6fc9302225fd380ff1551f80af40df24674dc18b232bc35c4d90
a14_minimal_factorial/threshold_aivr_v1/REPORT.md	1332	21c96be78855e1dd9c32deb040949669944d49a33029aff5fb5db3a10c96c9ac
a14_minimal_factorial/threshold_aivr_v1/family_aivr_gemma.csv	58337	91c69394a3dead0c4a8337b9937a739461cc4a26e828596e2e923eb73d0cc4c3
a14_minimal_factorial/threshold_aivr_v1/family_aivr_llama.csv	57895	24baff721356ed31160a35f8c3875098d797f868f5b9fcda7ecd9a2aafdda446
a14_minimal_factorial/threshold_aivr_v1/loso_aivr_gemma.csv	76701	e6167368604e34953aa6df1a223acbb9657e326d29335c208d916539f816bcaf
a14_minimal_factorial/threshold_aivr_v1/loso_aivr_llama.csv	76088	188fee2434daab8f44b5a84c231af518d1b8740e6cfa9d2558939026c184eaf1
a14_minimal_factorial/threshold_aivr_v1/results.json	4291	f687cfe54caafe158015d99151df046b926b457ce34e66f041e7076bbfe1abfe
a14_minimal_factorial/threshold_aivr_v1/threshold_sweep_gemma.csv	28709	680b50c3065cabe41d0474ef13b15dd5aa6888715e053e1122c76b1976720184
a14_minimal_factorial/threshold_aivr_v1/threshold_sweep_llama.csv	28516	0d4b70ae54389a0127cbbffc96dee85396017ae4eff02b8a68a269c890fa83bb
a15a_selectivity_consequence/PREP_REPORT.md	597	b1ad03e00bbfcb428707b88abd5f115aeabbf40e6fb82ccf83ba457f62f5d00f
a15a_selectivity_consequence/REPORT.md	1295	fb2a9fd1a104a183663b12788122b24814da91b12306808f864cc3484fa5773a
a15a_selectivity_consequence/decision_inventory.jsonl	27383	180a3767588932c160ca4de6fb18c6cd1e0331568814525d31663d416e3d5883
a15a_selectivity_consequence/protocol.json	6886	edbb03ce44d69481b75aa5a5e38e11b53d8200ea7017d0ea59ed9cc43037f060
a15a_selectivity_consequence/results.json	2527	37ceca159e85c2bc3f8401f78e77ccde588373f8064a97f67b6bd19b54e303d2
a15a_selectivity_consequence/sanitizer_checkpoint.jsonl	78072	d02cae2c66558ee888d5e936819bb5514c3a9fe3f55b43518092a0991d811b2d
a15a_selectivity_consequence/sanitizer_jobs.jsonl	96364	81f453be3469a80398cf94972244e4a85cd2b192e46a1f429d15b6bccee6a9ec
a15a_selectivity_consequence/sanitizer_results.jsonl	78072	d02cae2c66558ee888d5e936819bb5514c3a9fe3f55b43518092a0991d811b2d
a15b0_agentwatcher_recon_v2/PACKAGE_SHA256.json	637	ead70a82ea844e1bcc13c1b2601f755cae22acd7afbeef0fde9e8b4d7659c4bc
a15b0_agentwatcher_recon_v2/README.md	3528	299d8f30729c5706dc532eaabe8e5d7e76d3067800668ca0919fa8e54d351a26
a15b0_agentwatcher_recon_v2/apply_reconstruction.py	3444	49fe2153cef0f990554b9d39f6146281dbffa6b77d3d1b8283102f9383ca1b92
a15b0_agentwatcher_recon_v2/core.py	6259	10d423221e57a3660feaa9e6f6ceec94721ab1e75ce860d114359585362125da
a15b0_agentwatcher_recon_v2/defenses_init.py	975	0dc029c77312e670fde20dadb9e78a7ca6733e8865b24ca6639265771f0a81a0
a15b0_agentwatcher_recon_v2/smoke_monitor.py	1668	8c532e71e27c686d34c17b2ea12ddd6ac62246fafd3d4025a9e348923d27e814
a15b0_agentwatcher_recon_v2/start_monitor_vllm.sh	1046	e8d212ece50fee0aa23e43a1433e0e0f38522906946877fe52899feb44533cdc
a15b0_agentwatcher_recon_v2/verify_reconstruction.py	1152	2b245b6a9c5bed672a4a517cf1ee6379b2b9b4c74cc118e3e2dccf7c5ee82e73
a15b0_agentwatcher_recon_v3/PACKAGE_SHA256.json	344	e31f3caf1ff3e82914ef5962afeb3b3fec33de08883487614f76cb6983c8983a
a15b0_agentwatcher_recon_v3/README.md	1649	9799ec4287a1b3de8ad325d6d381e1f0739955f44f252e242c194ab9896b23d4
a15b0_agentwatcher_recon_v3/core.py	6876	e15426ad472769d4249a8e5700e8b445d4b1815c4aa28dd447479e6a991083b4
a15b0_agentwatcher_recon_v3/patch_v2_to_v3.py	2030	df931d443f14f1a11f6dee184839adab0083b11c2d911a102d3ab8505c4d10a3
a15b0_agentwatcher_recon_v3/verify_v3.py	786	ab3c247d0542b80125acd6b06d661ea732a5e9c15e4e59e537d89546a3025e90
a15b0_architecture_boundary/FREEZE_COMPLETE.json	422	58ab9be3e9a2ae023f3f760c3571ef8a54c0e39c33a83a45e5cc56aafbac432b
a15b0_architecture_boundary/PREFLIGHT.json	681	94c538d017826c02f2eadf74b9048282c276fe2dfc9806e64d7b1398f81c9661
a15b0_architecture_boundary/PREFREEZE_INPUT_SUMMARY.json	20012	52f5e952ca27fc758f6e72a0e8f9e5dc91db28c3a0a748435812ff52f4524b61
a15b0_architecture_boundary/agentwatcher_controlled_outputs.jsonl	100270	5b398101b15e6013ba26ee485937dfb42d26315712a25597f7b19779dd5e8e76
a15b0_architecture_boundary/agentwatcher_natural_outputs.jsonl	72935	a89797052c1c37a784c60b9f3a882055b60f20f18ead456cadb84606e0ae57e2
a15b0_architecture_boundary/agentwatcher_no_localization_controlled_outputs.jsonl	86278	bebc968b9c4fde2c9807eee4ebf141ad3ce5900df8bb5ae85da1061137d1ff19
a15b0_architecture_boundary/agentwatcher_no_localization_natural_outputs.jsonl	50871	cbeb0aba606db14a0c6d32326a6b64a5f3d44c3f33a0566742bbc1628406f474
a15b0_architecture_boundary/analysis_results.json	6982	61c6aba74d606d427e7b762e7b820164957b4f6db712c9d859ae2ac047bcd222
a15b0_architecture_boundary/causalarmor_natural_gemma.jsonl	16410	821c6911be44318d9cc93f62b45644721fe624c89d24a0727c59ef70df55190d
a15b0_architecture_boundary/controlled_96_inputs.jsonl	195755	a579fe9cb1f43d8621898a86bdabe51fd720e830a53f0f8e3d5c484fa87dcea4
a15b0_architecture_boundary/controlled_execution_inputs.jsonl	97880	011c18ae7042cab919d713cd46e9d87e830079029870f59ff3e352661f41c49e
a15b0_architecture_boundary/gemma_source_fidelity_lock.json	544	65659f641e88c7551fecaf606c75fc21be79f0c4ded9b023ec1a0f5680c9075d
a15b0_architecture_boundary/natural_26_inputs.jsonl	107743	4a1af1f195ec86c3688d00315dc4eb99c7c63a7737fcaaa15cfbae84b335c6db
a15b0_architecture_boundary/natural_static_input_hash_audit.jsonl	7304	0c260022153ac2dd890fd31731cfef98c991565438ac2bbaf8d0128560ce7a46
a15b0_architecture_boundary/protocol.json	11978	a18a1efe73c9bc7851a0b5cb0375c028915999401b70ead926b1f185fdf1ca18
a15b0_architecture_boundary/source_lock.json	2438	82a7844858eefc0f1cfafb8353873051dcbf2811f9c97d065e4e6e5138df1b29
a15b0_architecture_boundary/attack_anchor/A15B0_ARMC_ATTACK_ANCHOR_FREEZE.json	28444	95fed674256165c5be2ae836d3268ffd3a6993239ebe0cfb2eb32f3b85c20a4a
a15b0_architecture_boundary/attack_anchor/A15B0_ARMC_ATTACK_ANCHOR_FREEZE.sha256	103	f33f29de62ced397184b596b8fbbed376c86e2b7364ed8777f3693cdeb831fa0
a15b0_architecture_boundary/attack_anchor/A15B0_IMPORTANT_INSTRUCTIONS_200_FILE_SHA256.txt	56288	840dc4d7b13a557f017d98494dc4af6bee8ed7b1a5b441282092d4ab92adcde6
a15b0_architecture_boundary/attack_anchor/A15B0_IMPORTANT_INSTRUCTIONS_200_LOG_SHA256.txt	150	cb90920cfd4eb0a4d547127f8e19fe2b77adae22a585056cb2e419703ce44596
attriguard_a14_v2/ATTRIGUARD_A14_V2_FINAL_ADAPTER_PREFREEZE.json	3821	2ec9b75b1a7ef8cd094b94173f1b889e403946b4976420f046e49ec44006f731
attriguard_a14_v2/ATTRIGUARD_A14_V2_INTERFACE_DISCOVERY.json	120036	1300da4ebfeffcfa6477b35ac4b1e0052ea4c69718800aa71de1f87bac134f86
attriguard_a14_v2/ATTRIGUARD_A14_V2_NO_MODEL_PREFLIGHT.json	71038	6d7f0b88307a5fca0736e063342322a4957dd0c91744d7b7ec96e5db3a627d89
attriguard_a14_v2/ATTRIGUARD_A14_V2_SOURCE_CORPUS_PREFREEZE.json	2509	1ff5006337f43345ab43d27884e07e6083b17282f13630be6e078cc890b2636a
attriguard_a14_v2/scientific_v1/ATTRIGUARD_A14_V2_SCIENTIFIC_FREEZE.json	133228	81ef1e6b098228eba3da1646521f05427a49d6debd1c8ac5de38f97cb3aa1bdd
attriguard_a14_v2/scientific_v1/PROVIDER_CALLS.jsonl	2163015	7b0bc9e77284baf510b158f97123e6a6ef3611ee984d38ddffd1936fb21e5627
attriguard_a14_v2/scientific_v1/RUN_SUMMARY.json	629	ff652106a2c49f830a34c09566cab27ad4f845b4ad7853b694d4fa75ecccdf8f
attriguard_a14_v2/scientific_v1/SCIENTIFIC_ANALYSIS.json	8356	3b74caf3ff5960fc3ee8a3222975a3d715dd46d9d58b28a06a88c434abeadb65
attriguard_a14_v2/scientific_v1/SCIENTIFIC_ATTEMPTS.jsonl	9784349	9c0e95fdd6170d7d2f5e64e5d321a5c447be6ff1a821792c65276cbc9db3f3d6
attriguard_a14_v2/scientific_v1/SCIENTIFIC_RESULTS.jsonl	476181	7ca07efb6aa331a95c8e3439022aa23877bcb08f5052cb1727589738c83daca6
attriguard_a14_v2/synthetic_smoke_v1/SYNTHETIC_SMOKE_PROTOCOL.json	881	862dfe42008bada46ab6306b9400cb92e26a8a3f9756501348abdd0807e209e8
attriguard_a14_v2/synthetic_smoke_v1/SYNTHETIC_SMOKE_RESULTS.json	1945	d1652e80e23d715fb15d4e7fcd8ae24c69878fc4394c589d4a2cdaf358d57bc4
b1_a12_backbone_replication/FREEZE_COMPLETE.json	809	7d4b86223c9b4ec2da73865136590468d91ce3f60bbca1f718cf4b74b5c25b53
b1_a12_backbone_replication/model_lineage.json	911	47e9559727af9107be00e04a1b0400d76639db7a206973b31826292cd1692a39
b1_a12_backbone_replication/protocol.json	6696	e7c74b3499446d053155e5a3140367fa2013c16ef18b08bfd952986b7e785434
b1_a12_backbone_replication/source_hashes.json	1186	40de8d6a9629753a70d01b5510f275967f445b537aa99d40dee592792a3978f4
b1_a12_backbone_replication/task_manifest.json	14572	f5305527f168ca227432f515395a7cea545aadffa7606f87f86caef99d5ad667
b1_a12_backbone_replication/taxonomy.json	223966	02894700c2ff370b28b858a6f533805c37fd11d86bb1c70af3b71ac21cdc674b
b1_a12_backbone_replication_c0_v2/COMBINED_REPORT.md	815	3b5301ac7b59b348ce337e539446dc7d0bfc536ba272419dc1944268e12c0cd0
b1_a12_backbone_replication_c0_v2/FREEZE_COMPLETE.json	989	106811bba7f7d5510fb5b408e3a251774cbe411cbb03c9e5e015a8033eaf90aa
b1_a12_backbone_replication_c0_v2/combined_results.json	3963	9d8576b403d6b8521829b74ab4ed3d79375648d91a788b18fc8b89ff80b58a49
b1_a12_backbone_replication_c0_v2/model_lineage.json	911	47e9559727af9107be00e04a1b0400d76639db7a206973b31826292cd1692a39
b1_a12_backbone_replication_c0_v2/protocol.json	7918	8fc77570874121e074d34538ba179c21ac84b8b7cb90bce0e064d1e70204e18e
b1_a12_backbone_replication_c0_v2/source_hashes.json	689	a7538292e81bddd8887ea7de6b6b5f7ae9b818c937b49ff1343afc1779112113
b1_a12_backbone_replication_c0_v2/task_manifest.json	15548	2120e6e5b74a4f0a412cff82077c637d8945b63bba2573fad6087e35be617482
b1_a12_backbone_replication_c0_v2/taxonomy.json	239111	2b5b72e929e7b3d2516d3d6c9817aec1a28d2f37eea10bbc98aa04704e9be3da
b1_a12_backbone_replication_c0_v2/claude45/REPORT.md	1091	da76194d2fed00c6b5267584dc10b394301944c00bb1199448ee3b0ad7145272
b1_a12_backbone_replication_c0_v2/claude45/decisions.jsonl	324192	90de31b5b3a748b2adb170d7521d3cfb2d6730529ca8641a70491ab99fb416b4
b1_a12_backbone_replication_c0_v2/claude45/manifest.json	15384	46f803f674bece7e41a6f48b31f46f0bdca882ee7433003dfa9b0e75d3c9d941
b1_a12_backbone_replication_c0_v2/claude45/protocol_pointer.json	346	54ae6cd6a4e726ba615deaec4f0c249fb1580ac735b0eb1691a6c7b04250ba9f
b1_a12_backbone_replication_c0_v2/claude45/results.json	6354	82332c7914b9aaab1a65fe8e26d1d8af0bc0421e2d6edb6e1e5ed79b2a2a14c7
b1_a12_backbone_replication_c0_v2/claude45/taxonomy.json	239111	2b5b72e929e7b3d2516d3d6c9817aec1a28d2f37eea10bbc98aa04704e9be3da
b1_a12_backbone_replication_c0_v2/claude45/agentdojo_runs/b1_openrouter_anthropic_claude-sonnet-4.5/banking/user_task_0/none/none.json	3502	cfb9508033b070468cf5b4e3e6c34679d16e8693d10945ce2a903ed3aff61867
b1_a12_backbone_replication_c0_v2/claude45/agentdojo_runs/b1_openrouter_anthropic_claude-sonnet-4.5/banking/user_task_11/none/none.json	5960	57fa0453a064af366b92b828122331c8704d24b8cc7db1278cb614d61a0784f5
b1_a12_backbone_replication_c0_v2/claude45/agentdojo_runs/b1_openrouter_anthropic_claude-sonnet-4.5/banking/user_task_12/none/none.json	3534	ab7c4270f9725190764ee470dd54186e1c2032225acc89eb19fcf723dee059f3
b1_a12_backbone_replication_c0_v2/claude45/agentdojo_runs/b1_openrouter_anthropic_claude-sonnet-4.5/banking/user_task_13/none/none.json	4750	0ee10adb7922a9e7d253c9c545050b33bc7f15bb153e431e364b834c4ca916ce
b1_a12_backbone_replication_c0_v2/claude45/agentdojo_runs/b1_openrouter_anthropic_claude-sonnet-4.5/banking/user_task_14/none/none.json	6022	24bfe326f4061a7247e6740a0a1ba89ed8244e4bebfa227ffac650f0bdfd72d0
b1_a12_backbone_replication_c0_v2/claude45/agentdojo_runs/b1_openrouter_anthropic_claude-sonnet-4.5/banking/user_task_15/none/none.json	10130	eedc2f768f1df550630a68a52a2af79613f301b0d3c94468dcc44aa9f60e9342
b1_a12_backbone_replication_c0_v2/claude45/agentdojo_runs/b1_openrouter_anthropic_claude-sonnet-4.5/banking/user_task_2/none/none.json	6236	bff07d1c32e0cd437c94daa899310c463de343ab1d2e3a80d11e6d39594d1f37
b1_a12_backbone_replication_c0_v2/claude45/agentdojo_runs/b1_openrouter_anthropic_claude-sonnet-4.5/banking/user_task_3/none/none.json	5926	31dcb57d8120b3ae78859821b14285c1bb749c96228ea2dd27af010b9b770092
b1_a12_backbone_replication_c0_v2/claude45/agentdojo_runs/b1_openrouter_anthropic_claude-sonnet-4.5/banking/user_task_4/none/none.json	5430	f24e38ec7d59cf4962fb3bdf4760dcdb467269ef3311ef8d9ac848f14a215e72
b1_a12_backbone_replication_c0_v2/claude45/agentdojo_runs/b1_openrouter_anthropic_claude-sonnet-4.5/banking/user_task_5/none/none.json	5651	7268866fc5ac5dbb11c3cec24bc9f4f2800b295f478a192ef962193e67ce6b59
b1_a12_backbone_replication_c0_v2/claude45/agentdojo_runs/b1_openrouter_anthropic_claude-sonnet-4.5/banking/user_task_6/none/none.json	3997	28824623e9082a116c2db8e33cbfe43b904122f522de422bccda8b320e9bc0a6
b1_a12_backbone_replication_c0_v2/claude45/agentdojo_runs/b1_openrouter_anthropic_claude-sonnet-4.5/banking/user_task_9/none/none.json	3488	506d8e342081486b8acec2a62aef7fef554a0f498c08848f0580c3b5b89e9263
b1_a12_backbone_replication_c0_v2/claude45/agentdojo_runs/b1_openrouter_anthropic_claude-sonnet-4.5/slack/user_task_1/none/none.json	6474	cea07a1a5cbfb07d7fe97222912445e923c2bc6be3f0dc49f52062d0ecc7dfa4
b1_a12_backbone_replication_c0_v2/claude45/agentdojo_runs/b1_openrouter_anthropic_claude-sonnet-4.5/slack/user_task_10/none/none.json	15155	1256f522d8b1a5624259aa7fc5e9e3999143850d24e74e8dc222bc9a3e971525
b1_a12_backbone_replication_c0_v2/claude45/agentdojo_runs/b1_openrouter_anthropic_claude-sonnet-4.5/slack/user_task_11/none/none.json	8003	0ca119931f30e6343a5a30e954b257a8f19c99ec373f3e97de12c2ef1e33f666
b1_a12_backbone_replication_c0_v2/claude45/agentdojo_runs/b1_openrouter_anthropic_claude-sonnet-4.5/slack/user_task_12/none/none.json	4211	237e7e0de120b49e069511e31288e7bb86207925a60cca77937077d01f2e2838
b1_a12_backbone_replication_c0_v2/claude45/agentdojo_runs/b1_openrouter_anthropic_claude-sonnet-4.5/slack/user_task_13/none/none.json	8980	c37a3f271d90c94a6219bc8fd9cad8629bac6297d4c6b7966f0ce193616dc0b9
b1_a12_backbone_replication_c0_v2/claude45/agentdojo_runs/b1_openrouter_anthropic_claude-sonnet-4.5/slack/user_task_14/none/none.json	12477	796ebbd9c9088270386a1ab29ef552722562cdf1aa71f2a4828621c4c124605c
b1_a12_backbone_replication_c0_v2/claude45/agentdojo_runs/b1_openrouter_anthropic_claude-sonnet-4.5/slack/user_task_15/none/none.json	9138	e11d3f66d1dabe6d4f2a94de16d09e66e562c01661b89c239828e457f3c696f3
b1_a12_backbone_replication_c0_v2/claude45/agentdojo_runs/b1_openrouter_anthropic_claude-sonnet-4.5/slack/user_task_16/none/none.json	11327	1a41c0de880e48572b3773649a9f0ca4261449d1afac441d79b0d02ed20882da
b1_a12_backbone_replication_c0_v2/claude45/agentdojo_runs/b1_openrouter_anthropic_claude-sonnet-4.5/slack/user_task_17/none/none.json	5858	fc2428130adf25080c04694e218a96f956517be460b209640a29a5c57a634ff5
b1_a12_backbone_replication_c0_v2/claude45/agentdojo_runs/b1_openrouter_anthropic_claude-sonnet-4.5/slack/user_task_18/none/none.json	14029	fc676427670e25d257757483443bf6c66eb1748476ad1787e8d4b7b655a62890
b1_a12_backbone_replication_c0_v2/claude45/agentdojo_runs/b1_openrouter_anthropic_claude-sonnet-4.5/slack/user_task_19/none/none.json	11635	c1145406a836b12b31798878684ceb9ca275ce8e55159503b9bf5c6507e69b76
b1_a12_backbone_replication_c0_v2/claude45/agentdojo_runs/b1_openrouter_anthropic_claude-sonnet-4.5/slack/user_task_2/none/none.json	4309	c42a7cc220d10f0787d874d7f1fe4dfa6b9f25fb5760a90d05b86fef96601ee2
b1_a12_backbone_replication_c0_v2/claude45/agentdojo_runs/b1_openrouter_anthropic_claude-sonnet-4.5/slack/user_task_3/none/none.json	4629	0e1367e79bb311f2e0d5969858cc3e3073e53f2b69cbc6bab8f5d49011967b18
b1_a12_backbone_replication_c0_v2/claude45/agentdojo_runs/b1_openrouter_anthropic_claude-sonnet-4.5/slack/user_task_4/none/none.json	6235	263e0be198a43715b9fe9431b362164c9809c2ffac1c4d783cf47126cbdc86bc
b1_a12_backbone_replication_c0_v2/claude45/agentdojo_runs/b1_openrouter_anthropic_claude-sonnet-4.5/slack/user_task_5/none/none.json	8365	3ef1375f0ed9f00a72c663788551187ce720471d4500bab6e4f856e125ce0009
b1_a12_backbone_replication_c0_v2/claude45/agentdojo_runs/b1_openrouter_anthropic_claude-sonnet-4.5/slack/user_task_7/none/none.json	4094	e5d8e554ba9e8cb3a73ff9ddcffaef987c1a23ccddd1f28637dcad70f1466335
b1_a12_backbone_replication_c0_v2/claude45/agentdojo_runs/b1_openrouter_anthropic_claude-sonnet-4.5/slack/user_task_8/none/none.json	8699	2f14b913dc2fcbee1967d3956b45b132164ac56008b574de483bde7504fb1fa1
b1_a12_backbone_replication_c0_v2/claude45/agentdojo_runs/b1_openrouter_anthropic_claude-sonnet-4.5/slack/user_task_9/none/none.json	8693	6bdcf5fdb5ce7c385f5a1b18e570eba71da75bc2bef96a7b43cf4cd0613f0ae7
b1_a12_backbone_replication_c0_v2/claude45/agentdojo_runs/b1_openrouter_anthropic_claude-sonnet-4.5/travel/user_task_0/none/none.json	5569	f299c28860ef6ee5f1184b4f3d0a634d03417df07a73ec7d6a6e0ac0c816ba6a
b1_a12_backbone_replication_c0_v2/claude45/agentdojo_runs/b1_openrouter_anthropic_claude-sonnet-4.5/travel/user_task_1/none/none.json	8542	a5abcddff3ead353ff01c415c836298f517349850793eac6d3402fd4064579d2
b1_a12_backbone_replication_c0_v2/claude45/agentdojo_runs/b1_openrouter_anthropic_claude-sonnet-4.5/travel/user_task_3/none/none.json	11610	3066ab49436da63dc67e2922949235a5fa3bbc4c13c6333c6613d32a4af09be2
b1_a12_backbone_replication_c0_v2/claude45/agentdojo_runs/b1_openrouter_anthropic_claude-sonnet-4.5/travel/user_task_4/none/none.json	12093	f50fdc34baaa131cb3f6ba1bb9ccd3a827fcafdd50caf6388979411c6320605b
b1_a12_backbone_replication_c0_v2/claude45/agentdojo_runs/b1_openrouter_anthropic_claude-sonnet-4.5/travel/user_task_7/none/none.json	12675	81fc649633e78b08fd7d8cf0978cab2147d67abff4f37bc6bd97ecf11047a650
b1_a12_backbone_replication_c0_v2/claude45/agentdojo_runs/b1_openrouter_anthropic_claude-sonnet-4.5/travel/user_task_8/none/none.json	14961	d575a8a21508a5a2cfd291a4c59892c4e39932dac57044ab590b3b817c4cd64b
b1_a12_backbone_replication_c0_v2/claude45/agentdojo_runs/b1_openrouter_anthropic_claude-sonnet-4.5/workspace/user_task_12/none/none.json	6002	e5ff5d88653860987ce280f6c59bf5ed6a395ec4f35cd251155c4460511fb3a3
b1_a12_backbone_replication_c0_v2/claude45/agentdojo_runs/b1_openrouter_anthropic_claude-sonnet-4.5/workspace/user_task_13/none/none.json	18982	43777e3b51ad60d6da0e221f522a2c7b22544b41a1da79f57193031f1599b050
b1_a12_backbone_replication_c0_v2/claude45/agentdojo_runs/b1_openrouter_anthropic_claude-sonnet-4.5/workspace/user_task_15/none/none.json	8298	f235629c18ccad03c3e76f52d7940341065f7922320965188a5afce6b2df3c07
b1_a12_backbone_replication_c0_v2/claude45/agentdojo_runs/b1_openrouter_anthropic_claude-sonnet-4.5/workspace/user_task_18/none/none.json	9870	5000b39843ca50adca8f1097edeee2d99c9c3a19d75fa387fb69ab9c667cc218
b1_a12_backbone_replication_c0_v2/claude45/agentdojo_runs/b1_openrouter_anthropic_claude-sonnet-4.5/workspace/user_task_20/none/none.json	7288	c4688ecaec785d5c3aec1c56aaeaf11077bc42aa9a154d2459e2af019191b8c0
b1_a12_backbone_replication_c0_v2/claude45/agentdojo_runs/b1_openrouter_anthropic_claude-sonnet-4.5/workspace/user_task_21/none/none.json	8333	47e7c85136ed8f644aa72add49c45d6c1b54fc774bb01c2d9fdb0ec38729c1d7
b1_a12_backbone_replication_c0_v2/claude45/agentdojo_runs/b1_openrouter_anthropic_claude-sonnet-4.5/workspace/user_task_25/none/none.json	24027	66907b47042fffa2b3d202945c31a11a9ff1c218e1de132030315af24f2656b4
b1_a12_backbone_replication_c0_v2/claude45/agentdojo_runs/b1_openrouter_anthropic_claude-sonnet-4.5/workspace/user_task_29/none/none.json	13412	916ed3c73b5b6e24dd0c36f3311701afeac1638c006cb2d35c64b10e8c2e85bb
b1_a12_backbone_replication_c0_v2/claude45/agentdojo_runs/b1_openrouter_anthropic_claude-sonnet-4.5/workspace/user_task_31/none/none.json	42369	749ebeca89ceae8fb375cf763b96596614e4fa5225a74d7fd331ce760bd1da92
b1_a12_backbone_replication_c0_v2/claude45/agentdojo_runs/b1_openrouter_anthropic_claude-sonnet-4.5/workspace/user_task_32/none/none.json	9672	45e713a209f6dd8e50fa580d2f1c2c8db59f6066879392b131c3602fcca24dde
b1_a12_backbone_replication_c0_v2/claude45/agentdojo_runs/b1_openrouter_anthropic_claude-sonnet-4.5/workspace/user_task_33/none/none.json	9726	1be89afee4b55348f0d2409deebbc46ce8a9fdd226b5e6fd05e941212a94dea2
b1_a12_backbone_replication_c0_v2/claude45/agentdojo_runs/b1_openrouter_anthropic_claude-sonnet-4.5/workspace/user_task_34/none/none.json	41318	3d6c831ef78f938a7d3682cd5f86db1434aaafe052424c2ea7dd61b062883996
b1_a12_backbone_replication_c0_v2/claude45/agentdojo_runs/b1_openrouter_anthropic_claude-sonnet-4.5/workspace/user_task_36/none/none.json	8542	93bf7f7da2d27e534aa001253b0c82d6eff295eaf73d3a501eff57a7ab12f3a3
b1_a12_backbone_replication_c0_v2/claude45/agentdojo_runs/b1_openrouter_anthropic_claude-sonnet-4.5/workspace/user_task_37/none/none.json	10150	faec47084631ae94faff86c677666943be3c560cf41b73c976a161ca46c4d2e2
b1_a12_backbone_replication_c0_v2/claude45/agentdojo_runs/b1_openrouter_anthropic_claude-sonnet-4.5/workspace/user_task_4/none/none.json	8848	4fa4446a3833b6100b22c704a3baaa4a4edd4838a50bc7c0ebe91192960552fb
b1_a12_backbone_replication_c0_v2/claude45/agentdojo_runs/b1_openrouter_anthropic_claude-sonnet-4.5/workspace/user_task_6/none/none.json	6202	84652d612e7b240646bc918f462df9b0bc2c6bd134dd46cdb851ff819c969133
b1_a12_backbone_replication_c0_v2/claude45/agentdojo_runs/b1_openrouter_anthropic_claude-sonnet-4.5/workspace/user_task_7/none/none.json	5379	455b0592dca58a0f2444d33730fe7a74932991461caf752f13b26847666d0ad0
b1_a12_backbone_replication_c0_v2/claude45/agentdojo_runs/b1_openrouter_anthropic_claude-sonnet-4.5/workspace/user_task_8/none/none.json	6511	dae31762748d62ad881bd937ff83ac3e04c6ca630221c426856a9efe2d17980b
b1_a12_backbone_replication_c0_v2/claude45/agentdojo_runs/b1_openrouter_anthropic_claude-sonnet-4.5/workspace/user_task_9/none/none.json	7039	480716e0f4ae6d4ea485eee8922de35dfca22ea6e6f971eaf1301fb8bcc994d8
b1_a12_backbone_replication_c0_v2/gpt4o/REPORT.md	1080	b8c2dcd2c6bc0a4bc9660235edfd7013d595a0ddc40991e74d9519234d1544c5
b1_a12_backbone_replication_c0_v2/gpt4o/decisions.jsonl	323814	e608c31fe43fff509bf7599fcf67aa2ee0acb72c1bd01aab619a9cb79203deed
b1_a12_backbone_replication_c0_v2/gpt4o/manifest.json	14418	59f2ac8fc3aca620cb8e6f14161721d2acc9aaa9664db83e135b7ca884111594
b1_a12_backbone_replication_c0_v2/gpt4o/protocol_pointer.json	329	65884cfd272a862ace9c458c1240ae333076b721f85c4ba4657ef56e8b615de3
b1_a12_backbone_replication_c0_v2/gpt4o/results.json	6446	7369a6d56ecca501b21f7ca74f056ecb56deb196dd175527eb4d0e28be03a411
b1_a12_backbone_replication_c0_v2/gpt4o/taxonomy.json	239111	2b5b72e929e7b3d2516d3d6c9817aec1a28d2f37eea10bbc98aa04704e9be3da
b1_a12_backbone_replication_c0_v2/gpt4o/agentdojo_runs/b1_openrouter_openai_gpt-4o/banking/user_task_0/none/none.json	5220	c0aec3af0256fccea2b6df716c1392d46bb6b2eae5fd2920d834b0991012c47e
b1_a12_backbone_replication_c0_v2/gpt4o/agentdojo_runs/b1_openrouter_openai_gpt-4o/banking/user_task_11/none/none.json	6298	64fa51aed20e5658a2cf1d084661034f5877aff63a0240692edbc6735c1e9099
b1_a12_backbone_replication_c0_v2/gpt4o/agentdojo_runs/b1_openrouter_openai_gpt-4o/banking/user_task_12/none/none.json	3126	7fd8f74cc3732c839642206e537f2637bd30308542accaec8ffa81cc139ae8c4
b1_a12_backbone_replication_c0_v2/gpt4o/agentdojo_runs/b1_openrouter_openai_gpt-4o/banking/user_task_13/none/none.json	4079	cb1e7b062bae429ad9fecd16c90954f19fe9926bb8036363422d46c19464ce2a
b1_a12_backbone_replication_c0_v2/gpt4o/agentdojo_runs/b1_openrouter_openai_gpt-4o/banking/user_task_14/none/none.json	4741	6d465bf329f52a5d626f0d4ba2e25674134fcd7b2a11c579c14407a9e58166a7
b1_a12_backbone_replication_c0_v2/gpt4o/agentdojo_runs/b1_openrouter_openai_gpt-4o/banking/user_task_15/none/none.json	8770	081681b8cba540421e006c9d90650fad845cdab39c9911b7078866514f423547
b1_a12_backbone_replication_c0_v2/gpt4o/agentdojo_runs/b1_openrouter_openai_gpt-4o/banking/user_task_2/none/none.json	6162	23d71ba408232f1b9571bb762fd5304202706294b909fc7883fd4a49a944abfb
b1_a12_backbone_replication_c0_v2/gpt4o/agentdojo_runs/b1_openrouter_openai_gpt-4o/banking/user_task_3/none/none.json	6052	11a927e3cf178b551221879b4a7aea9f32aaa94e60eb9ff11634ae5d3ab34518
b1_a12_backbone_replication_c0_v2/gpt4o/agentdojo_runs/b1_openrouter_openai_gpt-4o/banking/user_task_4/none/none.json	4911	daffaaa45698e878d4d2e2a26e3266149455ba53f9d370a64d8d30ff5fbb110b
b1_a12_backbone_replication_c0_v2/gpt4o/agentdojo_runs/b1_openrouter_openai_gpt-4o/banking/user_task_5/none/none.json	5930	766e1569f81e0ec58cb5366355ad155af4d448203b3a9ff1e998fb524bec3001
b1_a12_backbone_replication_c0_v2/gpt4o/agentdojo_runs/b1_openrouter_openai_gpt-4o/banking/user_task_6/none/none.json	6433	088d37e299e6523b44a1d46fb0d837fa7e9bd50bca91445a5d0d85f848f79cd1
b1_a12_backbone_replication_c0_v2/gpt4o/agentdojo_runs/b1_openrouter_openai_gpt-4o/banking/user_task_9/none/none.json	2968	ef580d008159bfec16b160c40504adb042ec1c18cdd207eb861007fb3c82c28b
b1_a12_backbone_replication_c0_v2/gpt4o/agentdojo_runs/b1_openrouter_openai_gpt-4o/slack/user_task_1/none/none.json	6545	f89e1932e92f5d06cc59892659a66fd98d4a25be290d2ad7987fbb1c1d2029f3
b1_a12_backbone_replication_c0_v2/gpt4o/agentdojo_runs/b1_openrouter_openai_gpt-4o/slack/user_task_10/none/none.json	11484	288153962a32ad419b9b9558e8265b114e95d655284e4b11cffd3f247f8f7fbc
b1_a12_backbone_replication_c0_v2/gpt4o/agentdojo_runs/b1_openrouter_openai_gpt-4o/slack/user_task_11/none/none.json	7618	4d2026b5cdd73bdeba1406407ce372d84e65c0ffab6bb6daa2e2b74c1d2981e3
b1_a12_backbone_replication_c0_v2/gpt4o/agentdojo_runs/b1_openrouter_openai_gpt-4o/slack/user_task_12/none/none.json	3671	38f10dbe3f9f8dbfdc0bbf409c01d9e08d66624abcf437f55c9a03318ac65f34
b1_a12_backbone_replication_c0_v2/gpt4o/agentdojo_runs/b1_openrouter_openai_gpt-4o/slack/user_task_13/none/none.json	8284	1de0f3898296ebb412b9a2efdd0db4220221725f2b77b5a597d4f3168a54df2a
b1_a12_backbone_replication_c0_v2/gpt4o/agentdojo_runs/b1_openrouter_openai_gpt-4o/slack/user_task_14/none/none.json	14822	040ec48e8c56094984ee25326f01ce9416930bf70d6912f8edfdb0598be6f836
b1_a12_backbone_replication_c0_v2/gpt4o/agentdojo_runs/b1_openrouter_openai_gpt-4o/slack/user_task_15/none/none.json	8530	545332f29e10d949f48982da9609b19a1348d57e78a9014b08126fbced3a1429
b1_a12_backbone_replication_c0_v2/gpt4o/agentdojo_runs/b1_openrouter_openai_gpt-4o/slack/user_task_16/none/none.json	7539	b5c5d655afa1b50b56e94fe035862f2399816955864d9411432f3b78113c82cc
b1_a12_backbone_replication_c0_v2/gpt4o/agentdojo_runs/b1_openrouter_openai_gpt-4o/slack/user_task_17/none/none.json	5124	f4c398d3fe773998f805fcb34e7a4c9e5a33a45955c11b900fcfa74c38538b28
b1_a12_backbone_replication_c0_v2/gpt4o/agentdojo_runs/b1_openrouter_openai_gpt-4o/slack/user_task_18/none/none.json	12514	326a63ba15471989e3bae407649414fad52eae0f01b1321e0c64e3964b6ca4c6
b1_a12_backbone_replication_c0_v2/gpt4o/agentdojo_runs/b1_openrouter_openai_gpt-4o/slack/user_task_19/none/none.json	11227	cc92b961dec2b5325cb16594f1359c0ce4227a7bdbe3272c065353e67f9e445b
b1_a12_backbone_replication_c0_v2/gpt4o/agentdojo_runs/b1_openrouter_openai_gpt-4o/slack/user_task_2/none/none.json	3850	fc3f3710b0a5d6350588c86d8707d832334e5da61f57a1a30e5c94e5ef1f3384
b1_a12_backbone_replication_c0_v2/gpt4o/agentdojo_runs/b1_openrouter_openai_gpt-4o/slack/user_task_3/none/none.json	4874	80d3804447c14e59397b5883de769ce08870beb894e55909a6dc066fd959d0ef
b1_a12_backbone_replication_c0_v2/gpt4o/agentdojo_runs/b1_openrouter_openai_gpt-4o/slack/user_task_4/none/none.json	5532	0988fc1c06ee3c16d224f42ef55bc998e6a92105ed2eeb2b160fc041a41d0229
b1_a12_backbone_replication_c0_v2/gpt4o/agentdojo_runs/b1_openrouter_openai_gpt-4o/slack/user_task_5/none/none.json	7384	36fe973368ab61debca91c97a2b23cd3f1d8f35761d1861578a84455b2f81f0e
b1_a12_backbone_replication_c0_v2/gpt4o/agentdojo_runs/b1_openrouter_openai_gpt-4o/slack/user_task_7/none/none.json	3601	0ee5cbd2a362e23386a5bbf8e922f6e173c25f377c25fef62567c6feba0a9c81
b1_a12_backbone_replication_c0_v2/gpt4o/agentdojo_runs/b1_openrouter_openai_gpt-4o/slack/user_task_8/none/none.json	7849	ab74793c3b23769f9676cf32505c3dabca5b984eb977e2577f9e08e7fb8da8b8
b1_a12_backbone_replication_c0_v2/gpt4o/agentdojo_runs/b1_openrouter_openai_gpt-4o/slack/user_task_9/none/none.json	7704	e6a58976b3f9e4d65d9b0dd9281dfaaead7213369ef1a4b79749c4480ec88e18
b1_a12_backbone_replication_c0_v2/gpt4o/agentdojo_runs/b1_openrouter_openai_gpt-4o/travel/user_task_0/none/none.json	4840	c0c45756b0a94bd6018eb83b7be07e67a28a879298ab56beb40456f9ec2e56cf
b1_a12_backbone_replication_c0_v2/gpt4o/agentdojo_runs/b1_openrouter_openai_gpt-4o/travel/user_task_1/none/none.json	7588	848f5943191851633ad05dc51ec6b89abc951a729005a0f5bf5ae7419b105f22
b1_a12_backbone_replication_c0_v2/gpt4o/agentdojo_runs/b1_openrouter_openai_gpt-4o/travel/user_task_3/none/none.json	10217	592fc9636011025fb43ead5481af1fb2e6c3a080f4b718f6a6af8c2d9ec7776c
b1_a12_backbone_replication_c0_v2/gpt4o/agentdojo_runs/b1_openrouter_openai_gpt-4o/travel/user_task_4/none/none.json	11086	3a5043c925365b72593a6d5596638397cf6d2770346692ea729dfda18c3b8d6e
b1_a12_backbone_replication_c0_v2/gpt4o/agentdojo_runs/b1_openrouter_openai_gpt-4o/travel/user_task_7/none/none.json	11598	2d936dbc8a9cd39b31aa6e5d60f9c0f3fa42d59e2e54eda97a523a17c08aaeef
b1_a12_backbone_replication_c0_v2/gpt4o/agentdojo_runs/b1_openrouter_openai_gpt-4o/travel/user_task_8/none/none.json	13337	ae77c0583f4d919f55aa373b15f70ab9db1c9218632c8b941bae5128c8148bd6
b1_a12_backbone_replication_c0_v2/gpt4o/agentdojo_runs/b1_openrouter_openai_gpt-4o/workspace/user_task_12/none/none.json	6112	5fb5f5a277cb130a2b32dd7ae7bc95131f3a32dc0144bf48bdca101593a03512
b1_a12_backbone_replication_c0_v2/gpt4o/agentdojo_runs/b1_openrouter_openai_gpt-4o/workspace/user_task_13/none/none.json	17705	6404fd13e0a29d6882d37e9148efb874436f17898dfa8a861ae3f47662af0f39
b1_a12_backbone_replication_c0_v2/gpt4o/agentdojo_runs/b1_openrouter_openai_gpt-4o/workspace/user_task_15/none/none.json	11826	a0de1d3b4166966f426d82f8e188fb9b86e73a8e6d824cc8a45aa66f8a304e90
b1_a12_backbone_replication_c0_v2/gpt4o/agentdojo_runs/b1_openrouter_openai_gpt-4o/workspace/user_task_18/none/none.json	10213	617b6bd297e1a6b74894927932818af206dd770eb299cd08995b3e634846d0c4
b1_a12_backbone_replication_c0_v2/gpt4o/agentdojo_runs/b1_openrouter_openai_gpt-4o/workspace/user_task_20/none/none.json	4681	577df8fe387277c20ed39d66b7e50ee55e9f14ebbdbc9310e76ce753be3e89c1
b1_a12_backbone_replication_c0_v2/gpt4o/agentdojo_runs/b1_openrouter_openai_gpt-4o/workspace/user_task_21/none/none.json	8242	2e806c8ba9dbe245f6dbbbd5d38d502fcfea23a1673ddfce7ea6080d6a33ba8d
b1_a12_backbone_replication_c0_v2/gpt4o/agentdojo_runs/b1_openrouter_openai_gpt-4o/workspace/user_task_25/none/none.json	40717	f61fe5d1dcccc2198b4e69e10119a127ded27666e35ccc5880b66a92e9b38637
b1_a12_backbone_replication_c0_v2/gpt4o/agentdojo_runs/b1_openrouter_openai_gpt-4o/workspace/user_task_29/none/none.json	12577	b0d525fe59211158b402682d00b8d161e5be010a52d3d77cdecc1ed5f8259684
b1_a12_backbone_replication_c0_v2/gpt4o/agentdojo_runs/b1_openrouter_openai_gpt-4o/workspace/user_task_31/none/none.json	35316	87e618ad15e7fff4365b6d9759b60dad6d112cd8fe28234632706e939daea84c
b1_a12_backbone_replication_c0_v2/gpt4o/agentdojo_runs/b1_openrouter_openai_gpt-4o/workspace/user_task_32/none/none.json	7002	6d8dcac2f64ab457b44fb25095bea435429c079fb62c9414bdee71c43a1b5afa
b1_a12_backbone_replication_c0_v2/gpt4o/agentdojo_runs/b1_openrouter_openai_gpt-4o/workspace/user_task_33/none/none.json	11642	9a49681086e72ef9c13f7fc9ba9aa370527e04fad960cee31cfc0f5a1e561dda
b1_a12_backbone_replication_c0_v2/gpt4o/agentdojo_runs/b1_openrouter_openai_gpt-4o/workspace/user_task_34/none/none.json	10683	4269d4bfd406dca1dc13f89f5ab3303d8afea830d3f5d1017ea1fd8f080e7b04
b1_a12_backbone_replication_c0_v2/gpt4o/agentdojo_runs/b1_openrouter_openai_gpt-4o/workspace/user_task_36/none/none.json	35740	4c1e1f8d39ce041d6b4fc35ad0ed888fc61f4570e26480de0fd7f76bc19aca8d
b1_a12_backbone_replication_c0_v2/gpt4o/agentdojo_runs/b1_openrouter_openai_gpt-4o/workspace/user_task_37/none/none.json	3221	2d3f89b9e9b69b3914d057e2711a6497cd78c170a162e0a2cfb341669372806c
b1_a12_backbone_replication_c0_v2/gpt4o/agentdojo_runs/b1_openrouter_openai_gpt-4o/workspace/user_task_4/none/none.json	8111	da1d362f0948b484b148b015a494209b86c5a5088bbb8bab3046e76f09f7e46b
b1_a12_backbone_replication_c0_v2/gpt4o/agentdojo_runs/b1_openrouter_openai_gpt-4o/workspace/user_task_6/none/none.json	3624	2e691e19abf54b2c2d0e9f250fec41d1ceb591e5b462c4f2e337c4bc6a435bbc
b1_a12_backbone_replication_c0_v2/gpt4o/agentdojo_runs/b1_openrouter_openai_gpt-4o/workspace/user_task_7/none/none.json	6845	3b8e766cac5930ee97758ebaaaf0eeed0e8630a9449b8336076dd254f27dcfa6
b1_a12_backbone_replication_c0_v2/gpt4o/agentdojo_runs/b1_openrouter_openai_gpt-4o/workspace/user_task_8/none/none.json	5499	6f9567eee9d335c3edca273dc45f3abbc7809919515c58b81e7bc2863ce0f263
b1_a12_backbone_replication_c0_v2/gpt4o/agentdojo_runs/b1_openrouter_openai_gpt-4o/workspace/user_task_9/none/none.json	5724	15c2f52eb231e7b5f5f5ade90ec0b57ac24de1be73399178c631cd01160d6323
external/AgentWatcher/.gitignore	3168	b320cec6ac1d44a88c5dabb92b42e5ef0a1a56b7ab81002d25d7ad8a16d21e49
external/AgentWatcher/README.md	4517	0aa14d22379e3eb92b47d251a20db31898c53985f0d41cb89bd23c8ec0907f5b
external/AgentWatcher/main.py	29250	69a672f716abc7d9ffd7a4ca5f1baf21b34a77083210b8a7bffb37ab22cd69e4
external/AgentWatcher/main_agentdojo.py	15695	42cce843624a69d0566e917a28d83cf8661825557796c6d46b5eb22f9228334f
external/AgentWatcher/main_injecagent.py	46884	c3add1452c27e11f074124d87bf9ecf97155d2ab7b84b0ea1c638bbcc55b766c
external/AgentWatcher/requirements.txt	6357	0239251dcdde07b825603e279995d12e44f2e0f5bcd46fc57104d2fc50c5a477
external/AgentWatcher/.git/FETCH_HEAD	104	254316d94f1db49cdf12d0299fd1caa0178516a3ec4535b6b22b288e1681f278
external/AgentWatcher/.git/HEAD	21	28d25bf82af4c0e2b72f50959b2beb859e3e60b9630a5e8c603dad4ddb2b6e80
external/AgentWatcher/.git/config	302	9f45aa7e4eea8301641e43775b821ef0095ba6abb6095caec8c1fff2c696fcfb
external/AgentWatcher/.git/description	73	85ab6c163d43a17ea9cf7788308bca1466f1b0a8d1cc92e26e9bf63da4062aee
external/AgentWatcher/.git/index	191349	c786095b93ea368c2abb46c04f22b47b25668c1c4a05dcd6c62eb6669e064398
external/AgentWatcher/.git/packed-refs	112	5cb77cf23862ced95698bade9c1aae4ad6d09c043e2603c494e59d4b819adcf6
external/AgentWatcher/.git/hooks/applypatch-msg.sample	482	8bf35846bc3d90db12f711dd961292eb1c617b6f62c2c4e702706b71f2a897b2
external/AgentWatcher/.git/hooks/commit-msg.sample	900	3aa1d8934de407e8dd617e2b73612d04d225d9adbea20626b10945d8ab4f4f4a
external/AgentWatcher/.git/hooks/fsmonitor-watchman.sample	4726	e0549964e93897b519bd8e333c037e51fff0f88ba13e086a331592bf801fa1d0
external/AgentWatcher/.git/hooks/post-update.sample	193	d0d00b057e31fbe8207f3a1496797050fcadad75df883842e979a965bd6a298f
external/AgentWatcher/.git/hooks/pre-applypatch.sample	428	0e01aa4a2a7387a2d06a058113c18faa58e8191b840b45529db82c8ab39521c2
external/AgentWatcher/.git/hooks/pre-commit.sample	1653	4d44c83bc3c0271d2ecd328b1d08d9af89f928511c02dcd4a4e81b761b6df1f6
external/AgentWatcher/.git/hooks/pre-merge-commit.sample	420	6e9d4320214965de9ec5bf4a94cde33d9f0c32c8085926277664d0f494fef7cc
external/AgentWatcher/.git/hooks/pre-push.sample	1378	329a5f4509a242b8d1916ec617f85a5383190b34ac35d414224091ed9ceb2dd6
external/AgentWatcher/.git/hooks/pre-rebase.sample	4902	c1dd258307167752e34fc068c7c00cb2579341fea2b345fde037e718f53158ba
external/AgentWatcher/.git/hooks/pre-receive.sample	548	f6db83ee6e0153ace9f9de7a0a15f4902e33ebd3051b5f4d4587c9a5c8a07659
external/AgentWatcher/.git/hooks/prepare-commit-msg.sample	1496	cc523274bd28fe45bbc580bbb5a9312fe88b2bb5ae5b845919c20618a34e1b03
external/AgentWatcher/.git/hooks/push-to-checkout.sample	2787	e1acad23702af2ad4c58bd616d399ab8f0fe5a470f044f20ac497aded0f45ec5
external/AgentWatcher/.git/hooks/sendemail-validate.sample	2312	23a33477f01ffe5246b46a9d1db7c39d73d193ce19ed4116e00cbb031ec5f2eb
external/AgentWatcher/.git/hooks/update.sample	3654	1b21448c0c321a3004d8db76adc43d14b8b3c948dadc57795ffe8e5f0726aae1
external/AgentWatcher/.git/info/exclude	240	6671fe83b7a07c8932ee89164d1f2793b2318058eb8b98dc5c06ee0a5a3b0ec1
external/AgentWatcher/.git/logs/HEAD	197	7058b94d8bbda85a92143ffac5cb22e40df65f2a34e8852697d9c99d1aa0a71b
external/AgentWatcher/.git/logs/refs/heads/main	197	7058b94d8bbda85a92143ffac5cb22e40df65f2a34e8852697d9c99d1aa0a71b
external/AgentWatcher/.git/logs/refs/remotes/origin/HEAD	197	7058b94d8bbda85a92143ffac5cb22e40df65f2a34e8852697d9c99d1aa0a71b
external/AgentWatcher/.git/objects/pack/pack-d7ed053342b2bb4237864167519da8420081ff5a.idx	37108	2b8bcf8ef8aa9d6e32b284afe2667f6cda0d9021359d32483c4e991ee3735434
external/AgentWatcher/.git/objects/pack/pack-d7ed053342b2bb4237864167519da8420081ff5a.pack	3392030	6bae1571008f1485029317833aa6145b67ba78714fcb4a058be0829bb16d8eee
external/AgentWatcher/.git/objects/pack/pack-d7ed053342b2bb4237864167519da8420081ff5a.rev	5200	e4c7bb470dc10f4148aa6837016dd0c50f2e4fe839c10643ccd93ef7c301a18c
external/AgentWatcher/.git/refs/heads/main	41	487175a2a7c836e2a3af471d0807e854853df1fed753c8adc8fe65a47c5bad80
external/AgentWatcher/.git/refs/remotes/origin/HEAD	30	2bb6a24aa0fc6c484100f5d51a29bbad841cd2c755f5d93faa204e5dbb4eb2b4
external/AgentWatcher/.git/worktrees/AgentWatcher_armc_runtime_v1/FETCH_HEAD	117	87f8cf857d74e03e2ec7bbd8eb832cdff0f8558378e5437900755b0863726399
external/AgentWatcher/.git/worktrees/AgentWatcher_armc_runtime_v1/HEAD	41	487175a2a7c836e2a3af471d0807e854853df1fed753c8adc8fe65a47c5bad80
external/AgentWatcher/.git/worktrees/AgentWatcher_armc_runtime_v1/ORIG_HEAD	41	487175a2a7c836e2a3af471d0807e854853df1fed753c8adc8fe65a47c5bad80
external/AgentWatcher/.git/worktrees/AgentWatcher_armc_runtime_v1/commondir	6	340ddcb67a6204f742cd1e28e5b462622dde7daaa8ee36001897196aacdc6d47
external/AgentWatcher/.git/worktrees/AgentWatcher_armc_runtime_v1/gitdir	76	c650d0171bbbf02ad0fc89d8c925d7e590cf1bf12df40c22cc65411f7cb02e27
external/AgentWatcher/.git/worktrees/AgentWatcher_armc_runtime_v1/index	191349	b24f212e384b4ff96a911ab54a5c77d5a2b05ee082c00c0a2d5cf263238fc37f
external/AgentWatcher/.git/worktrees/AgentWatcher_armc_runtime_v1/logs/HEAD	136	bddc753cfeefeb91f851d939af416f37fa1331d951c8e6be70bc3d122565a692
external/AgentWatcher/agents/InjecAgent/.gitignore	25	cf8b5a9cf8de9aee5473f27220bdf88398e97bac8f626e402ee7770a5961e77d
external/AgentWatcher/agents/InjecAgent/LICENCE	1066	b48589499dbb84caa796b00b4ea652b0443e49660282c44d890fd473b8c0674e
external/AgentWatcher/agents/InjecAgent/README.md	4586	09e81a9e68d5c2a1b491456c83da4ef0126426deb7eafa8588349c2dcce278ea
external/AgentWatcher/agents/InjecAgent/requirements.txt	35	98d6b860115d877e3aae27228d004401592d9b2a0795ae52b32df97a0d7befbd
external/AgentWatcher/agents/InjecAgent/asset/overview.pdf	887229	91e9a0f9d4d1b46600c77fbb0ef48b7dcc8a090c69de2cca1e6e6145c2064db2
external/AgentWatcher/agents/InjecAgent/asset/overview.png	495178	7001987e562780f8018f44ac4f0ffd3a62a2b4ca383a2ddb73e2007002775fc4
external/AgentWatcher/agents/InjecAgent/data/attacker_cases_dh.jsonl	10937	999d52e15af3c80a3303a09430af0f3878d1f91e4c573ca7b477a91cdfa6b991
external/AgentWatcher/agents/InjecAgent/data/attacker_cases_ds.jsonl	13209	87952398c989d8ca841724e38ecdbb789676d3841e19dfc44aac7b710df9cb1f
external/AgentWatcher/agents/InjecAgent/data/attacker_simulated_responses.json	1359580	b1da2e1fb75f266c069b832fef6738c295f01d8962fae15bdac9ff6625e5594e
external/AgentWatcher/agents/InjecAgent/data/test_cases_dh_base.json	672918	0a8186468d21389af432e8c7b399ae42264d1b93a07b65c7a489468508604305
external/AgentWatcher/agents/InjecAgent/data/test_cases_dh_enhanced.json	721878	885602716b72c18af80695ce6c2e1f242fa03163bc90b0788b0c5e4ab6216d50
external/AgentWatcher/agents/InjecAgent/data/test_cases_ds_base.json	765370	4daab35c62a3845e8b9400f4dca58b9c9f37e57cd33b2337552557fbb26282e9
external/AgentWatcher/agents/InjecAgent/data/test_cases_ds_enhanced.json	817594	7bc510868df032511053fc40e8470e68a041fb7148d055112093594bf73ab0ce
external/AgentWatcher/agents/InjecAgent/data/tools.json	541498	e21a8f70b1d5de4677d6d52642936a322655d79b17a72c84f600550384083a1e
external/AgentWatcher/agents/InjecAgent/data/user_cases.jsonl	10924	c840e2b00fdce68e7142d0970220522303d67b2530d6fb36ef1112448cdd8977
external/AgentWatcher/agents/InjecAgent/src/evaluate_finetuned_agent.py	5271	3dfd02b5f663ca39b4eb22669ebb0b639a81e38fc7eed63f6a65501a27478cce
external/AgentWatcher/agents/InjecAgent/src/evaluate_prompted_agent.py	6421	9a866bdec0c7da0abed9c0288b0f49404e62e77b8b2b623684d743ca87dbe4ae
external/AgentWatcher/agents/InjecAgent/src/models.py	4403	5d48592c29ee6d3535d1c5f3d2b9de3eea67690eba2a1e7e71e8ec7357fb7900
external/AgentWatcher/agents/InjecAgent/src/output_parsing.py	9662	b841348cdbc5b87c781bed4a592d375d02d51769ac2435cf2e7e69c08a03937b
external/AgentWatcher/agents/InjecAgent/src/params.py	1605	9ff2221b2bc8dca98ddb1ae987b2617b30e9b86fa95af9d59629e05e4e0da0f1
external/AgentWatcher/agents/InjecAgent/src/utils.py	7341	ab21487f92cb14840d69dded17f176ceaa60690469e8cf9b141f87d3f9795d06
external/AgentWatcher/agents/InjecAgent/src/prompts/agent_prompts.py	9414	f0249e434c46a9944dab9797edee4cd41e4fc6fceb48b8b8004585a7a4866037
external/AgentWatcher/agents/InjecAgent/src/prompts/generation_prompts.py	19261	912d3f77008f3798f832f86df08a4a0fe93ad5be35358f44b379e33a255474f3
external/AgentWatcher/agents/InjecAgent/src/prompts/prompt_template.py	15024	370dfcde5cc3bcb6ebaa7825e90fb7ea7902e641f70a5a658a23306ba5058c9e
external/AgentWatcher/agents/agentdojo/.gitignore	7691	f2d8d711ed0beaaf2d210eeaafa9c490912082d39fd53fd604d825c5a299b9c6
external/AgentWatcher/agents/agentdojo/.pre-commit-config.yaml	240	ca25278887793dd3a0ef308b7532a13edddae868c143ae6a4dfbfcbb25a08f19
external/AgentWatcher/agents/agentdojo/.python-version	7	657062bd6c016c431fe7658173ba3611697eeb21357fd82faef0b7d21a491c3f
external/AgentWatcher/agents/agentdojo/CITATION.bib	492	b97dc76c5e3a6a9adb0f53861fa1ebff626a5782e4204047caed1c5eba041084
external/AgentWatcher/agents/agentdojo/CLAUDE.md	4892	932a97dfd3931e7d7d9b3002d5b5ca947fc754b2e58b2b50e4953253d25d6395
external/AgentWatcher/agents/agentdojo/CONTRIBUTING.md	328	173bdacfde08f0ff5437175a540aeb6d18609053ad8e641c86450c72a3e209fc
external/AgentWatcher/agents/agentdojo/LICENSE	1161	4285a071f2d382338e52b4fb0a186d952984a34d43a33d8872e1a1d8cb43401e
external/AgentWatcher/agents/agentdojo/README.md	3188	dbb08cf57bb96f27fa598bc4c0a8c26cf85129cac0c109ae645bac264066dbcd
external/AgentWatcher/agents/agentdojo/mkdocs.yml	4178	ba7c474e71a134968025c31e4a76e983caa982f01a51f9996026c0116d385e70
external/AgentWatcher/agents/agentdojo/pyproject.toml	3179	f69dde819258d5dc2c6dca13ecbb116e54904374879a5c921332db36474e0a3b
external/AgentWatcher/agents/agentdojo/uv.lock	631621	395e3d0a59214515008d27c4462c9723ab7594374243f561ad5f19b3aa8a5330
external/AgentWatcher/agents/agentdojo/.devcontainer/Dockerfile	2439	e45d92635b252b4dc701f8364fe903640ac29339a4858a4396f22a1b7181da96
external/AgentWatcher/agents/agentdojo/.devcontainer/devcontainer.json	1329	254422eabf83b888fe6f61851f39488f778aa73bd6606bacc4ecf60c2a0aa923
external/AgentWatcher/agents/agentdojo/.devcontainer/init-firewall.sh	4689	ed9f1784237e74b3e4f4d98b86a4cf4f77f48cd923af41088ce454553cba8dbe
external/AgentWatcher/agents/agentdojo/.github/workflows/CODEOWNERS	12	a1c9f524d06303d9c511df890e51f1e202ffdb61f211bd22ae113915fa3a9917
external/AgentWatcher/agents/agentdojo/.github/workflows/lint-docs.yaml	1481	bcb9614831b476fb0df83ac2afc23ff637305d1d06bd771a46aa4ad581f1f533
external/AgentWatcher/agents/agentdojo/.github/workflows/publish.yaml	794	abfc7ad20a21c9bac20b21d5a5a3ce894b7dcadbad9616a9db2df40e77d62ec9
external/AgentWatcher/agents/agentdojo/docs/CNAME	20	8ad37406e4113826f8e0dfed35a1f2b2f30d6b4e7f70bc2e3d29ce057f86c72d
external/AgentWatcher/agents/agentdojo/docs/changelog.md	6353	21dde6d1c75e2b559e32fd0dd6fbeac8c4f78f1297b5412208a38ecc171dcdfc
external/AgentWatcher/agents/agentdojo/docs/development.md	692	6347c73b1e87a807acbaca8ed816976be2d68bc640b853767a14778bd77ac49a
external/AgentWatcher/agents/agentdojo/docs/index.md	3696	53780de2a58ea661bba37a55eb654a9a8b36c937bd3f0c835a690c8ae21a4d07
external/AgentWatcher/agents/agentdojo/docs/results-table.html	11041	bdd665fd32069666d3d89e2f54a9b6c12a38798f0e3824b5fe5b6488021d0925
external/AgentWatcher/agents/agentdojo/docs/results.md	1624	96fa2d1615426809ece5e987880f124c3150b6d221d2b12306ff5c73e7b3a32e
external/AgentWatcher/agents/agentdojo/docs/api/base_tasks.md	112	1db384c88bd232208b6599aa67ef7c81499cec1410e89c53a9b76105928192a8
external/AgentWatcher/agents/agentdojo/docs/api/benchmark.md	293	e1a1ef22f5ac41f7bcbeb65ac6b7a594019cf77ccf1d690f84fd229e87f2cbae
external/AgentWatcher/agents/agentdojo/docs/api/functions_runtime.md	422	ce89e492bee4aa89b380788dc17f39b1277761d91577c6040400b4e7a976e2a2
external/AgentWatcher/agents/agentdojo/docs/api/task_suite.md	150	5613540277641ff0099987150f8885c256cc62d83b0f0a3dc8f40c4dc9a27172
external/AgentWatcher/agents/agentdojo/docs/api/types.md	193	62f0ac9493eb28b524f6fade6eabf3bace8c41b93812be545aab4b750fabf6a8
external/AgentWatcher/agents/agentdojo/docs/api/agent_pipeline/basic_elements.md	1408	924bdfaeb6cbbcb2d66ad7f3634fd838d6699a093ef2b0cb3ec4a13653c0d42a
external/AgentWatcher/agents/agentdojo/docs/api/agent_pipeline/defenses.md	277	33689e8b5ac1271b0ba05f0d90c354126231738cfd3d997a9bd0fd83e08eba01
external/AgentWatcher/agents/agentdojo/docs/api/agent_pipeline/llms.md	1098	85d26c8a6e508bca945e48bbc238ca6c47e5b83a15dd3dff8251c78c404d2a44
external/AgentWatcher/agents/agentdojo/docs/api/attacks/base_attacks.md	469	4d5c5f6ccae9682bbcf0feadb9e6fe831257f960778451be62b7fcfc5167f6e3
external/AgentWatcher/agents/agentdojo/docs/api/attacks/baseline_attacks.md	808	140767c3b4d1e663fea03efd64945edd9fd338bd4848214a50235805e948b4f1
external/AgentWatcher/agents/agentdojo/docs/api/attacks/dos_attacks.md	493	d0685c78cb65fe7d1bcb499eb897957f9289ff344b7d17d8f53066ad87b61a23
external/AgentWatcher/agents/agentdojo/docs/api/attacks/registering_and_loading_attacks.md	218	07177e79afbf060944ce7a9cef5ad592d3c03e32793bab97c24d7d89e87f1bb7
external/AgentWatcher/agents/agentdojo/docs/concepts/agent_pipeline.md	5108	5d98bbacff461d77245c0dda2958534422dc4988acb1e7aa265200717fa1a364
external/AgentWatcher/agents/agentdojo/docs/concepts/attacks.md	3677	58a0cb1a1c5cf109aff008ca313deabed17f9c2a52aeeb3022f13f5da532435f
external/AgentWatcher/agents/agentdojo/docs/concepts/functions_runtime.md	3126	fa2f192658d1fa43548bedbb60b9e353dfa12d6a2c08fd43fc228869e782a6f2
external/AgentWatcher/agents/agentdojo/docs/concepts/task_suite_and_tasks.md	8604	1cdb32ebe9de269cc5913599fe842ad9e901a63560ab522eb00fd79479bbe51a
external/AgentWatcher/agents/agentdojo/examples/README.md	481	f2a59639b8955f92b03735b7b4f2e8902ed18388fde15c939060f503b2843a83
external/AgentWatcher/agents/agentdojo/examples/attack.py	984	d04635eccaefcf5eb6b4d7fb676fd922b302e9bb212488a44d9e4b2e7fd40041
external/AgentWatcher/agents/agentdojo/examples/functions_runtime.py	2246	ce176f49ae634baeb6b8c7d5fe3b506f659e49aa9ad987bfcb816bb0e2baf5cc
external/AgentWatcher/agents/agentdojo/examples/pipeline.py	1139	610fc8510bfefe8440eb6c4053919b2ae62272a2e04e07d67aa81bc715cf920f
external/AgentWatcher/agents/agentdojo/examples/counter_benchmark/__init__.py	0	e3b0c44298fc1c149afbf4c8996fb92427ae41e4649b934ca495991b7852b855
external/AgentWatcher/agents/agentdojo/examples/counter_benchmark/benchmark.py	256	4e68d7b0ad1409a086d32080748cf989b9a3f05d44923ecaebf341cfbe02b3ed
external/AgentWatcher/agents/agentdojo/examples/counter_benchmark/data/suites/counter/environment.yaml	97	c40f464e54adc0671697284d92eca2108d79b3d4fb7bcd293e50b966ce2e7d9e
external/AgentWatcher/agents/agentdojo/examples/counter_benchmark/data/suites/counter/injection_vectors.yaml	83	0f42c72575d7a56dbf3e0dbe18df9d8b5e4512f891b61b48a047c81dfbe8c3fb
external/AgentWatcher/agents/agentdojo/examples/counter_benchmark/suites/__init__.py	0	e3b0c44298fc1c149afbf4c8996fb92427ae41e4649b934ca495991b7852b855
external/AgentWatcher/agents/agentdojo/examples/counter_benchmark/suites/tools.py	952	c05bae5800359eda737540c8ab93d1e78286d34eb6f5040f973ab17ea74c331d
external/AgentWatcher/agents/agentdojo/examples/counter_benchmark/suites/counter/__init__.py	117	0a2f99e8c63bfcec1eda881113207bb358bedd105c7fb9f31c926563571b9864
external/AgentWatcher/agents/agentdojo/examples/counter_benchmark/suites/counter/injection_tasks.py	1135	75ed50b196edae9325e930359d40ea68287f716a04024ec6ae307cfc86dfc2ba
external/AgentWatcher/agents/agentdojo/examples/counter_benchmark/suites/counter/task_suite.py	621	fe5e8bc13920abedb3e5bf79ee86a6d1a72b65615a2e50e57887d4cee4e48302
external/AgentWatcher/agents/agentdojo/examples/counter_benchmark/suites/counter/user_tasks.py	2810	139c59aee61786aef135a2ce649be239aef236e32a15912d970d72f74fdd1766
external/AgentWatcher/agents/agentdojo/notebooks/agent_pipeline_example.ipynb	35899	e1e2e2cb1dad238a8f5897257e4a03d32ea7bef97b7a1c50dd1c35c97ee0aea3
external/AgentWatcher/agents/agentdojo/notebooks/analysis.ipynb	593419	7e05b1dab8fb140385012461d8c0fe610f663866944d3adcc6ec0238e2635f82
external/AgentWatcher/agents/agentdojo/src/agentdojo/__init__.py	1	01ba4719c80b6fe911b091a7c05124b64eeece964e09c058ef8f9805daca546b
external/AgentWatcher/agents/agentdojo/src/agentdojo/ast_utils.py	3190	08d84f74f66151ff0438cb81aa58d3cd4fdc3f0881a0b5eb26d0b527948be221
external/AgentWatcher/agents/agentdojo/src/agentdojo/base_tasks.py	6880	08d3a4646d1a250968045b0f933803335650a4ed04c9d2387b17d08b1e0427c5
external/AgentWatcher/agents/agentdojo/src/agentdojo/benchmark.py	18958	9dbf914df8ca2b18dca9d0f8bac51e706e8e7ccef7af6f4408828d57171bc2be
external/AgentWatcher/agents/agentdojo/src/agentdojo/functions_runtime.py	12627	3c67f71eb8a7f15d2a15fe9595d84218c5e6868d95fd71d1cef679cd2192d0f7
external/AgentWatcher/agents/agentdojo/src/agentdojo/models.py	6204	dab03bdc1a753c262179705a741449e4d39adf9895e92a6b69df7628b4a44826
external/AgentWatcher/agents/agentdojo/src/agentdojo/strenum.py	280	ac76fd07924a27fc42c33e626c77ed93ea48e9f7d4effc1548b8b908b166737f
external/AgentWatcher/agents/agentdojo/src/agentdojo/types.py	3490	207b688794d5e214099c00b0dff3a03429f8f3632fcbbdafeac291dc190fbfca
external/AgentWatcher/agents/agentdojo/src/agentdojo/yaml_loader.py	2597	73443ec93c140dd2365d1c093f983729dca25075ee39e99047fa6c3d22ad9194
external/AgentWatcher/agents/agentdojo/src/agentdojo/agent_pipeline/__init__.py	1556	b86f458f03f25bc322e897b63348eef2d0480bdd4abcdd80f321d85902fcd80f
external/AgentWatcher/agents/agentdojo/src/agentdojo/agent_pipeline/agent_pipeline.py	12617	7b0d3b6a30e1e36377ae97526490de6c1710b8ed7431a0f823f8ac9351d0d6f0
external/AgentWatcher/agents/agentdojo/src/agentdojo/agent_pipeline/base_pipeline_element.py	1318	b15f0eb72a286fdfd26f45a3ac587fd4f44063c2a49ed017d580f5f3f0d1fc34
external/AgentWatcher/agents/agentdojo/src/agentdojo/agent_pipeline/basic_elements.py	2075	0c35aae9ae3fb8dfdbc5bc7534db51349632ac9743331234f3ee6a86583a5962
external/AgentWatcher/agents/agentdojo/src/agentdojo/agent_pipeline/errors.py	870	1a828a45524b0e64c3e4abdab342fba721581134b7808dd00f02fa5bc5ca52e1
external/AgentWatcher/agents/agentdojo/src/agentdojo/agent_pipeline/ground_truth_pipeline.py	2421	acfb119e091589beafc53e98e8371088014d703c4e3f227c09732a86596ad194
external/AgentWatcher/agents/agentdojo/src/agentdojo/agent_pipeline/inference_utils.py	10350	b75085f3138f148c3cc053e858036ea7571ac8305d78dc1eb023d3036b5a5602
external/AgentWatcher/agents/agentdojo/src/agentdojo/agent_pipeline/pi_detector.py	7114	9008a2c063ed5cf826f4de23468d4f78369b127782d398a4e5933561e746ecb8
external/AgentWatcher/agents/agentdojo/src/agentdojo/agent_pipeline/piarena_defense_adapter.py	21603	c2cb0897764c80a4d23a7571151eb6a003df5ce91422c51a802b4fbc4977dc5f
external/AgentWatcher/agents/agentdojo/src/agentdojo/agent_pipeline/planner.py	1867	b5bb490fb3e88ebcc1f995c87b8bdf438419bc67b06ae8d3e812b9fcb3ee851b
external/AgentWatcher/agents/agentdojo/src/agentdojo/agent_pipeline/tool_execution.py	7170	b31f32e97b2ccd0e2bac8d93cb9cddcd3816fec4f16974eabc828ec9095314f5
external/AgentWatcher/agents/agentdojo/src/agentdojo/agent_pipeline/llms/__init__.py	0	e3b0c44298fc1c149afbf4c8996fb92427ae41e4649b934ca495991b7852b855
external/AgentWatcher/agents/agentdojo/src/agentdojo/agent_pipeline/llms/anthropic_llm.py	12765	2530732abe610fa5c2b097621833c7fadaa030fc0f0d3becf1e256a5351bec85
external/AgentWatcher/agents/agentdojo/src/agentdojo/agent_pipeline/llms/cohere_llm.py	10109	46bda8fe1df1131df7af448a435a33e469431009ab6fccab1544da849eddea1d
external/AgentWatcher/agents/agentdojo/src/agentdojo/agent_pipeline/llms/google_llm.py	11620	ed9c2d032733a00ea0592f561b6f612f4677aa43f70ac585a7c9741bc83104dc
external/AgentWatcher/agents/agentdojo/src/agentdojo/agent_pipeline/llms/local_llm.py	7388	11dae03f5abf634a6380f419ccf308c0e12cbb07af00355aaa249ff8f1b14acc
external/AgentWatcher/agents/agentdojo/src/agentdojo/agent_pipeline/llms/openai_llm.py	10409	8ab22fcc075ad6007d78dddd92052b2470c3c173a86c5ca2db1b4ac608979d29
external/AgentWatcher/agents/agentdojo/src/agentdojo/agent_pipeline/llms/prompting_llm.py	16653	60c84e3b659eca8d4b03ce838f461b5d5690f92fb1a6642d4ed38c01ff19364c
external/AgentWatcher/agents/agentdojo/src/agentdojo/agent_pipeline/llms/transformers_llm.py	4099	1ecf557af0897d7e8f84db365d31cfe6abbf2d46d9a57374e462ec8d7dbaee5f
external/AgentWatcher/agents/agentdojo/src/agentdojo/attacks/__init__.py	493	e5f2a950166c3ef6974ce8f8fcb7ab7dd33a6cd3496205b10c7bd907aa4287b6
external/AgentWatcher/agents/agentdojo/src/agentdojo/attacks/attack_registry.py	1326	cdbfefa137485531fa3ff33f3235b769d5116b4a1a4544b0fe48bffe212aafe5
external/AgentWatcher/agents/agentdojo/src/agentdojo/attacks/base_attacks.py	6329	d962c68a8a6cd41c33eac0a2fd27fe38d77dfb3e2f85425b2c2fda63c920b62b
external/AgentWatcher/agents/agentdojo/src/agentdojo/attacks/baseline_attacks.py	2864	0e3f3cec2173524989d67bd3d934d032774ad3fc5995969c9565613efaa21c6d
external/AgentWatcher/agents/agentdojo/src/agentdojo/attacks/dos_attacks.py	4540	160aa9604ce31cd3e54ecb06d9ed4acc770066a0dedd11d0742f6205d6077859
external/AgentWatcher/agents/agentdojo/src/agentdojo/attacks/important_instructions_attacks.py	6222	519f24e0b9d72f43343d665679adacc33758b50cd1b586a81fa53fb098dcfe71
external/AgentWatcher/agents/agentdojo/src/agentdojo/data/system_messages.yaml	494	b65b4fa81ee473447ae6314b1c41e08f0d53a2e07f2a766901f1f4f1a53c51a4
external/AgentWatcher/agents/agentdojo/src/agentdojo/data/suites/banking/environment.yaml	2267	3f539da1d97779b244cd122afc683dc69d602f338e1b3c42d126cbde33611c8b
external/AgentWatcher/agents/agentdojo/src/agentdojo/data/suites/banking/injection_vectors.yaml	657	4eb98a601c108d9b4d88f5d3f2dbf455f775a718975a0ae2624b4cf0d0f6f819
external/AgentWatcher/agents/agentdojo/src/agentdojo/data/suites/slack/environment.yaml	3867	0ea2f9b83e5ffaae0bf50fab2b13d6c8ee59a952f791b16c9554fdc48935c87d
external/AgentWatcher/agents/agentdojo/src/agentdojo/data/suites/slack/injection_vectors.yaml	554	efc01621ffa7955ee10e00e916ac933a41bd8347ba285e1e4888813bf5e0d3a2
external/AgentWatcher/agents/agentdojo/src/agentdojo/data/suites/travel/environment.yaml	20964	ca8ef591bde5a8d8b9e2efe6830b8e4646c43f633c86f14cb878f588bb4b8a3c
external/AgentWatcher/agents/agentdojo/src/agentdojo/data/suites/travel/injection_vectors.yaml	1529	a6ab848b39d862439e7b4844a617e578294de93cd0176c1851184dd901edb51c
external/AgentWatcher/agents/agentdojo/src/agentdojo/data/suites/workspace/environment.yaml	123	08a22c4eac0f72012e23c135cf3157b6fa7b35881b57bd2e910a5b059c02d157
external/AgentWatcher/agents/agentdojo/src/agentdojo/data/suites/workspace/gpt_prompts.txt	5751	2fa475cc5a4e2df6cb7cd944cc1291aaa69191d4e388fd88c36521c877b13cda
external/AgentWatcher/agents/agentdojo/src/agentdojo/data/suites/workspace/injection_vectors.yaml	2997	3390ac3da090ea0fde5f50ef0a74bf260786b35ab6ff14d47a199ecb41a15489
external/AgentWatcher/agents/agentdojo/src/agentdojo/data/suites/workspace/include/calendar.yaml	9610	69b0ae96804e986b5a0dba694ad6ca34cf01c8c6b57bb8ceb618d9ed8640b803
external/AgentWatcher/agents/agentdojo/src/agentdojo/data/suites/workspace/include/cloud_drive.yaml	28245	a9731cd49fe7eb726e43c1727c40eff0d6ca2d85d53728aa744860a8c4214130
external/AgentWatcher/agents/agentdojo/src/agentdojo/data/suites/workspace/include/inbox.yaml	13942	e6fac364bfb0e89d3d0251ef8079ffa2791504673a426029034356b8228f2082
external/AgentWatcher/agents/agentdojo/src/agentdojo/default_suites/__init__.py	0	e3b0c44298fc1c149afbf4c8996fb92427ae41e4649b934ca495991b7852b855
external/AgentWatcher/agents/agentdojo/src/agentdojo/default_suites/v1/__init__.py	1	01ba4719c80b6fe911b091a7c05124b64eeece964e09c058ef8f9805daca546b
external/AgentWatcher/agents/agentdojo/src/agentdojo/default_suites/v1/banking/__init__.py	348	06dbcff8dddf069419eb0bc4ff7ffaf45c38fc6d0f5ac978d76da47b03700ac3
external/AgentWatcher/agents/agentdojo/src/agentdojo/default_suites/v1/banking/injection_tasks.py	15309	fa2dedf8e66c95ffadb54f5a26648728b08c56f302858de4ee9a5cc0b3891618
external/AgentWatcher/agents/agentdojo/src/agentdojo/default_suites/v1/banking/task_suite.py	1093	c58ec73db16f713a16aaec787dac45856e546f4d95be84ab6a4bed9bc12613b6
external/AgentWatcher/agents/agentdojo/src/agentdojo/default_suites/v1/banking/user_tasks.py	19450	37af838194f001af80cc040315bcb2d69d0112324d424f9a323473b41b317f82
external/AgentWatcher/agents/agentdojo/src/agentdojo/default_suites/v1/slack/__init__.py	334	711f6ab4ef9cbe2ca5f4ba24cd29ad0d749117572716dcd8ec2d06416ea1def1
external/AgentWatcher/agents/agentdojo/src/agentdojo/default_suites/v1/slack/injection_tasks.py	9144	d5775da1689e13192b665837e72cee88ed76f622e9b998e9def18b700fdc5afc
external/AgentWatcher/agents/agentdojo/src/agentdojo/default_suites/v1/slack/task_suite.py	939	bdc6798e8ef83a54e787af80ed44f94e4be8f24aba2eaec2103e3120958c3670
external/AgentWatcher/agents/agentdojo/src/agentdojo/default_suites/v1/slack/user_tasks.py	26012	25e43a0c58109765da090aa2f01bfb0892aaee70ca1622028074d7b49443a57b
external/AgentWatcher/agents/agentdojo/src/agentdojo/default_suites/v1/tools/__init__.py	0	e3b0c44298fc1c149afbf4c8996fb92427ae41e4649b934ca495991b7852b855
external/AgentWatcher/agents/agentdojo/src/agentdojo/default_suites/v1/tools/banking_client.py	5137	0e4273f521db7ff6d5e7f7f552e917b11940102abd932aea8a2998b517441b42
external/AgentWatcher/agents/agentdojo/src/agentdojo/default_suites/v1/tools/calendar_client.py	10237	5d551339fb87237dd1414a003b26f4f851dbdd2b0826225025e44f16420add22
external/AgentWatcher/agents/agentdojo/src/agentdojo/default_suites/v1/tools/cloud_drive_client.py	5577	19376d95731c46477037986319bc8522b4bc96f4924e730b11906df23fc00b93
external/AgentWatcher/agents/agentdojo/src/agentdojo/default_suites/v1/tools/email_client.py	10235	782adb70c81ec765919ae835494fac163dbb46f21ef46f6dcf18eab390b5e294
external/AgentWatcher/agents/agentdojo/src/agentdojo/default_suites/v1/tools/file_reader.py	435	09438864a1e1ac6564df3e4f7eb60a9a224de2ef8a92c4eb4899f7768ce49d6d
external/AgentWatcher/agents/agentdojo/src/agentdojo/default_suites/v1/tools/slack.py	4586	c70dbc7b3356e93a1c2bd4e78700859ea58b36adbf8169e51b03f355b0a5fe69
external/AgentWatcher/agents/agentdojo/src/agentdojo/default_suites/v1/tools/travel_booking_client.py	15177	ad6b3441a38a1ff4bdc7227a15fb9ed764a7906baf2f75902bdb70f2100f69ba
external/AgentWatcher/agents/agentdojo/src/agentdojo/default_suites/v1/tools/types.py	3422	691ed3353bd04e9f8233c4f70901daefb564e56209a8946f516496520aca3c13
external/AgentWatcher/agents/agentdojo/src/agentdojo/default_suites/v1/tools/user_account.py	1978	f097c4b2b6cd6784272987d8d37dd7cc5d599620d64b371f7c2af8e65d7ad673
external/AgentWatcher/agents/agentdojo/src/agentdojo/default_suites/v1/tools/web.py	1436	246cc534a939ade2864bb62441d8452de7a840d007147c22391ad07bff91594c
external/AgentWatcher/agents/agentdojo/src/agentdojo/default_suites/v1/travel/__init__.py	341	bd0bf8a57c39846c9476adc60be5c870faba09dd497254c2d4520bea21ab3bba
external/AgentWatcher/agents/agentdojo/src/agentdojo/default_suites/v1/travel/injection_tasks.py	12604	9252be834b0ae0e28fe06744e052987d71d8ad3666b8d0b1f65f2875f998fca8
external/AgentWatcher/agents/agentdojo/src/agentdojo/default_suites/v1/travel/task_suite.py	3127	a2b58f094bd61a79e245ca74c94d9a3d62cc6bc744e5ee21bdadabb43960ba60
external/AgentWatcher/agents/agentdojo/src/agentdojo/default_suites/v1/travel/user_tasks.py	76962	757f0e28208f92c2082e016469654524cb1120ec10928ce229da15fe32f6d3ee
external/AgentWatcher/agents/agentdojo/src/agentdojo/default_suites/v1/workspace/__init__.py	362	b50429a079625b039389dce1063d993e38d18213ace046dffa65a735e73d08f9
external/AgentWatcher/agents/agentdojo/src/agentdojo/default_suites/v1/workspace/injection_tasks.py	10615	03e0894ffb544a79fd0bfd2c62cc5f90b19a2b1d429068d800239bfd020b6dcc
external/AgentWatcher/agents/agentdojo/src/agentdojo/default_suites/v1/workspace/task_suite.py	2199	96fa51ab20f03c30cd2d7bc754b76d717ddbd68bdf39adc85f0e92fc4d2c7ec4
external/AgentWatcher/agents/agentdojo/src/agentdojo/default_suites/v1/workspace/user_tasks.py	55415	d2a550b812b7f40ee2dea17ac19d44f2dd063d103524118216b563eca6e44171
external/AgentWatcher/agents/agentdojo/src/agentdojo/default_suites/v1_1/__init__.py	69	6afde4c3d03f2535eaf4b7764f6bc35864fe748c2e89b4673e952c2665813b71
external/AgentWatcher/agents/agentdojo/src/agentdojo/default_suites/v1_1/travel/user_tasks.py	73458	de8746e57fa85a5ee3ec9e4e6d66316c7c33e166e51404ffb64709b4458b9ae6
external/AgentWatcher/agents/agentdojo/src/agentdojo/default_suites/v1_1_1/__init__.py	307	c12b7d8faa09c773e1432f680c55d2272a21609b8a8460844c0d4f313483e022
external/AgentWatcher/agents/agentdojo/src/agentdojo/default_suites/v1_1_1/banking/__init__.py	0	e3b0c44298fc1c149afbf4c8996fb92427ae41e4649b934ca495991b7852b855
external/AgentWatcher/agents/agentdojo/src/agentdojo/default_suites/v1_1_1/banking/user_tasks.py	2751	d7858d3f9a573fcc334d19d4aa63ba92867cd8d5b99e2d102f7c60840fd42b81
external/AgentWatcher/agents/agentdojo/src/agentdojo/default_suites/v1_1_1/slack/__init__.py	0	e3b0c44298fc1c149afbf4c8996fb92427ae41e4649b934ca495991b7852b855
external/AgentWatcher/agents/agentdojo/src/agentdojo/default_suites/v1_1_1/slack/user_tasks.py	11114	d63bace385d0f341cb3d20bbb698a3d1530d7eb6e346cc65d04e4b7ea255467d
external/AgentWatcher/agents/agentdojo/src/agentdojo/default_suites/v1_1_1/travel/__init__.py	0	e3b0c44298fc1c149afbf4c8996fb92427ae41e4649b934ca495991b7852b855
external/AgentWatcher/agents/agentdojo/src/agentdojo/default_suites/v1_1_1/travel/injection_tasks.py	2995	23f325aa0821c7982991657588ee0b58057423559e97d6ebd6febc8274b5ac1b
external/AgentWatcher/agents/agentdojo/src/agentdojo/default_suites/v1_1_1/travel/user_tasks.py	4257	356e46470861de40172a252e92149a2396bca3f66cfcadc0e5a4450fe11c979f
external/AgentWatcher/agents/agentdojo/src/agentdojo/default_suites/v1_1_1/workspace/user_tasks.py	8010	76da20246f658609a96d95dc206ae7f58785cab5b1f100f76d367c8e4b6fc7f9
external/AgentWatcher/agents/agentdojo/src/agentdojo/default_suites/v1_1_2/__init__.py	201	2a9e4756075bf0f0db19525d86dec24c98df7ac7a1f5e7fb239a5d438fd6b720
external/AgentWatcher/agents/agentdojo/src/agentdojo/default_suites/v1_1_2/travel/__init__.py	0	e3b0c44298fc1c149afbf4c8996fb92427ae41e4649b934ca495991b7852b855
external/AgentWatcher/agents/agentdojo/src/agentdojo/default_suites/v1_1_2/travel/injection_tasks.py	5267	d8688a8896736e4807b649340b84af65eb7b36f34d082073690333445a410b39
external/AgentWatcher/agents/agentdojo/src/agentdojo/default_suites/v1_1_2/workspace/__init__.py	0	e3b0c44298fc1c149afbf4c8996fb92427ae41e4649b934ca495991b7852b855
external/AgentWatcher/agents/agentdojo/src/agentdojo/default_suites/v1_1_2/workspace/injection_tasks.py	8339	3ffccf1e54362377a3d02955010b041a572c64aa209bb3e8b70c1fe5fc76fdad
external/AgentWatcher/agents/agentdojo/src/agentdojo/default_suites/v1_1_2/workspace/user_tasks.py	5395	ff4e1b65f10346ba167d44b3236f4fe10fbb2066d6e2a22c4edc8b243d0f0a53
external/AgentWatcher/agents/agentdojo/src/agentdojo/default_suites/v1_2/__init__.py	365	cc643d412ba5aea5dfe7896a130af95d05740bcc62ff9df97835ed66786b7498
external/AgentWatcher/agents/agentdojo/src/agentdojo/default_suites/v1_2/banking/injection_tasks.py	15207	3e678ad165f911dbc16c8307de761dcc15da274716bec7ac0d05db167ec2c311
external/AgentWatcher/agents/agentdojo/src/agentdojo/default_suites/v1_2/slack/user_tasks.py	3377	36c51c6fd744301ed5dd9b654f02aca504af50df827453d1754862ed6201fcc2
external/AgentWatcher/agents/agentdojo/src/agentdojo/default_suites/v1_2/travel/injection_tasks.py	2048	15b8ccee487223bfc6afc58cf05591e3a96fb668eee39d7d47ac2fd98f5173c0
external/AgentWatcher/agents/agentdojo/src/agentdojo/default_suites/v1_2/travel/user_tasks.py	5037	a563163efea5e723e4fbbafae66fca33e6b743e50f6c25865167dc0663615ef9
external/AgentWatcher/agents/agentdojo/src/agentdojo/default_suites/v1_2/workspace/injection_tasks.py	17963	8d878576023085838786d7f06d5a882fb51d251f567599f7b363e16f3eb2bc91
external/AgentWatcher/agents/agentdojo/src/agentdojo/default_suites/v1_2/workspace/user_tasks.py	8951	6b21b84053d1ac1703674e75d75dd4986e489d3434fcf60e8707b96114ab03bb
external/AgentWatcher/agents/agentdojo/src/agentdojo/default_suites/v1_2_1/__init__.py	79	e092b155d26104e080e15ccb1747fdc0365be0b318475886337e4089d9484739
external/AgentWatcher/agents/agentdojo/src/agentdojo/default_suites/v1_2_1/workspace/injection_tasks.py	4361	5a30d439850b58cfb834840bdfe7bbdf4405859bb1899e59ef476f29156078e8
external/AgentWatcher/agents/agentdojo/src/agentdojo/default_suites/v1_2_2/__init__.py	132	12ca1e18055f78ee067cc25e94cce459426ec744b70edd4a335aca4d5df2f157
external/AgentWatcher/agents/agentdojo/src/agentdojo/default_suites/v1_2_2/banking/__init__.py	0	e3b0c44298fc1c149afbf4c8996fb92427ae41e4649b934ca495991b7852b855
external/AgentWatcher/agents/agentdojo/src/agentdojo/default_suites/v1_2_2/banking/user_tasks.py	1945	f3b8417c51b7fe33c0f85571d543a64811f6ef3e4ab9c7ae9568834db66064b2
external/AgentWatcher/agents/agentdojo/src/agentdojo/default_suites/v1_2_2/workspace/__init__.py	74	f79fffc92bb4655f4c3a575a56ec8e19c1c1979618bed8e70e43b49ea58ca689
external/AgentWatcher/agents/agentdojo/src/agentdojo/default_suites/v1_2_2/workspace/user_tasks.py	1452	4873a5c1ba3be813cff5f85e6f921f92f7b3a90e21d2d412e043bcfea696de9b
external/AgentWatcher/agents/agentdojo/src/agentdojo/scripts/__init__.py	0	e3b0c44298fc1c149afbf4c8996fb92427ae41e4649b934ca495991b7852b855
external/AgentWatcher/agents/agentdojo/src/agentdojo/scripts/benchmark.py	13007	b95587a904296fb43e0fbd35a63c2d324ca392301b08941de6bb9d48fbe6fbed
external/AgentWatcher/agents/agentdojo/src/agentdojo/scripts/check_suites.py	2591	7806527357e126d54fa88a2a0ef2eec3f7b6ffefca90f63c179012dc51d91ef6
external/AgentWatcher/agents/agentdojo/src/agentdojo/task_suite/__init__.py	374	6821364aecf7c72451e36fde92974188e221e71b19936659795d9ff771718406
external/AgentWatcher/agents/agentdojo/src/agentdojo/task_suite/load_suites.py	3143	e9c97813ed8295f25526733df044e9adf8ba18567eaeec3455591c4fbc1caa12
external/AgentWatcher/agents/agentdojo/src/agentdojo/task_suite/task_combinators.py	3526	a225f427c006b2fd814df86c47225ce9193d51857e3f14e69c8a56ee49116df1
external/AgentWatcher/agents/agentdojo/src/agentdojo/task_suite/task_suite.py	19850	395e30a3d913ea5a041c1d696157b0dcb3ea82901be26fe34f3955b108e87ad9
external/AgentWatcher/agents/agentdojo/tests/__init__.py	0	e3b0c44298fc1c149afbf4c8996fb92427ae41e4649b934ca495991b7852b855
external/AgentWatcher/agents/agentdojo/tests/test_ast_utils.py	1680	041b279341f3ae80422513a59cf409f49023e685810418f87d2f6af2f7b73182
external/AgentWatcher/agents/agentdojo/tests/test_benchmark.py	2382	964ba695f4c9b917b745b51b24bbb17eee3a16da84721192eda11aa7204fa69b
external/AgentWatcher/agents/agentdojo/tests/test_workspace_user_tasks.py	5342	daa6f8c8f19931a3921709b460292882a1f1e8fc7a467094c7816a23e5478f72
external/AgentWatcher/agents/agentdojo/tests/test_agent_pipeline/test_anthropic_llm.py	4358	9d3d28fbe64823f4d8382c2f2ef71233501975d118136eacd32795bb78f694ff
external/AgentWatcher/agents/agentdojo/tests/test_agent_pipeline/test_cohere_llm.py	3215	abe76dbdc50ee175ae1b6fb616a34eb2212db6d941b03688e0c0ee43650e2f1c
external/AgentWatcher/agents/agentdojo/tests/test_agent_pipeline/test_google_llm.py	2444	3addc2d778353b2ebb4bb8cbe475b539ad459ab517c3936209319f0f06502e73
external/AgentWatcher/agents/agentdojo/tests/test_agent_pipeline/test_pi_detector.py	3313	adc7e176c264604c099ee9c90aeb6f355fcb43d70cbb742b02a6e1bd1f63dc70
external/AgentWatcher/agents/agentdojo/tests/test_agent_pipeline/test_prompting_llm.py	4883	d0d629bafb9c270ec01ce93f5820f4be588e51af5dae114ec95a51c3834ebd99
external/AgentWatcher/agents/agentdojo/tests/test_functions_runtime/__init__.py	0	e3b0c44298fc1c149afbf4c8996fb92427ae41e4649b934ca495991b7852b855
external/AgentWatcher/agents/agentdojo/tests/test_functions_runtime/test_functions_runtime.py	14051	9c5e85851263149e904e14111e0cb9a1d87ab0bc958b88d958b4bf3870aff6fa
external/AgentWatcher/agents/agentdojo/util_scripts/create_results_table.py	12242	ab068d131078b77fb9680581cc6f31f565f07ebf36f70e2048070b7ab45087ce
external/AgentWatcher/agents/agentdojo/util_scripts/run_vllm.sh	1558	9624df58d748afec79985fa899975909af167b985634960f36f5f4e8bd05c0e2
external/AgentWatcher/agents/agentdojo/util_scripts/run_vllm_parallel.sh	2389	9a0df9c7c1440757f2539d7724ce346b5407e9b6e2b17a4efbef5c147b5539fc
external/AgentWatcher/agents/agentdyn/CITATION.bib	492	b97dc76c5e3a6a9adb0f53861fa1ebff626a5782e4204047caed1c5eba041084
external/AgentWatcher/agents/agentdyn/CLAUDE.md	4892	932a97dfd3931e7d7d9b3002d5b5ca947fc754b2e58b2b50e4953253d25d6395
external/AgentWatcher/agents/agentdyn/CONTRIBUTING.md	328	173bdacfde08f0ff5437175a540aeb6d18609053ad8e641c86450c72a3e209fc
external/AgentWatcher/agents/agentdyn/LICENSE	1161	4285a071f2d382338e52b4fb0a186d952984a34d43a33d8872e1a1d8cb43401e
external/AgentWatcher/agents/agentdyn/README.md	3210	f5a1c40cbc8d9fea80cc78a00f0e0d3f8ac97b8c233896a891cb26eec00016b3
external/AgentWatcher/agents/agentdyn/agentdojo_README.md	3188	dbb08cf57bb96f27fa598bc4c0a8c26cf85129cac0c109ae645bac264066dbcd
external/AgentWatcher/agents/agentdyn/mkdocs.yml	4178	ba7c474e71a134968025c31e4a76e983caa982f01a51f9996026c0116d385e70
external/AgentWatcher/agents/agentdyn/pyproject.toml	3179	f69dde819258d5dc2c6dca13ecbb116e54904374879a5c921332db36474e0a3b
external/AgentWatcher/agents/agentdyn/uv.lock	631621	395e3d0a59214515008d27c4462c9723ab7594374243f561ad5f19b3aa8a5330
external/AgentWatcher/agents/agentdyn/docs/CNAME	20	8ad37406e4113826f8e0dfed35a1f2b2f30d6b4e7f70bc2e3d29ce057f86c72d
external/AgentWatcher/agents/agentdyn/docs/changelog.md	6353	21dde6d1c75e2b559e32fd0dd6fbeac8c4f78f1297b5412208a38ecc171dcdfc
external/AgentWatcher/agents/agentdyn/docs/development.md	692	6347c73b1e87a807acbaca8ed816976be2d68bc640b853767a14778bd77ac49a
external/AgentWatcher/agents/agentdyn/docs/index.md	3696	53780de2a58ea661bba37a55eb654a9a8b36c937bd3f0c835a690c8ae21a4d07
external/AgentWatcher/agents/agentdyn/docs/results-table.html	11041	bdd665fd32069666d3d89e2f54a9b6c12a38798f0e3824b5fe5b6488021d0925
external/AgentWatcher/agents/agentdyn/docs/results.md	1624	96fa2d1615426809ece5e987880f124c3150b6d221d2b12306ff5c73e7b3a32e
external/AgentWatcher/agents/agentdyn/docs/api/base_tasks.md	112	1db384c88bd232208b6599aa67ef7c81499cec1410e89c53a9b76105928192a8
external/AgentWatcher/agents/agentdyn/docs/api/benchmark.md	293	e1a1ef22f5ac41f7bcbeb65ac6b7a594019cf77ccf1d690f84fd229e87f2cbae
external/AgentWatcher/agents/agentdyn/docs/api/functions_runtime.md	422	ce89e492bee4aa89b380788dc17f39b1277761d91577c6040400b4e7a976e2a2
external/AgentWatcher/agents/agentdyn/docs/api/task_suite.md	150	5613540277641ff0099987150f8885c256cc62d83b0f0a3dc8f40c4dc9a27172
external/AgentWatcher/agents/agentdyn/docs/api/types.md	193	62f0ac9493eb28b524f6fade6eabf3bace8c41b93812be545aab4b750fabf6a8
external/AgentWatcher/agents/agentdyn/docs/api/agent_pipeline/basic_elements.md	1408	924bdfaeb6cbbcb2d66ad7f3634fd838d6699a093ef2b0cb3ec4a13653c0d42a
external/AgentWatcher/agents/agentdyn/docs/api/agent_pipeline/defenses.md	277	33689e8b5ac1271b0ba05f0d90c354126231738cfd3d997a9bd0fd83e08eba01
external/AgentWatcher/agents/agentdyn/docs/api/agent_pipeline/llms.md	1098	85d26c8a6e508bca945e48bbc238ca6c47e5b83a15dd3dff8251c78c404d2a44
external/AgentWatcher/agents/agentdyn/docs/api/attacks/base_attacks.md	469	4d5c5f6ccae9682bbcf0feadb9e6fe831257f960778451be62b7fcfc5167f6e3
external/AgentWatcher/agents/agentdyn/docs/api/attacks/baseline_attacks.md	808	140767c3b4d1e663fea03efd64945edd9fd338bd4848214a50235805e948b4f1
external/AgentWatcher/agents/agentdyn/docs/api/attacks/dos_attacks.md	493	d0685c78cb65fe7d1bcb499eb897957f9289ff344b7d17d8f53066ad87b61a23
external/AgentWatcher/agents/agentdyn/docs/api/attacks/registering_and_loading_attacks.md	218	07177e79afbf060944ce7a9cef5ad592d3c03e32793bab97c24d7d89e87f1bb7
external/AgentWatcher/agents/agentdyn/docs/concepts/agent_pipeline.md	5108	5d98bbacff461d77245c0dda2958534422dc4988acb1e7aa265200717fa1a364
external/AgentWatcher/agents/agentdyn/docs/concepts/attacks.md	3677	58a0cb1a1c5cf109aff008ca313deabed17f9c2a52aeeb3022f13f5da532435f
external/AgentWatcher/agents/agentdyn/docs/concepts/functions_runtime.md	3126	fa2f192658d1fa43548bedbb60b9e353dfa12d6a2c08fd43fc228869e782a6f2
external/AgentWatcher/agents/agentdyn/docs/concepts/task_suite_and_tasks.md	8604	1cdb32ebe9de269cc5913599fe842ad9e901a63560ab522eb00fd79479bbe51a
external/AgentWatcher/agents/agentdyn/examples/README.md	481	f2a59639b8955f92b03735b7b4f2e8902ed18388fde15c939060f503b2843a83
external/AgentWatcher/agents/agentdyn/examples/attack.py	984	d04635eccaefcf5eb6b4d7fb676fd922b302e9bb212488a44d9e4b2e7fd40041
external/AgentWatcher/agents/agentdyn/examples/functions_runtime.py	2246	ce176f49ae634baeb6b8c7d5fe3b506f659e49aa9ad987bfcb816bb0e2baf5cc
external/AgentWatcher/agents/agentdyn/examples/pipeline.py	1139	610fc8510bfefe8440eb6c4053919b2ae62272a2e04e07d67aa81bc715cf920f
external/AgentWatcher/agents/agentdyn/examples/counter_benchmark/__init__.py	0	e3b0c44298fc1c149afbf4c8996fb92427ae41e4649b934ca495991b7852b855
external/AgentWatcher/agents/agentdyn/examples/counter_benchmark/benchmark.py	256	4e68d7b0ad1409a086d32080748cf989b9a3f05d44923ecaebf341cfbe02b3ed
external/AgentWatcher/agents/agentdyn/examples/counter_benchmark/data/suites/counter/environment.yaml	97	c40f464e54adc0671697284d92eca2108d79b3d4fb7bcd293e50b966ce2e7d9e
external/AgentWatcher/agents/agentdyn/examples/counter_benchmark/data/suites/counter/injection_vectors.yaml	83	0f42c72575d7a56dbf3e0dbe18df9d8b5e4512f891b61b48a047c81dfbe8c3fb
external/AgentWatcher/agents/agentdyn/examples/counter_benchmark/suites/__init__.py	0	e3b0c44298fc1c149afbf4c8996fb92427ae41e4649b934ca495991b7852b855
external/AgentWatcher/agents/agentdyn/examples/counter_benchmark/suites/tools.py	952	c05bae5800359eda737540c8ab93d1e78286d34eb6f5040f973ab17ea74c331d
external/AgentWatcher/agents/agentdyn/examples/counter_benchmark/suites/counter/__init__.py	117	0a2f99e8c63bfcec1eda881113207bb358bedd105c7fb9f31c926563571b9864
external/AgentWatcher/agents/agentdyn/examples/counter_benchmark/suites/counter/injection_tasks.py	1135	75ed50b196edae9325e930359d40ea68287f716a04024ec6ae307cfc86dfc2ba
external/AgentWatcher/agents/agentdyn/examples/counter_benchmark/suites/counter/task_suite.py	621	fe5e8bc13920abedb3e5bf79ee86a6d1a72b65615a2e50e57887d4cee4e48302
external/AgentWatcher/agents/agentdyn/examples/counter_benchmark/suites/counter/user_tasks.py	2810	139c59aee61786aef135a2ce649be239aef236e32a15912d970d72f74fdd1766
external/AgentWatcher/agents/agentdyn/notebooks/agent_pipeline_example.ipynb	35899	e1e2e2cb1dad238a8f5897257e4a03d32ea7bef97b7a1c50dd1c35c97ee0aea3
external/AgentWatcher/agents/agentdyn/notebooks/analysis.ipynb	593419	7e05b1dab8fb140385012461d8c0fe610f663866944d3adcc6ec0238e2635f82
external/AgentWatcher/agents/agentdyn/src/agentdojo/__init__.py	1	01ba4719c80b6fe911b091a7c05124b64eeece964e09c058ef8f9805daca546b
external/AgentWatcher/agents/agentdyn/src/agentdojo/ast_utils.py	3190	08d84f74f66151ff0438cb81aa58d3cd4fdc3f0881a0b5eb26d0b527948be221
external/AgentWatcher/agents/agentdyn/src/agentdojo/base_tasks.py	6880	08d3a4646d1a250968045b0f933803335650a4ed04c9d2387b17d08b1e0427c5
external/AgentWatcher/agents/agentdyn/src/agentdojo/benchmark.py	19305	44f0e7bfa1480071f024a8087a82ec45d07226bede0fa00282e04f807b259544
external/AgentWatcher/agents/agentdyn/src/agentdojo/functions_runtime.py	12627	3c67f71eb8a7f15d2a15fe9595d84218c5e6868d95fd71d1cef679cd2192d0f7
external/AgentWatcher/agents/agentdyn/src/agentdojo/models.py	7259	b9208ee15596f2af327dadb6a45f316f8aeef99b6ba93f9c574499ea3ba2a6bd
external/AgentWatcher/agents/agentdyn/src/agentdojo/strenum.py	280	ac76fd07924a27fc42c33e626c77ed93ea48e9f7d4effc1548b8b908b166737f
external/AgentWatcher/agents/agentdyn/src/agentdojo/types.py	3490	207b688794d5e214099c00b0dff3a03429f8f3632fcbbdafeac291dc190fbfca
external/AgentWatcher/agents/agentdyn/src/agentdojo/yaml_loader.py	2597	73443ec93c140dd2365d1c093f983729dca25075ee39e99047fa6c3d22ad9194
external/AgentWatcher/agents/agentdyn/src/agentdojo/agent_pipeline/__init__.py	1556	b86f458f03f25bc322e897b63348eef2d0480bdd4abcdd80f321d85902fcd80f
external/AgentWatcher/agents/agentdyn/src/agentdojo/agent_pipeline/agent_pipeline.py	12969	dd01ec8bf861387cf288f5d5e44dee1e6ec8ab2916d19bc7ae315b9347c73cac
external/AgentWatcher/agents/agentdyn/src/agentdojo/agent_pipeline/base_pipeline_element.py	1318	b15f0eb72a286fdfd26f45a3ac587fd4f44063c2a49ed017d580f5f3f0d1fc34
external/AgentWatcher/agents/agentdyn/src/agentdojo/agent_pipeline/basic_elements.py	2075	0c35aae9ae3fb8dfdbc5bc7534db51349632ac9743331234f3ee6a86583a5962
external/AgentWatcher/agents/agentdyn/src/agentdojo/agent_pipeline/errors.py	870	1a828a45524b0e64c3e4abdab342fba721581134b7808dd00f02fa5bc5ca52e1
external/AgentWatcher/agents/agentdyn/src/agentdojo/agent_pipeline/ground_truth_pipeline.py	2421	acfb119e091589beafc53e98e8371088014d703c4e3f227c09732a86596ad194
external/AgentWatcher/agents/agentdyn/src/agentdojo/agent_pipeline/inference_utils.py	8201	e094f7bcb6b150395a804b8745c7ab229640b84a0024235f3a19ace6123340bb
external/AgentWatcher/agents/agentdyn/src/agentdojo/agent_pipeline/pi_detector.py	7154	6a7f1d075cc5e5f06b34d71974a6e525664f4d1f4b31793b09be756e70bc18e9
external/AgentWatcher/agents/agentdyn/src/agentdojo/agent_pipeline/piarena_defense_adapter.py	17845	3057f3c0f74eca132cb5e169bdfb05586cec508be647f613264786cae8e560ea
external/AgentWatcher/agents/agentdyn/src/agentdojo/agent_pipeline/planner.py	1867	b5bb490fb3e88ebcc1f995c87b8bdf438419bc67b06ae8d3e812b9fcb3ee851b
external/AgentWatcher/agents/agentdyn/src/agentdojo/agent_pipeline/tool_execution.py	6624	96842ef579714cdc7f854bc13d4bca2be0c27897abc29dad2e1ba33ce3b11bdc
external/AgentWatcher/agents/agentdyn/src/agentdojo/agent_pipeline/llms/__init__.py	0	e3b0c44298fc1c149afbf4c8996fb92427ae41e4649b934ca495991b7852b855
external/AgentWatcher/agents/agentdyn/src/agentdojo/agent_pipeline/llms/anthropic_llm.py	12764	381d91588b533fd3d78688730a4e95adf6c5d328eb4114754b43bc364d27694e
external/AgentWatcher/agents/agentdyn/src/agentdojo/agent_pipeline/llms/cohere_llm.py	10109	46bda8fe1df1131df7af448a435a33e469431009ab6fccab1544da849eddea1d
external/AgentWatcher/agents/agentdyn/src/agentdojo/agent_pipeline/llms/google_llm.py	11620	ed9c2d032733a00ea0592f561b6f612f4677aa43f70ac585a7c9741bc83104dc
external/AgentWatcher/agents/agentdyn/src/agentdojo/agent_pipeline/llms/local_llm.py	7388	11dae03f5abf634a6380f419ccf308c0e12cbb07af00355aaa249ff8f1b14acc
external/AgentWatcher/agents/agentdyn/src/agentdojo/agent_pipeline/llms/openai_llm.py	9993	7a2a1d402834bb633c161b7c76be962362d96b234abd70da0610dfa29a5a98bc
external/AgentWatcher/agents/agentdyn/src/agentdojo/agent_pipeline/llms/prompting_llm.py	16653	60c84e3b659eca8d4b03ce838f461b5d5690f92fb1a6642d4ed38c01ff19364c
external/AgentWatcher/agents/agentdyn/src/agentdojo/attacks/__init__.py	493	e5f2a950166c3ef6974ce8f8fcb7ab7dd33a6cd3496205b10c7bd907aa4287b6
external/AgentWatcher/agents/agentdyn/src/agentdojo/attacks/attack_registry.py	1326	cdbfefa137485531fa3ff33f3235b769d5116b4a1a4544b0fe48bffe212aafe5
external/AgentWatcher/agents/agentdyn/src/agentdojo/attacks/base_attacks.py	6329	d962c68a8a6cd41c33eac0a2fd27fe38d77dfb3e2f85425b2c2fda63c920b62b
external/AgentWatcher/agents/agentdyn/src/agentdojo/attacks/baseline_attacks.py	2864	0e3f3cec2173524989d67bd3d934d032774ad3fc5995969c9565613efaa21c6d
external/AgentWatcher/agents/agentdyn/src/agentdojo/attacks/dos_attacks.py	4540	160aa9604ce31cd3e54ecb06d9ed4acc770066a0dedd11d0742f6205d6077859
external/AgentWatcher/agents/agentdyn/src/agentdojo/attacks/important_instructions_attacks.py	6222	519f24e0b9d72f43343d665679adacc33758b50cd1b586a81fa53fb098dcfe71
external/AgentWatcher/agents/agentdyn/src/agentdojo/data/system_messages.yaml	570	023418804c74bdadb75f7fcb571f7ea8dadaf52c767502fa00b9ee238f0bbc6f
external/AgentWatcher/agents/agentdyn/src/agentdojo/data/suites/banking/environment.yaml	2267	3f539da1d97779b244cd122afc683dc69d602f338e1b3c42d126cbde33611c8b
external/AgentWatcher/agents/agentdyn/src/agentdojo/data/suites/banking/injection_vectors.yaml	657	4eb98a601c108d9b4d88f5d3f2dbf455f775a718975a0ae2624b4cf0d0f6f819
external/AgentWatcher/agents/agentdyn/src/agentdojo/data/suites/dailylife/environment.yaml	352	284499a8280d4d2e1a78541508167a4db4dffb7dda648cabce9014f12e3afd99
external/AgentWatcher/agents/agentdyn/src/agentdojo/data/suites/dailylife/injection_vectors.yaml	5135	0c11839640a24b5e51392d24419eda5645c6e16760d2f12e5cd445259e0b9eaf
external/AgentWatcher/agents/agentdyn/src/agentdojo/data/suites/dailylife/include/bank_database.yaml	2904	47397af606eca5e47405173cd831e6df6d678bf08c96eeea018cfb8a188c8d9d
external/AgentWatcher/agents/agentdyn/src/agentdojo/data/suites/dailylife/include/calendar.yaml	1556	bd36653c607672e5da84c97d42130afba6800d655015297547f35b7ad6a18b86
external/AgentWatcher/agents/agentdyn/src/agentdojo/data/suites/dailylife/include/email_database.yaml	7821	2cd60b80fcd05d8d9bdf584dec72c8e1612ff1820a5a6433d9fe5f94b146ccd4
external/AgentWatcher/agents/agentdyn/src/agentdojo/data/suites/dailylife/include/filesystem.yaml	7681	bfa814f77005eda253c3d4339d22bac319cb10eda665a99e7708921fdda39c8f
external/AgentWatcher/agents/agentdyn/src/agentdojo/data/suites/dailylife/include/github_platform.yaml	7710	1d8ff3766ef9afb442f746dd767f5e39f567923f08e7e11b05b1b61221242e70
external/AgentWatcher/agents/agentdyn/src/agentdojo/data/suites/dailylife/include/shopping_platform.yaml	26444	522b01a09ef6dc7e293b253b8d95ea81fe190682f04a427e579791943a38002b
external/AgentWatcher/agents/agentdyn/src/agentdojo/data/suites/dailylife/include/web_database.yaml	26981	28c995d8e69389ae361a546ba8c68fa296c52632a3dda96bf5cdd527daa78a5b
external/AgentWatcher/agents/agentdyn/src/agentdojo/data/suites/github/environment.yaml	352	284499a8280d4d2e1a78541508167a4db4dffb7dda648cabce9014f12e3afd99
external/AgentWatcher/agents/agentdyn/src/agentdojo/data/suites/github/injection_vectors.yaml	5035	9f64f5f92ab15cd878b054103e85f7e373613ff5591ee943e07078290dbef892
external/AgentWatcher/agents/agentdyn/src/agentdojo/data/suites/github/include/bank_database.yaml	1923	057d3d234f70b8c884cd1fcbb46b9e300980f6e5857136e523318e0bb958868e
external/AgentWatcher/agents/agentdyn/src/agentdojo/data/suites/github/include/calendar.yaml	1155	e1e071d6206f09822da6516cb682defad95b308c93ba227794a34f09ea59d73a
external/AgentWatcher/agents/agentdyn/src/agentdojo/data/suites/github/include/email_database.yaml	7845	6ba1c2faf1853f19d6d20210df3a2f9cc115a3bc0e6d8b78f9a8b81def691422
external/AgentWatcher/agents/agentdyn/src/agentdojo/data/suites/github/include/filesystem.yaml	7448	b459cdefa9d739cedd81173922fca2e960f24d11aed71460c687c14014835ec8
external/AgentWatcher/agents/agentdyn/src/agentdojo/data/suites/github/include/github_platform.yaml	9686	110fb8c3d3f56d5980bb18c9f6cb977689d8d9c3a20acc5323695498ad542b9a
external/AgentWatcher/agents/agentdyn/src/agentdojo/data/suites/github/include/shopping_platform.yaml	27728	e086d81a604ae7403ee4d7347096e5594253a5a27f7b37d128509dfd128b92c5
external/AgentWatcher/agents/agentdyn/src/agentdojo/data/suites/github/include/web_database.yaml	15076	e743f8bbe8b7a185acb27c63c383ffa6f02f551ff30d98611b5f94437be0c332
external/AgentWatcher/agents/agentdyn/src/agentdojo/data/suites/shopping/environment.yaml	352	284499a8280d4d2e1a78541508167a4db4dffb7dda648cabce9014f12e3afd99
external/AgentWatcher/agents/agentdyn/src/agentdojo/data/suites/shopping/environment——.yaml	10059	c41de80526966a4af63b1d31e6df13db8cc646a1f80308df4e002290a0d721d0
external/AgentWatcher/agents/agentdyn/src/agentdojo/data/suites/shopping/injection_vectors.yaml	4449	e20fe51b756857301f2e1638868ca4bab0421126a9a14d738deef206651ab8b8
external/AgentWatcher/agents/agentdyn/src/agentdojo/data/suites/shopping/include/bank_database.yaml	1923	057d3d234f70b8c884cd1fcbb46b9e300980f6e5857136e523318e0bb958868e
external/AgentWatcher/agents/agentdyn/src/agentdojo/data/suites/shopping/include/calendar.yaml	1155	e1e071d6206f09822da6516cb682defad95b308c93ba227794a34f09ea59d73a
external/AgentWatcher/agents/agentdyn/src/agentdojo/data/suites/shopping/include/email_database.yaml	5246	bea5b61a25c3f483ea7302e0506973a45dd6a54dd654d1edad9c5c2d44e38b4e
external/AgentWatcher/agents/agentdyn/src/agentdojo/data/suites/shopping/include/filesystem.yaml	7429	4c7bc904e5ff6308f476fc0aa319bf6da6de38b9ecd7e569afff75b4d955ab7f
external/AgentWatcher/agents/agentdyn/src/agentdojo/data/suites/shopping/include/github_platform.yaml	9686	110fb8c3d3f56d5980bb18c9f6cb977689d8d9c3a20acc5323695498ad542b9a
external/AgentWatcher/agents/agentdyn/src/agentdojo/data/suites/shopping/include/shopping_platform.yaml	27728	e086d81a604ae7403ee4d7347096e5594253a5a27f7b37d128509dfd128b92c5
external/AgentWatcher/agents/agentdyn/src/agentdojo/data/suites/shopping/include/web_database.yaml	10638	17e87b6a972ac86742068462f23ee1545459a8293d6371f045625823a5c243c0
external/AgentWatcher/agents/agentdyn/src/agentdojo/data/suites/slack/environment.yaml	3867	0ea2f9b83e5ffaae0bf50fab2b13d6c8ee59a952f791b16c9554fdc48935c87d
external/AgentWatcher/agents/agentdyn/src/agentdojo/data/suites/slack/injection_vectors.yaml	554	efc01621ffa7955ee10e00e916ac933a41bd8347ba285e1e4888813bf5e0d3a2
external/AgentWatcher/agents/agentdyn/src/agentdojo/data/suites/travel/environment.yaml	20964	ca8ef591bde5a8d8b9e2efe6830b8e4646c43f633c86f14cb878f588bb4b8a3c
external/AgentWatcher/agents/agentdyn/src/agentdojo/data/suites/travel/injection_vectors.yaml	1529	a6ab848b39d862439e7b4844a617e578294de93cd0176c1851184dd901edb51c
external/AgentWatcher/agents/agentdyn/src/agentdojo/data/suites/workspace/environment.yaml	123	08a22c4eac0f72012e23c135cf3157b6fa7b35881b57bd2e910a5b059c02d157
external/AgentWatcher/agents/agentdyn/src/agentdojo/data/suites/workspace/gpt_prompts.txt	5751	2fa475cc5a4e2df6cb7cd944cc1291aaa69191d4e388fd88c36521c877b13cda
external/AgentWatcher/agents/agentdyn/src/agentdojo/data/suites/workspace/injection_vectors.yaml	2997	3390ac3da090ea0fde5f50ef0a74bf260786b35ab6ff14d47a199ecb41a15489
external/AgentWatcher/agents/agentdyn/src/agentdojo/data/suites/workspace/include/calendar.yaml	9610	69b0ae96804e986b5a0dba694ad6ca34cf01c8c6b57bb8ceb618d9ed8640b803
external/AgentWatcher/agents/agentdyn/src/agentdojo/data/suites/workspace/include/cloud_drive.yaml	28245	a9731cd49fe7eb726e43c1727c40eff0d6ca2d85d53728aa744860a8c4214130
external/AgentWatcher/agents/agentdyn/src/agentdojo/data/suites/workspace/include/inbox.yaml	13942	e6fac364bfb0e89d3d0251ef8079ffa2791504673a426029034356b8228f2082
external/AgentWatcher/agents/agentdyn/src/agentdojo/default_suites/__init__.py	0	e3b0c44298fc1c149afbf4c8996fb92427ae41e4649b934ca495991b7852b855
external/AgentWatcher/agents/agentdyn/src/agentdojo/default_suites/v1/__init__.py	1	01ba4719c80b6fe911b091a7c05124b64eeece964e09c058ef8f9805daca546b
external/AgentWatcher/agents/agentdyn/src/agentdojo/default_suites/v1/banking/__init__.py	348	06dbcff8dddf069419eb0bc4ff7ffaf45c38fc6d0f5ac978d76da47b03700ac3
external/AgentWatcher/agents/agentdyn/src/agentdojo/default_suites/v1/banking/injection_tasks.py	15309	fa2dedf8e66c95ffadb54f5a26648728b08c56f302858de4ee9a5cc0b3891618
external/AgentWatcher/agents/agentdyn/src/agentdojo/default_suites/v1/banking/task_suite.py	1093	c58ec73db16f713a16aaec787dac45856e546f4d95be84ab6a4bed9bc12613b6
external/AgentWatcher/agents/agentdyn/src/agentdojo/default_suites/v1/banking/user_tasks.py	19450	37af838194f001af80cc040315bcb2d69d0112324d424f9a323473b41b317f82
external/AgentWatcher/agents/agentdyn/src/agentdojo/default_suites/v1/dailylife/__init__.py	362	aa95f8538faba5757daaa5d7f67747663d4afd8772d08648744849d5011008f8
external/AgentWatcher/agents/agentdyn/src/agentdojo/default_suites/v1/dailylife/injection_tasks.py	13180	592e4009f00d9ab029469584197bd059260ec041775c474258dbc5facb33efe0
external/AgentWatcher/agents/agentdyn/src/agentdojo/default_suites/v1/dailylife/task_suite.py	10357	1e750aecf40e37771e2447121806fea1cce2e03a061c657aa52ee2b4c281f6f6
external/AgentWatcher/agents/agentdyn/src/agentdojo/default_suites/v1/dailylife/user_tasks.py	63501	b4b4263fdd2e1da83da67bc1383e4f9772260a1cf0b74891cc4734be53652e85
external/AgentWatcher/agents/agentdyn/src/agentdojo/default_suites/v1/github/__init__.py	341	664a22086f0fde27dc317d408cf768b31bd8b86b3239c065dcacc51db7b36daf
external/AgentWatcher/agents/agentdyn/src/agentdojo/default_suites/v1/github/injection_tasks.py	17397	ebb675431519a18edc5257924aa1e25d53b5c213a81b4868b869efe153225889
external/AgentWatcher/agents/agentdyn/src/agentdojo/default_suites/v1/github/task_suite.py	9112	2e02cc8393ce337dfa19c40e59e5c97109bd9bc6722dd8cca2d7e0c4f0bd57e5
external/AgentWatcher/agents/agentdyn/src/agentdojo/default_suites/v1/github/user_tasks.py	50779	9b9b6029fa9140344a4ac25ffcdf222d131f23487d21e28b7402e2300a6274c6
external/AgentWatcher/agents/agentdyn/src/agentdojo/default_suites/v1/shopping/__init__.py	355	413b156e75cd566a0064a1c0a0ff1d568aefc2849778f6cbb0b503ce3be05caa
external/AgentWatcher/agents/agentdyn/src/agentdojo/default_suites/v1/shopping/injection_tasks.py	15826	3871d488b9c54e03d0cb0be408a6b917f1cf6a6d3b3d23b6138c9a77e40b7011
external/AgentWatcher/agents/agentdyn/src/agentdojo/default_suites/v1/shopping/task_suite.py	8980	a93d90c7476da8c6262fea747032eea540009ab2609aa0fac3450f0b42aa4dbd
external/AgentWatcher/agents/agentdyn/src/agentdojo/default_suites/v1/shopping/user_tasks.py	63651	31d38389b8003ae903959a6a7dbb59fa16b6247c65d0d70473877c678d7e8193
external/AgentWatcher/agents/agentdyn/src/agentdojo/default_suites/v1/slack/__init__.py	334	711f6ab4ef9cbe2ca5f4ba24cd29ad0d749117572716dcd8ec2d06416ea1def1
external/AgentWatcher/agents/agentdyn/src/agentdojo/default_suites/v1/slack/injection_tasks.py	9144	d5775da1689e13192b665837e72cee88ed76f622e9b998e9def18b700fdc5afc
external/AgentWatcher/agents/agentdyn/src/agentdojo/default_suites/v1/slack/task_suite.py	939	bdc6798e8ef83a54e787af80ed44f94e4be8f24aba2eaec2103e3120958c3670
external/AgentWatcher/agents/agentdyn/src/agentdojo/default_suites/v1/slack/user_tasks.py	26012	25e43a0c58109765da090aa2f01bfb0892aaee70ca1622028074d7b49443a57b
external/AgentWatcher/agents/agentdyn/src/agentdojo/default_suites/v1/tools/__init__.py	0	e3b0c44298fc1c149afbf4c8996fb92427ae41e4649b934ca495991b7852b855
external/AgentWatcher/agents/agentdyn/src/agentdojo/default_suites/v1/tools/banking_client.py	5137	0e4273f521db7ff6d5e7f7f552e917b11940102abd932aea8a2998b517441b42
external/AgentWatcher/agents/agentdyn/src/agentdojo/default_suites/v1/tools/calendar_client.py	10237	5d551339fb87237dd1414a003b26f4f851dbdd2b0826225025e44f16420add22
external/AgentWatcher/agents/agentdyn/src/agentdojo/default_suites/v1/tools/cloud_drive_client.py	5577	19376d95731c46477037986319bc8522b4bc96f4924e730b11906df23fc00b93
external/AgentWatcher/agents/agentdyn/src/agentdojo/default_suites/v1/tools/dynamic_banking_client.py	2666	f23b89e9627ed4e19adac411d0015cd87a6f37021219fbf609b3cc559d976e73
external/AgentWatcher/agents/agentdyn/src/agentdojo/default_suites/v1/tools/dynamic_calendar_client.py	11012	8377d72a2b89a304d38ffa58e23c7a756677adf1eabc729e60b0049dc29d75e9
external/AgentWatcher/agents/agentdyn/src/agentdojo/default_suites/v1/tools/dynamic_email_client.py	18993	d0390dc6720d9df9eea34150b4774a9d45d067c50e25cba621c72a717b91e358
external/AgentWatcher/agents/agentdyn/src/agentdojo/default_suites/v1/tools/dynamic_web_client.py	6602	6b9a0f0c3db7c835f425d1b9a59f3b340090b38c819cd470d6b0b3d76d31faa7
external/AgentWatcher/agents/agentdyn/src/agentdojo/default_suites/v1/tools/email_client.py	10235	782adb70c81ec765919ae835494fac163dbb46f21ef46f6dcf18eab390b5e294
external/AgentWatcher/agents/agentdyn/src/agentdojo/default_suites/v1/tools/file_client.py	11249	ac52dc8d9570d588907fa9e4150c166c7d4be5a318260f10530b33598d7b98f8
external/AgentWatcher/agents/agentdyn/src/agentdojo/default_suites/v1/tools/file_reader.py	435	09438864a1e1ac6564df3e4f7eb60a9a224de2ef8a92c4eb4899f7768ce49d6d
external/AgentWatcher/agents/agentdyn/src/agentdojo/default_suites/v1/tools/github_client.py	39609	cc1c1fbe0dcadb49877f5cadbd94f0c5b8068a434b6533bc08a581b0bca6708e
external/AgentWatcher/agents/agentdyn/src/agentdojo/default_suites/v1/tools/shopping_client.py	43424	87cb042b99d52743b06a4c5de57dcc6a371a93cdba88b1f1cf4ca543addf5653
external/AgentWatcher/agents/agentdyn/src/agentdojo/default_suites/v1/tools/slack.py	4586	c70dbc7b3356e93a1c2bd4e78700859ea58b36adbf8169e51b03f355b0a5fe69
external/AgentWatcher/agents/agentdyn/src/agentdojo/default_suites/v1/tools/tool_registry.py	245	0308b97013b01b50cf926a25c70acca5005e7a70d26580cec02366da4ae36e46
external/AgentWatcher/agents/agentdyn/src/agentdojo/default_suites/v1/tools/travel_booking_client.py	15177	ad6b3441a38a1ff4bdc7227a15fb9ed764a7906baf2f75902bdb70f2100f69ba
external/AgentWatcher/agents/agentdyn/src/agentdojo/default_suites/v1/tools/types.py	4457	3b651d80e57a3c27ec9a036a203f7bde616da64cd4e4c5790303af006c039997
external/AgentWatcher/agents/agentdyn/src/agentdojo/default_suites/v1/tools/user_account.py	1978	f097c4b2b6cd6784272987d8d37dd7cc5d599620d64b371f7c2af8e65d7ad673
external/AgentWatcher/agents/agentdyn/src/agentdojo/default_suites/v1/tools/utils.py	1452	85bfaeba2240c4149a0364782aab467b1ea5f8a4af923727c4ad7bd8634bbb06
external/AgentWatcher/agents/agentdyn/src/agentdojo/default_suites/v1/tools/web.py	1436	246cc534a939ade2864bb62441d8452de7a840d007147c22391ad07bff91594c
external/AgentWatcher/agents/agentdyn/src/agentdojo/default_suites/v1/travel/__init__.py	341	bd0bf8a57c39846c9476adc60be5c870faba09dd497254c2d4520bea21ab3bba
external/AgentWatcher/agents/agentdyn/src/agentdojo/default_suites/v1/travel/injection_tasks.py	12604	9252be834b0ae0e28fe06744e052987d71d8ad3666b8d0b1f65f2875f998fca8
external/AgentWatcher/agents/agentdyn/src/agentdojo/default_suites/v1/travel/task_suite.py	3127	a2b58f094bd61a79e245ca74c94d9a3d62cc6bc744e5ee21bdadabb43960ba60
external/AgentWatcher/agents/agentdyn/src/agentdojo/default_suites/v1/travel/user_tasks.py	76962	757f0e28208f92c2082e016469654524cb1120ec10928ce229da15fe32f6d3ee
external/AgentWatcher/agents/agentdyn/src/agentdojo/default_suites/v1/workspace/__init__.py	362	b50429a079625b039389dce1063d993e38d18213ace046dffa65a735e73d08f9
external/AgentWatcher/agents/agentdyn/src/agentdojo/default_suites/v1/workspace/injection_tasks.py	10615	03e0894ffb544a79fd0bfd2c62cc5f90b19a2b1d429068d800239bfd020b6dcc
external/AgentWatcher/agents/agentdyn/src/agentdojo/default_suites/v1/workspace/task_suite.py	2199	96fa51ab20f03c30cd2d7bc754b76d717ddbd68bdf39adc85f0e92fc4d2c7ec4
external/AgentWatcher/agents/agentdyn/src/agentdojo/default_suites/v1/workspace/user_tasks.py	55415	d2a550b812b7f40ee2dea17ac19d44f2dd063d103524118216b563eca6e44171
external/AgentWatcher/agents/agentdyn/src/agentdojo/default_suites/v1_1/__init__.py	69	6afde4c3d03f2535eaf4b7764f6bc35864fe748c2e89b4673e952c2665813b71
external/AgentWatcher/agents/agentdyn/src/agentdojo/default_suites/v1_1/travel/user_tasks.py	73458	de8746e57fa85a5ee3ec9e4e6d66316c7c33e166e51404ffb64709b4458b9ae6
external/AgentWatcher/agents/agentdyn/src/agentdojo/default_suites/v1_1_1/__init__.py	307	c12b7d8faa09c773e1432f680c55d2272a21609b8a8460844c0d4f313483e022
external/AgentWatcher/agents/agentdyn/src/agentdojo/default_suites/v1_1_1/banking/__init__.py	0	e3b0c44298fc1c149afbf4c8996fb92427ae41e4649b934ca495991b7852b855
external/AgentWatcher/agents/agentdyn/src/agentdojo/default_suites/v1_1_1/banking/user_tasks.py	2751	d7858d3f9a573fcc334d19d4aa63ba92867cd8d5b99e2d102f7c60840fd42b81
external/AgentWatcher/agents/agentdyn/src/agentdojo/default_suites/v1_1_1/slack/__init__.py	0	e3b0c44298fc1c149afbf4c8996fb92427ae41e4649b934ca495991b7852b855
external/AgentWatcher/agents/agentdyn/src/agentdojo/default_suites/v1_1_1/slack/user_tasks.py	11114	d63bace385d0f341cb3d20bbb698a3d1530d7eb6e346cc65d04e4b7ea255467d
external/AgentWatcher/agents/agentdyn/src/agentdojo/default_suites/v1_1_1/travel/__init__.py	0	e3b0c44298fc1c149afbf4c8996fb92427ae41e4649b934ca495991b7852b855
external/AgentWatcher/agents/agentdyn/src/agentdojo/default_suites/v1_1_1/travel/injection_tasks.py	2995	23f325aa0821c7982991657588ee0b58057423559e97d6ebd6febc8274b5ac1b
external/AgentWatcher/agents/agentdyn/src/agentdojo/default_suites/v1_1_1/travel/user_tasks.py	4257	356e46470861de40172a252e92149a2396bca3f66cfcadc0e5a4450fe11c979f
external/AgentWatcher/agents/agentdyn/src/agentdojo/default_suites/v1_1_1/workspace/user_tasks.py	8010	76da20246f658609a96d95dc206ae7f58785cab5b1f100f76d367c8e4b6fc7f9
external/AgentWatcher/agents/agentdyn/src/agentdojo/default_suites/v1_1_2/__init__.py	201	2a9e4756075bf0f0db19525d86dec24c98df7ac7a1f5e7fb239a5d438fd6b720
external/AgentWatcher/agents/agentdyn/src/agentdojo/default_suites/v1_1_2/travel/__init__.py	0	e3b0c44298fc1c149afbf4c8996fb92427ae41e4649b934ca495991b7852b855
external/AgentWatcher/agents/agentdyn/src/agentdojo/default_suites/v1_1_2/travel/injection_tasks.py	5267	d8688a8896736e4807b649340b84af65eb7b36f34d082073690333445a410b39
external/AgentWatcher/agents/agentdyn/src/agentdojo/default_suites/v1_1_2/workspace/__init__.py	0	e3b0c44298fc1c149afbf4c8996fb92427ae41e4649b934ca495991b7852b855
external/AgentWatcher/agents/agentdyn/src/agentdojo/default_suites/v1_1_2/workspace/injection_tasks.py	8339	3ffccf1e54362377a3d02955010b041a572c64aa209bb3e8b70c1fe5fc76fdad
external/AgentWatcher/agents/agentdyn/src/agentdojo/default_suites/v1_1_2/workspace/user_tasks.py	5395	ff4e1b65f10346ba167d44b3236f4fe10fbb2066d6e2a22c4edc8b243d0f0a53
external/AgentWatcher/agents/agentdyn/src/agentdojo/default_suites/v1_2/__init__.py	365	cc643d412ba5aea5dfe7896a130af95d05740bcc62ff9df97835ed66786b7498
external/AgentWatcher/agents/agentdyn/src/agentdojo/default_suites/v1_2/banking/injection_tasks.py	15207	3e678ad165f911dbc16c8307de761dcc15da274716bec7ac0d05db167ec2c311
external/AgentWatcher/agents/agentdyn/src/agentdojo/default_suites/v1_2/slack/user_tasks.py	3377	36c51c6fd744301ed5dd9b654f02aca504af50df827453d1754862ed6201fcc2
external/AgentWatcher/agents/agentdyn/src/agentdojo/default_suites/v1_2/travel/injection_tasks.py	2048	15b8ccee487223bfc6afc58cf05591e3a96fb668eee39d7d47ac2fd98f5173c0
external/AgentWatcher/agents/agentdyn/src/agentdojo/default_suites/v1_2/travel/user_tasks.py	5037	a563163efea5e723e4fbbafae66fca33e6b743e50f6c25865167dc0663615ef9
external/AgentWatcher/agents/agentdyn/src/agentdojo/default_suites/v1_2/workspace/injection_tasks.py	17855	d11a9a4aa86085a1b0e8cea20652dd20f903adedfc6065175a0ead858c29e4a3
external/AgentWatcher/agents/agentdyn/src/agentdojo/default_suites/v1_2/workspace/user_tasks.py	8951	6b21b84053d1ac1703674e75d75dd4986e489d3434fcf60e8707b96114ab03bb
external/AgentWatcher/agents/agentdyn/src/agentdojo/default_suites/v1_2_1/__init__.py	79	e092b155d26104e080e15ccb1747fdc0365be0b318475886337e4089d9484739
external/AgentWatcher/agents/agentdyn/src/agentdojo/default_suites/v1_2_1/workspace/injection_tasks.py	4361	5a30d439850b58cfb834840bdfe7bbdf4405859bb1899e59ef476f29156078e8
external/AgentWatcher/agents/agentdyn/src/agentdojo/default_suites/v1_2_2/__init__.py	132	12ca1e18055f78ee067cc25e94cce459426ec744b70edd4a335aca4d5df2f157
external/AgentWatcher/agents/agentdyn/src/agentdojo/default_suites/v1_2_2/banking/__init__.py	0	e3b0c44298fc1c149afbf4c8996fb92427ae41e4649b934ca495991b7852b855
external/AgentWatcher/agents/agentdyn/src/agentdojo/default_suites/v1_2_2/banking/user_tasks.py	1945	f3b8417c51b7fe33c0f85571d543a64811f6ef3e4ab9c7ae9568834db66064b2
external/AgentWatcher/agents/agentdyn/src/agentdojo/default_suites/v1_2_2/workspace/__init__.py	74	f79fffc92bb4655f4c3a575a56ec8e19c1c1979618bed8e70e43b49ea58ca689
external/AgentWatcher/agents/agentdyn/src/agentdojo/default_suites/v1_2_2/workspace/user_tasks.py	1452	4873a5c1ba3be813cff5f85e6f921f92f7b3a90e21d2d412e043bcfea696de9b
external/AgentWatcher/agents/agentdyn/src/agentdojo/scripts/__init__.py	0	e3b0c44298fc1c149afbf4c8996fb92427ae41e4649b934ca495991b7852b855
external/AgentWatcher/agents/agentdyn/src/agentdojo/scripts/benchmark.py	12277	26431107abd35c9000888c3a170ba233e8d815529e1ca0de15d8b1176f678e16
external/AgentWatcher/agents/agentdyn/src/agentdojo/scripts/check_suites.py	2591	7806527357e126d54fa88a2a0ef2eec3f7b6ffefca90f63c179012dc51d91ef6
external/AgentWatcher/agents/agentdyn/src/agentdojo/task_suite/__init__.py	374	6821364aecf7c72451e36fde92974188e221e71b19936659795d9ff771718406
external/AgentWatcher/agents/agentdyn/src/agentdojo/task_suite/load_suites.py	4111	f5a19aa021c07436b35e4f2d80b9f4da4fca3659bae8b5f8f06b5f07e37f32e3
external/AgentWatcher/agents/agentdyn/src/agentdojo/task_suite/task_combinators.py	3526	a225f427c006b2fd814df86c47225ce9193d51857e3f14e69c8a56ee49116df1
external/AgentWatcher/agents/agentdyn/src/agentdojo/task_suite/task_suite.py	19818	2e69da06f7e150dd6d238c53a74845b56eebeb224e07f694e1051a6e0c6a2bc1
external/AgentWatcher/agents/agentdyn/src/runs/gpt-4o-2024-08-06-piarena-agentwatcher/dailylife/injection_task_0/none/none.json	3954	3f5e90a2e13069a2e75c075312a413e09ba1caa4e7321c2ac943c03d09fda621
external/AgentWatcher/agents/agentdyn/src/runs/gpt-4o-2024-08-06-piarena-agentwatcher/dailylife/injection_task_1/none/none.json	5157	9357ab129d37407df2216cbfcf144126176f2d84397a97236cf66b0e36819083
external/AgentWatcher/agents/agentdyn/src/runs/gpt-4o-2024-08-06-piarena-agentwatcher/dailylife/injection_task_2/none/none.json	10411	2204ac5b87dd16ece62c0a14c30ed42455f9e01f13e3fc88ccdaefc579f85a03
external/AgentWatcher/agents/agentdyn/src/runs/gpt-4o-2024-08-06-piarena-agentwatcher/dailylife/injection_task_3/none/none.json	2742	221c8f2e3445be6ca150c9a70e3385c20de03b1e6ec4d4c99108419ea0148b1d
external/AgentWatcher/agents/agentdyn/src/runs/gpt-4o-2024-08-06-piarena-agentwatcher/dailylife/injection_task_4/none/none.json	2889	1ba4ece2a00dc6abaf98ff92cdc4925345384c064917672822d21943aeb74365
external/AgentWatcher/agents/agentdyn/src/runs/gpt-4o-2024-08-06-piarena-agentwatcher/dailylife/injection_task_5/none/none.json	9021	75ca06e6c85f2175cbb770b9cd457e5dbd0a6a1029998c027a41025c4660c550
external/AgentWatcher/agents/agentdyn/src/runs/gpt-4o-2024-08-06-piarena-agentwatcher/dailylife/injection_task_6/none/none.json	4469	7af127f1d77badfababd064a15e05428522967d1968c796f65d5635f8fc6cd54
external/AgentWatcher/agents/agentdyn/src/runs/gpt-4o-2024-08-06-piarena-agentwatcher/dailylife/injection_task_7/none/none.json	3059	25a4a568b99f79221eeb279284de8b3acb4784fa4827504a05a2f69e618b01aa
external/AgentWatcher/agents/agentdyn/src/runs/gpt-4o-2024-08-06-piarena-agentwatcher/dailylife/injection_task_8/none/none.json	6675	ac5357e551bbb05ead6d37117ca80f5cb583a02d1eb7735ecff441483bad9bcf
external/AgentWatcher/agents/agentdyn/src/runs/gpt-4o-2024-08-06-piarena-agentwatcher/dailylife/injection_task_9/none/none.json	6141	f94c246898eaa4f64cd6c61c26c1eb0a60516943676789331930e31bc53f30cd
external/AgentWatcher/agents/agentdyn/src/runs/gpt-4o-2024-08-06-piarena-agentwatcher/dailylife/user_task_0/important_instructions/injection_task_0.json	2789	966313d22531ff4165dd82fd7c620ad2e140f16a94d2987ee852e5f00137fe1e
external/AgentWatcher/agents/agentdyn/src/runs/gpt-4o-2024-08-06-piarena-agentwatcher/dailylife/user_task_0/important_instructions/injection_task_1.json	2794	9159603d56bbea75963242b80887454571e0eefbfcdbbb3e8c1ae688ccee089b
external/AgentWatcher/agents/agentdyn/src/runs/gpt-4o-2024-08-06-piarena-agentwatcher/dailylife/user_task_0/important_instructions/injection_task_2.json	4731	c3ca55555ab4d931012688eb5ff81c560b8f2dbce9fc6c6f8b03aaa7450ae13e
external/AgentWatcher/agents/agentdyn/src/runs/gpt-4o-2024-08-06-piarena-agentwatcher/dailylife/user_task_0/important_instructions/injection_task_4.json	4958	d124c865419c6c5f683789ad3719731a64c551090ded80e146af5b8f0d049b48
external/AgentWatcher/agents/agentdyn/src/runs/gpt-4o-2024-08-06-piarena-agentwatcher/dailylife/user_task_0/important_instructions/injection_task_5.json	3056	921f182320b995f21a371127058d5c69ca40c7c0c1265fc74fd61f564742dec7
external/AgentWatcher/agents/agentdyn/src/runs/gpt-4o-2024-08-06-piarena-agentwatcher/dailylife/user_task_0/important_instructions/injection_task_6.json	2834	72af1753b1c921513ab9eee3a2918cf1a1b26637ed52fe6fe269306f3ae50e5e
external/AgentWatcher/agents/agentdyn/src/runs/gpt-4o-2024-08-06-piarena-agentwatcher/dailylife/user_task_0/important_instructions/injection_task_7.json	2885	e31cc4b479d3fc2e16ee73c73d785c14eec176608e8c2363c2ad3ca93f97724e
external/AgentWatcher/agents/agentdyn/src/runs/gpt-4o-2024-08-06-piarena-agentwatcher/dailylife/user_task_0/important_instructions/injection_task_8.json	3019	ca6c323fcc183b4b4118dc93a530bc01258ecc695c3b8d94a91866ca69287548
external/AgentWatcher/agents/agentdyn/src/runs/gpt-4o-2024-08-06-piarena-agentwatcher/dailylife/user_task_0/important_instructions/injection_task_9.json	3014	88a31bdbc903c43de509b58766d1df078b147ea36d1a812c870195a6101c4eb0
external/AgentWatcher/agents/agentdyn/src/runs/gpt-4o-2024-08-06-piarena-agentwatcher/dailylife/user_task_0/none/none.json	11866	0d6890e818437bc686d7513558366da388411b69f3d9a22bff87e4bbfab14635
external/AgentWatcher/agents/agentdyn/src/runs/gpt-4o-2024-08-06-piarena-agentwatcher/dailylife/user_task_1/important_instructions/injection_task_0.json	2867	8d2a3cf49177158b72b933e556cf8b5b982e31864e4de185e80f3e6553fae32f
external/AgentWatcher/agents/agentdyn/src/runs/gpt-4o-2024-08-06-piarena-agentwatcher/dailylife/user_task_1/important_instructions/injection_task_2.json	4861	87e571906e119605e8a9e6857cb39dff8077c68db3058676f783f4468032f093
external/AgentWatcher/agents/agentdyn/src/runs/gpt-4o-2024-08-06-piarena-agentwatcher/dailylife/user_task_1/important_instructions/injection_task_3.json	2792	3366ce89f8c5142bff8bbef9039ab53c062443def4d2f1153067e6200df0c5c4
external/AgentWatcher/agents/agentdyn/src/runs/gpt-4o-2024-08-06-piarena-agentwatcher/dailylife/user_task_1/important_instructions/injection_task_4.json	4885	22510045a6910f8d3e068b5f16b90b91ce4e1eacc49a6c73e4f37a0eaa377fcf
external/AgentWatcher/agents/agentdyn/src/runs/gpt-4o-2024-08-06-piarena-agentwatcher/dailylife/user_task_1/important_instructions/injection_task_5.json	3133	ab0c8256a00d500b10d7d8132d52edaffbaf81707d33b29bf7f9d2fdbcb476ef
external/AgentWatcher/agents/agentdyn/src/runs/gpt-4o-2024-08-06-piarena-agentwatcher/dailylife/user_task_1/important_instructions/injection_task_6.json	2912	fa33aca0af1ee04ed44edd7f06f8033e45009e05eed4cebb7263988cafae7d3e
external/AgentWatcher/agents/agentdyn/src/runs/gpt-4o-2024-08-06-piarena-agentwatcher/dailylife/user_task_1/important_instructions/injection_task_7.json	2964	c7725982952e2b93dee06d92a8fcf11d748f9e23be86674c08861b69c297e0af
external/AgentWatcher/agents/agentdyn/src/runs/gpt-4o-2024-08-06-piarena-agentwatcher/dailylife/user_task_1/important_instructions/injection_task_8.json	3098	801ec2171e5b91ffd3208618534e273e02c2d6436d73ad4bf7088dda4ff1d395
external/AgentWatcher/agents/agentdyn/src/runs/gpt-4o-2024-08-06-piarena-agentwatcher/dailylife/user_task_1/important_instructions/injection_task_9.json	3092	aa833176c5483abdf377eb5d6759932e04aada86b1560e30d941e2e161011041
external/AgentWatcher/agents/agentdyn/src/runs/gpt-4o-2024-08-06-piarena-agentwatcher/dailylife/user_task_1/none/none.json	8251	c0154fa83deaed487605172a7dab2f0aa5a1a156544d2dfb2f26332d6e70e3a5
external/AgentWatcher/agents/agentdyn/src/runs/gpt-4o-2024-08-06-piarena-agentwatcher/dailylife/user_task_10/important_instructions/injection_task_0.json	3473	4482a9575c566ed31353bbf8700db55c44652e6261bc09e00076a5b87b053be2
external/AgentWatcher/agents/agentdyn/src/runs/gpt-4o-2024-08-06-piarena-agentwatcher/dailylife/user_task_10/important_instructions/injection_task_1.json	3480	de0983eac3b64c4d639b3bc9e1ce8a45ab83e48d4aae2c5c3e615a44c5c60da2
external/AgentWatcher/agents/agentdyn/src/runs/gpt-4o-2024-08-06-piarena-agentwatcher/dailylife/user_task_10/important_instructions/injection_task_2.json	3482	fef78202942a3a68fcbd73d047a21cdeccdefb4db42bd7148799f94b519d4aa7
external/AgentWatcher/agents/agentdyn/src/runs/gpt-4o-2024-08-06-piarena-agentwatcher/dailylife/user_task_10/important_instructions/injection_task_3.json	3359	7ee5ebfba6125f9f52659ed23e98b28b98e2d59d39bf4221e66351081e862120
external/AgentWatcher/agents/agentdyn/src/runs/gpt-4o-2024-08-06-piarena-agentwatcher/dailylife/user_task_10/important_instructions/injection_task_4.json	7092	ed2e8feddaf03d25e7b5024aec1c906591c0fb361aa73e03500260a55d9fe089
external/AgentWatcher/agents/agentdyn/src/runs/gpt-4o-2024-08-06-piarena-agentwatcher/dailylife/user_task_10/important_instructions/injection_task_5.json	3872	498a083937b94bf1d05b6bd025c300c8766fa342d96c88318b8268e38b692cf4
external/AgentWatcher/agents/agentdyn/src/runs/gpt-4o-2024-08-06-piarena-agentwatcher/dailylife/user_task_10/important_instructions/injection_task_6.json	3540	f1d791ec01128c735ad65b1f44fd57d82ddc0d266653a1b9b72f358009d997bb
external/AgentWatcher/agents/agentdyn/src/runs/gpt-4o-2024-08-06-piarena-agentwatcher/dailylife/user_task_10/important_instructions/injection_task_7.json	3618	b4c48b0c3ccf68931821b6782c31ce5ff558e5d45a56071a541096c0c93ba4a3
external/AgentWatcher/agents/agentdyn/src/runs/gpt-4o-2024-08-06-piarena-agentwatcher/dailylife/user_task_10/important_instructions/injection_task_8.json	3818	46f64fb97153b89965ebf858283564b472dc5fa8ff00d8a1c8ce3201cd04e40d
external/AgentWatcher/agents/agentdyn/src/runs/gpt-4o-2024-08-06-piarena-agentwatcher/dailylife/user_task_10/important_instructions/injection_task_9.json	3810	8a959c32d983fc551cc0e645ba5077937737ab54aac3571d9eb610b69e183996
external/AgentWatcher/agents/agentdyn/src/runs/gpt-4o-2024-08-06-piarena-agentwatcher/dailylife/user_task_10/none/none.json	6817	40bb99a6439576c41332417c0a6ba02b380facddc51b3cd375a1774520cfd350
external/AgentWatcher/agents/agentdyn/src/runs/gpt-4o-2024-08-06-piarena-agentwatcher/dailylife/user_task_11/important_instructions/injection_task_0.json	3940	ec066cee068c5c89ac96a986ec0efecb87caf0786e3f71c315eeac2c48035ed1
external/AgentWatcher/agents/agentdyn/src/runs/gpt-4o-2024-08-06-piarena-agentwatcher/dailylife/user_task_11/important_instructions/injection_task_1.json	3948	b33f37a05e76678ff09cd2b3b4979555eae24043733e011beff700b18a99377a
external/AgentWatcher/agents/agentdyn/src/runs/gpt-4o-2024-08-06-piarena-agentwatcher/dailylife/user_task_11/important_instructions/injection_task_3.json	3787	f79877664bc89036f7817eb84c67dcb2d1358b0ee89b337e476ecece13ff9332
external/AgentWatcher/agents/agentdyn/src/runs/gpt-4o-2024-08-06-piarena-agentwatcher/dailylife/user_task_11/important_instructions/injection_task_4.json	4380	7562489e70978969e25f5a131af3bca59689df3240990086a091f95cbab93662
external/AgentWatcher/agents/agentdyn/src/runs/gpt-4o-2024-08-06-piarena-agentwatcher/dailylife/user_task_11/important_instructions/injection_task_5.json	4472	8e3163f2022b15a45b01134d018d6f185545ed20d7fdfe2edffa1fe38cfe97dd
external/AgentWatcher/agents/agentdyn/src/runs/gpt-4o-2024-08-06-piarena-agentwatcher/dailylife/user_task_11/important_instructions/injection_task_6.json	4028	8f064418f5b8a81047d30d56bb1ba395ac7b005a2e0db13a5c4a6ebb4c955304
external/AgentWatcher/agents/agentdyn/src/runs/gpt-4o-2024-08-06-piarena-agentwatcher/dailylife/user_task_11/important_instructions/injection_task_8.json	4400	f15a578646dbf8712ddf052088021ab4b9bb3061f1c7b33eb3547992af2225e3
external/AgentWatcher/agents/agentdyn/src/runs/gpt-4o-2024-08-06-piarena-agentwatcher/dailylife/user_task_11/important_instructions/injection_task_9.json	4388	5440fae5f4db705766124819e5b3a60225c11743b0aba1e76cc82d2f0550a7c5
external/AgentWatcher/agents/agentdyn/src/runs/gpt-4o-2024-08-06-piarena-agentwatcher/dailylife/user_task_11/none/none.json	17639	ff5c94c0f575539159d0a8165af3a47d5cb51df608ab723b04897210d8ef100b
external/AgentWatcher/agents/agentdyn/src/runs/gpt-4o-2024-08-06-piarena-agentwatcher/dailylife/user_task_12/important_instructions/injection_task_0.json	2548	4edac0b8a5c80fc746f29b3ed86a4815f42bd9370ef8520babef85e2d3779857
external/AgentWatcher/agents/agentdyn/src/runs/gpt-4o-2024-08-06-piarena-agentwatcher/dailylife/user_task_12/important_instructions/injection_task_1.json	2551	bfd397b80120a3b9af49853a20be78a187ba49cb20d405866aafc59b1180ebd5
external/AgentWatcher/agents/agentdyn/src/runs/gpt-4o-2024-08-06-piarena-agentwatcher/dailylife/user_task_12/important_instructions/injection_task_2.json	2551	5d380ec86c68d07c7f0e3e1f2336ecde0db3278598bf977fcb985ad5af56a338
external/AgentWatcher/agents/agentdyn/src/runs/gpt-4o-2024-08-06-piarena-agentwatcher/dailylife/user_task_12/important_instructions/injection_task_4.json	2658	20f85ff86edea13cbca0b5cd3d6882288b58a36143dbc4dd04274f4309cae4f4
external/AgentWatcher/agents/agentdyn/src/runs/gpt-4o-2024-08-06-piarena-agentwatcher/dailylife/user_task_12/important_instructions/injection_task_5.json	2682	0e215e9c4ad62990a7f3a6a1f0000328ec23231ec77e94e1c47d4b3d83f37afa
external/AgentWatcher/agents/agentdyn/src/runs/gpt-4o-2024-08-06-piarena-agentwatcher/dailylife/user_task_12/important_instructions/injection_task_6.json	2571	a61fbbdff08732577524695ecbbeab2257d2d1add11a3f6012ec47986b95b422
external/AgentWatcher/agents/agentdyn/src/runs/gpt-4o-2024-08-06-piarena-agentwatcher/dailylife/user_task_12/important_instructions/injection_task_7.json	2597	3c951e4afa5854dcb598490b1d7dbe1d24d1db68c5aa1473ceb1ccebbb9ee28e
external/AgentWatcher/agents/agentdyn/src/runs/gpt-4o-2024-08-06-piarena-agentwatcher/dailylife/user_task_12/important_instructions/injection_task_8.json	2664	311ce7c4410eea16abfc93550942a8a766f31a6cd7517b686db54ed4c3f39410
external/AgentWatcher/agents/agentdyn/src/runs/gpt-4o-2024-08-06-piarena-agentwatcher/dailylife/user_task_12/important_instructions/injection_task_9.json	2661	69c1daaccccf821bb9292c91c35607d47a97faca228bc1eb3a305b63aeb864a8
external/AgentWatcher/agents/agentdyn/src/runs/gpt-4o-2024-08-06-piarena-agentwatcher/dailylife/user_task_12/none/none.json	13116	910b195c33e7dd74c9acaf405eb7fcf8241dd03b0e0fe677fbcf5b859880ec71
external/AgentWatcher/agents/agentdyn/src/runs/gpt-4o-2024-08-06-piarena-agentwatcher/dailylife/user_task_13/important_instructions/injection_task_0.json	3517	e163dbbeefab461c5aa440c3355fedc5812a32aeeae9f2e4f2b0f928c4f0fec7
external/AgentWatcher/agents/agentdyn/src/runs/gpt-4o-2024-08-06-piarena-agentwatcher/dailylife/user_task_13/important_instructions/injection_task_2.json	3527	c488c9de153ecbf025f1e83a2a04138b9508d70c1b2995fa93a8084eca2e9115
external/AgentWatcher/agents/agentdyn/src/runs/gpt-4o-2024-08-06-piarena-agentwatcher/dailylife/user_task_13/important_instructions/injection_task_3.json	3290	1fde99b8e0664884ea41647ed51504b29f01b4806f5c5050b4ee842ead0a7034
external/AgentWatcher/agents/agentdyn/src/runs/gpt-4o-2024-08-06-piarena-agentwatcher/dailylife/user_task_13/important_instructions/injection_task_4.json	3733	635745e8f0ff9fc2e033a35c8b0180f76e408888c2560121e9ae78098b446b17
external/AgentWatcher/agents/agentdyn/src/runs/gpt-4o-2024-08-06-piarena-agentwatcher/dailylife/user_task_13/important_instructions/injection_task_5.json	4030	b8c1c04f1587242e54358e99a40480416fa3f760fb22c68ab4ac0a250961186c
external/AgentWatcher/agents/agentdyn/src/runs/gpt-4o-2024-08-06-piarena-agentwatcher/dailylife/user_task_13/important_instructions/injection_task_6.json	3468	8e831122faea262facd7f66428d64c76803b6cb7437ee87af7d5798000faf888
external/AgentWatcher/agents/agentdyn/src/runs/gpt-4o-2024-08-06-piarena-agentwatcher/dailylife/user_task_13/important_instructions/injection_task_7.json	3547	6c588720e9f7aad68da9805833909159831bc633da9d5aa876e8f44f95c2c2d0
external/AgentWatcher/agents/agentdyn/src/runs/gpt-4o-2024-08-06-piarena-agentwatcher/dailylife/user_task_13/important_instructions/injection_task_8.json	3749	1e74f33fa584a28339ce94164578043f1c51a5209c49f92e2d4153f5be7d9617
external/AgentWatcher/agents/agentdyn/src/runs/gpt-4o-2024-08-06-piarena-agentwatcher/dailylife/user_task_13/important_instructions/injection_task_9.json	3740	e7c06979fe7e1494e8755a37b8d3bff8785091f8b7999b56453f2459ba1b8232
external/AgentWatcher/agents/agentdyn/src/runs/gpt-4o-2024-08-06-piarena-agentwatcher/dailylife/user_task_13/none/none.json	2139	819c2a0fafa033a04840f3d72973a68a0ebbcb2bcf0571797a37a9d87885cdf5
external/AgentWatcher/agents/agentdyn/src/runs/gpt-4o-2024-08-06-piarena-agentwatcher/dailylife/user_task_14/important_instructions/injection_task_0.json	4104	97c2b37084dca0abb67114722bb2a4be427d8e34a3ce2d0893247eb86ab1a385
external/AgentWatcher/agents/agentdyn/src/runs/gpt-4o-2024-08-06-piarena-agentwatcher/dailylife/user_task_14/important_instructions/injection_task_2.json	4115	5dadf95872bea91e90f8a513cf46bc54161e64eef1e3719542e140530166648a
external/AgentWatcher/agents/agentdyn/src/runs/gpt-4o-2024-08-06-piarena-agentwatcher/dailylife/user_task_14/important_instructions/injection_task_3.json	3951	a76d2a8e8705402b45e9b2c8b78fb89210b00b7a89323994b5394076f9911236
external/AgentWatcher/agents/agentdyn/src/runs/gpt-4o-2024-08-06-piarena-agentwatcher/dailylife/user_task_14/important_instructions/injection_task_4.json	4544	67a6a9cd60107561b340fde035011ce6ddfe8796cf494effeb50d01fdb40b2a7
external/AgentWatcher/agents/agentdyn/src/runs/gpt-4o-2024-08-06-piarena-agentwatcher/dailylife/user_task_14/important_instructions/injection_task_5.json	4635	0c51a00a6fb0b5f2f79dfc8e105ef0df921abf5a3449cce6e3cae0791f7fb9ca
external/AgentWatcher/agents/agentdyn/src/runs/gpt-4o-2024-08-06-piarena-agentwatcher/dailylife/user_task_14/important_instructions/injection_task_6.json	4191	d62ab641163ce1b39821896c257a7e046820b65bc9c300f35da0ba1970ea68f8
external/AgentWatcher/agents/agentdyn/src/runs/gpt-4o-2024-08-06-piarena-agentwatcher/dailylife/user_task_14/important_instructions/injection_task_7.json	4295	bab02bceced0e637e052c16ae3816fa37d26ffd14c268ed3bccfa0fc1ab999af
external/AgentWatcher/agents/agentdyn/src/runs/gpt-4o-2024-08-06-piarena-agentwatcher/dailylife/user_task_14/important_instructions/injection_task_9.json	4552	aa2d84abe01b3f564a47bba935ba8e2a1ec6ce92be8fae0b014ae892053a0692
external/AgentWatcher/agents/agentdyn/src/runs/gpt-4o-2024-08-06-piarena-agentwatcher/dailylife/user_task_14/none/none.json	2394	6684ffca95ca28df40b33a136fcb4f04c407e8bacb24d5813947c413c97b3241
external/AgentWatcher/agents/agentdyn/src/runs/gpt-4o-2024-08-06-piarena-agentwatcher/dailylife/user_task_15/important_instructions/injection_task_0.json	3854	b16f25444208c6e8d3d8c0ad6705b2500b1ac08e4a9c6b774478a50b2a867708
external/AgentWatcher/agents/agentdyn/src/runs/gpt-4o-2024-08-06-piarena-agentwatcher/dailylife/user_task_15/important_instructions/injection_task_1.json	3404	f19928e93880f3de7e50da800eae9bd3ae89bc00fd22cff724b15a4f07fe01eb
external/AgentWatcher/agents/agentdyn/src/runs/gpt-4o-2024-08-06-piarena-agentwatcher/dailylife/user_task_15/important_instructions/injection_task_2.json	3407	c1c31111f829f4c1e23012f2be5af9032f2577d8d76558d66ce25a7552071011
external/AgentWatcher/agents/agentdyn/src/runs/gpt-4o-2024-08-06-piarena-agentwatcher/dailylife/user_task_15/important_instructions/injection_task_3.json	3283	10d00e9b373ef4920f97fa368c5d30d8aaa519a34189358742ac8e3c17d5ac10
external/AgentWatcher/agents/agentdyn/src/runs/gpt-4o-2024-08-06-piarena-agentwatcher/dailylife/user_task_15/important_instructions/injection_task_4.json	3727	aa5f51b741cd3e98cfd0d40bb9ca895c647fbffd37e26dc538a55e1fc4151415
external/AgentWatcher/agents/agentdyn/src/runs/gpt-4o-2024-08-06-piarena-agentwatcher/dailylife/user_task_15/important_instructions/injection_task_5.json	3797	186e23f6bc2f697f1bf78cb1bac5484ed1ed0a80b751a820d308aa6cbe6ed01a
external/AgentWatcher/agents/agentdyn/src/runs/gpt-4o-2024-08-06-piarena-agentwatcher/dailylife/user_task_15/important_instructions/injection_task_7.json	3541	803484db660bcdcbaa62221ae4161a14d310159efe7c92fedac07ddd47aaa3e4
external/AgentWatcher/agents/agentdyn/src/runs/gpt-4o-2024-08-06-piarena-agentwatcher/dailylife/user_task_15/important_instructions/injection_task_8.json	3742	24ea372159cbc47a70b65985ca5115cd11ed5f2230d4a127956c3d7e9c9f4ca8
external/AgentWatcher/agents/agentdyn/src/runs/gpt-4o-2024-08-06-piarena-agentwatcher/dailylife/user_task_15/important_instructions/injection_task_9.json	3734	8a1961e8d4dcec5977993e68402955a7d20a253745954efa0ec9c1057e55cc13
external/AgentWatcher/agents/agentdyn/src/runs/gpt-4o-2024-08-06-piarena-agentwatcher/dailylife/user_task_15/none/none.json	2018	591c153425603c0234971aa13435496976471b0911dc4c62d40964005966420e
external/AgentWatcher/agents/agentdyn/src/runs/gpt-4o-2024-08-06-piarena-agentwatcher/dailylife/user_task_16/important_instructions/injection_task_0.json	3065	a0f83114754e9aa1f25c1d4add6f4d7c2ea446894e36ef500bc1c9239393c135
external/AgentWatcher/agents/agentdyn/src/runs/gpt-4o-2024-08-06-piarena-agentwatcher/dailylife/user_task_16/important_instructions/injection_task_1.json	3069	774b1674e72d050ae6fa34d904c6f6290c51478f37cf68df14f4c54f161075e7
external/AgentWatcher/agents/agentdyn/src/runs/gpt-4o-2024-08-06-piarena-agentwatcher/dailylife/user_task_16/important_instructions/injection_task_2.json	3071	8f82050ad347e17448e2d4ac38ee12208df268c725bb4043f71904e274abbccc
external/AgentWatcher/agents/agentdyn/src/runs/gpt-4o-2024-08-06-piarena-agentwatcher/dailylife/user_task_16/important_instructions/injection_task_3.json	2989	dda718b551666d2a88e6738e34b90e074333b1448994e1126770604def24173c
external/AgentWatcher/agents/agentdyn/src/runs/gpt-4o-2024-08-06-piarena-agentwatcher/dailylife/user_task_16/important_instructions/injection_task_4.json	3285	930967fb2a890db19e260bc3759d7dd2d83ccf7bc066a226e366426f2b1fa4cc
external/AgentWatcher/agents/agentdyn/src/runs/gpt-4o-2024-08-06-piarena-agentwatcher/dailylife/user_task_16/important_instructions/injection_task_5.json	3332	badeffbb0a4a195aaf6832892be91e68d5da0913ab28a0568bead4d687b1dbd1
external/AgentWatcher/agents/agentdyn/src/runs/gpt-4o-2024-08-06-piarena-agentwatcher/dailylife/user_task_16/important_instructions/injection_task_6.json	3110	a75572e692a03920c9c1fcdf186758854a7197551530408cba588b81cd5ec56f
external/AgentWatcher/agents/agentdyn/src/runs/gpt-4o-2024-08-06-piarena-agentwatcher/dailylife/user_task_16/important_instructions/injection_task_7.json	3161	03774d8f7baf85c7f5d5d4567521a00b215e0004bf2ce6235b110de027d71d69
external/AgentWatcher/agents/agentdyn/src/runs/gpt-4o-2024-08-06-piarena-agentwatcher/dailylife/user_task_16/important_instructions/injection_task_8.json	3295	a787c19b5c8a5d5b756ea8ad6cd2766b18c2207578b9eb2b60a7228caa0c7e87
external/AgentWatcher/agents/agentdyn/src/runs/gpt-4o-2024-08-06-piarena-agentwatcher/dailylife/user_task_16/important_instructions/injection_task_9.json	3289	c1181fb6ca19ecb17898d28b6c2cda35a95dfb1d331a29714b1b1f8d25279243
external/AgentWatcher/agents/agentdyn/src/runs/gpt-4o-2024-08-06-piarena-agentwatcher/dailylife/user_task_16/none/none.json	11514	36da32f2b76ef2404d81a94f27d5fff5aecd07b05fbc6f7b709fa28c8c21a412
external/AgentWatcher/agents/agentdyn/src/runs/gpt-4o-2024-08-06-piarena-agentwatcher/dailylife/user_task_17/important_instructions/injection_task_0.json	3531	25ffedc58e1fd546aa7004bec12b2ac5d0c4ba0dd0415073c6f53838af4fe75a
external/AgentWatcher/agents/agentdyn/src/runs/gpt-4o-2024-08-06-piarena-agentwatcher/dailylife/user_task_17/important_instructions/injection_task_1.json	3535	4720ec700c2058e3f5694ce710fbc22555f79ed0c1906298d15920b829d52c52
external/AgentWatcher/agents/agentdyn/src/runs/gpt-4o-2024-08-06-piarena-agentwatcher/dailylife/user_task_17/important_instructions/injection_task_2.json	3423	fa24d3c2cb70695ce69fa0e436c22d031a22849c6e7ac79252631003c7e48ecb
external/AgentWatcher/agents/agentdyn/src/runs/gpt-4o-2024-08-06-piarena-agentwatcher/dailylife/user_task_17/important_instructions/injection_task_3.json	6713	2e9bbf7ec8a35cfb9139fcc84216bac9ea34ec98d844e2d0a4c800f2d75428b7
external/AgentWatcher/agents/agentdyn/src/runs/gpt-4o-2024-08-06-piarena-agentwatcher/dailylife/user_task_17/important_instructions/injection_task_4.json	3637	f7d42632afe9ab333fde7ada0777dad7370106d33665d7cf5812babaee173da4
external/AgentWatcher/agents/agentdyn/src/runs/gpt-4o-2024-08-06-piarena-agentwatcher/dailylife/user_task_17/important_instructions/injection_task_5.json	3454	dc2d386fd67cc710e5112bbc53562e438816327b7f579bfa1cf3bc1b4259a299
external/AgentWatcher/agents/agentdyn/src/runs/gpt-4o-2024-08-06-piarena-agentwatcher/dailylife/user_task_17/important_instructions/injection_task_9.json	3754	2fa416f8a5469908df55aabde5b7797187ab0236ab8ed2259fe5b3bbc75c6159
external/AgentWatcher/agents/agentdyn/src/runs/gpt-4o-2024-08-06-piarena-agentwatcher/dailylife/user_task_17/none/none.json	13006	4397afc56c366170ff51636a6c0a7b350998a06ba39c1b3e97a5039d0e75b81a
external/AgentWatcher/agents/agentdyn/src/runs/gpt-4o-2024-08-06-piarena-agentwatcher/dailylife/user_task_18/important_instructions/injection_task_0.json	2726	2c35e2b4d8bb5bbc1ca4aac50a77dab5051db099506b3e635e9fd4a6196e1175
external/AgentWatcher/agents/agentdyn/src/runs/gpt-4o-2024-08-06-piarena-agentwatcher/dailylife/user_task_18/important_instructions/injection_task_1.json	2728	7f09b3fe52884b553ad634e8899656330b615ff5306c37a8c09355238359f54b
external/AgentWatcher/agents/agentdyn/src/runs/gpt-4o-2024-08-06-piarena-agentwatcher/dailylife/user_task_18/important_instructions/injection_task_2.json	2729	8a52d5035ed4e411ed7dec6ef3d223c58a63eaec6722f280d25f1f5d07aa2838
external/AgentWatcher/agents/agentdyn/src/runs/gpt-4o-2024-08-06-piarena-agentwatcher/dailylife/user_task_18/important_instructions/injection_task_3.json	2688	162d3359972a9d7b56c287dbba0d9253df07b575940080bbe04058b7e4e5efc7
external/AgentWatcher/agents/agentdyn/src/runs/gpt-4o-2024-08-06-piarena-agentwatcher/dailylife/user_task_18/important_instructions/injection_task_4.json	2836	359ba2c80e9b337f9ae718658c5ad879cc0e1bc4be20902cef54f625860e14a5
external/AgentWatcher/agents/agentdyn/src/runs/gpt-4o-2024-08-06-piarena-agentwatcher/dailylife/user_task_18/important_instructions/injection_task_5.json	2858	be5158ecbcacdc60de806cad6179837b80e880f65e785209bebfa9fd3e767ffc
external/AgentWatcher/agents/agentdyn/src/runs/gpt-4o-2024-08-06-piarena-agentwatcher/dailylife/user_task_18/important_instructions/injection_task_6.json	2748	13400d880c6aaade141f59b51b488bf8f16fffed88048dc02214ab4227a9f44c
external/AgentWatcher/agents/agentdyn/src/runs/gpt-4o-2024-08-06-piarena-agentwatcher/dailylife/user_task_18/important_instructions/injection_task_7.json	2774	1903e9d2ab25e2d9b126666c94d9781ee166c91d3cf62681f985e50a8bd2e575
external/AgentWatcher/agents/agentdyn/src/runs/gpt-4o-2024-08-06-piarena-agentwatcher/dailylife/user_task_18/important_instructions/injection_task_8.json	2841	b1a2d3f7678a205fe6f3a5b0fc4ff816e7344f01329ad81e1afae6ef6d232ec3
external/AgentWatcher/agents/agentdyn/src/runs/gpt-4o-2024-08-06-piarena-agentwatcher/dailylife/user_task_18/important_instructions/injection_task_9.json	2838	585e69dd8f238e03c962790d094b7af9c4daada334bffc2f7f62f636d88bc650
external/AgentWatcher/agents/agentdyn/src/runs/gpt-4o-2024-08-06-piarena-agentwatcher/dailylife/user_task_18/none/none.json	10219	1302bec31aa355d8c858f8e0880252c4bc2a879b14f8847fef9739320823c602
external/AgentWatcher/agents/agentdyn/src/runs/gpt-4o-2024-08-06-piarena-agentwatcher/dailylife/user_task_19/important_instructions/injection_task_0.json	3075	0ffaa9c310aa71de15dcecdd052c972d24155537ef12045e23bb18124d369dd3
external/AgentWatcher/agents/agentdyn/src/runs/gpt-4o-2024-08-06-piarena-agentwatcher/dailylife/user_task_19/important_instructions/injection_task_1.json	3079	30547f8d4ef64b38f9c378ccc3280de3cb5d177538a50df9d04e060e3ae30755
external/AgentWatcher/agents/agentdyn/src/runs/gpt-4o-2024-08-06-piarena-agentwatcher/dailylife/user_task_19/important_instructions/injection_task_2.json	3195	2b9e0b7076efd3a21596db7d0c2dac6975101fce4bea6cb5a8a8387e339c5483
external/AgentWatcher/agents/agentdyn/src/runs/gpt-4o-2024-08-06-piarena-agentwatcher/dailylife/user_task_19/important_instructions/injection_task_3.json	3112	14e9a9ded6ec41388f3b39209dc11583d833300ca74b446036c408702b610052
external/AgentWatcher/agents/agentdyn/src/runs/gpt-4o-2024-08-06-piarena-agentwatcher/dailylife/user_task_19/important_instructions/injection_task_4.json	3294	fd2191446bd29bd6c259ce152ca485707f4ec19d1659a4668a92ce1867931368
external/AgentWatcher/agents/agentdyn/src/runs/gpt-4o-2024-08-06-piarena-agentwatcher/dailylife/user_task_19/important_instructions/injection_task_5.json	3454	2ceb2dea7134b693156cda75fd866a0ab6a0218e70712b52f30fa772a46f2050
external/AgentWatcher/agents/agentdyn/src/runs/gpt-4o-2024-08-06-piarena-agentwatcher/dailylife/user_task_19/important_instructions/injection_task_6.json	3118	19b3a7205c53ac6b2a96456e9b179b78ea00bc8c5923324fc6b442605c2783c4
external/AgentWatcher/agents/agentdyn/src/runs/gpt-4o-2024-08-06-piarena-agentwatcher/dailylife/user_task_19/important_instructions/injection_task_7.json	3283	19e0d55cc593d859fbbb33b48890d9a1e9bbdc860ce1b7a04c07d165781b6f6c
external/AgentWatcher/agents/agentdyn/src/runs/gpt-4o-2024-08-06-piarena-agentwatcher/dailylife/user_task_19/important_instructions/injection_task_8.json	3418	8795d94849b42c90ccaa077a2c70d8bdb10ab0a5863e5597191380347bf9af15
external/AgentWatcher/agents/agentdyn/src/runs/gpt-4o-2024-08-06-piarena-agentwatcher/dailylife/user_task_19/none/none.json	2833	f8af766c3429b60d6552d110cca98696303a11f0d906658c1e97b8127baf5b14
external/AgentWatcher/agents/agentdyn/src/runs/gpt-4o-2024-08-06-piarena-agentwatcher/dailylife/user_task_2/important_instructions/injection_task_0.json	3495	2613eaa7466b4309ba303349f2e019d8fec9a1fc46138903c84797b8ba4afe13
external/AgentWatcher/agents/agentdyn/src/runs/gpt-4o-2024-08-06-piarena-agentwatcher/dailylife/user_task_2/important_instructions/injection_task_1.json	3616	a3b6622e8cdf1ef03589689fe2565d1a034100d9fa6625ddb34d9b225c7900b4
external/AgentWatcher/agents/agentdyn/src/runs/gpt-4o-2024-08-06-piarena-agentwatcher/dailylife/user_task_2/important_instructions/injection_task_2.json	3390	760c3c8929fe110640f1d032a371f27a899549f1cee739f707079604697f6de3
external/AgentWatcher/agents/agentdyn/src/runs/gpt-4o-2024-08-06-piarena-agentwatcher/dailylife/user_task_2/important_instructions/injection_task_3.json	3382	571bca794830eebb3efaab9d0930201bce0e1dd3aadeca3dc35f037c01be4d1a
external/AgentWatcher/agents/agentdyn/src/runs/gpt-4o-2024-08-06-piarena-agentwatcher/dailylife/user_task_2/important_instructions/injection_task_4.json	3825	8dd8c7c0d6255342150983ac521b442e2bf1627060893a71ce956d059cad35ba
external/AgentWatcher/agents/agentdyn/src/runs/gpt-4o-2024-08-06-piarena-agentwatcher/dailylife/user_task_2/important_instructions/injection_task_5.json	3895	fb759bc49453933ba560de2f45daedfb3c62d771b28da29451d1d37744d2752c
external/AgentWatcher/agents/agentdyn/src/runs/gpt-4o-2024-08-06-piarena-agentwatcher/dailylife/user_task_2/important_instructions/injection_task_6.json	3561	58f40ffcc8e05432942877f071f63ecc02d8ab85dc265ca9a63ff7951c4ffe6a
external/AgentWatcher/agents/agentdyn/src/runs/gpt-4o-2024-08-06-piarena-agentwatcher/dailylife/user_task_2/important_instructions/injection_task_7.json	3640	a78da4e20535a3bff0b91e3b75ba258825f5826ccced0883aaba23542fbd6026
external/AgentWatcher/agents/agentdyn/src/runs/gpt-4o-2024-08-06-piarena-agentwatcher/dailylife/user_task_2/important_instructions/injection_task_8.json	3841	3d990363ee8e8eb07b7d2c26879c5167a327b721ec7e7234e133f26a14aa36cd
external/AgentWatcher/agents/agentdyn/src/runs/gpt-4o-2024-08-06-piarena-agentwatcher/dailylife/user_task_2/important_instructions/injection_task_9.json	3832	00a226a0ebc5643ec31624c29c29d461a9a351c1a88d73ff651d3f52114c18f7
external/AgentWatcher/agents/agentdyn/src/runs/gpt-4o-2024-08-06-piarena-agentwatcher/dailylife/user_task_2/none/none.json	2123	b6f83bf31a25d4949ee62e2977235c522f07b793e4ed55e22073c1f9def48fbb
external/AgentWatcher/agents/agentdyn/src/runs/gpt-4o-2024-08-06-piarena-agentwatcher/dailylife/user_task_3/important_instructions/injection_task_0.json	2942	01384869f05303a76ecba3582a7ba999fc144b8a1ff7fb2884fa8e3eb936613b
external/AgentWatcher/agents/agentdyn/src/runs/gpt-4o-2024-08-06-piarena-agentwatcher/dailylife/user_task_3/important_instructions/injection_task_2.json	2948	71a8ced37f6a44e8f7b1a97f82030d45b35771d7fb5e0fdf0449f180a93a5aae
external/AgentWatcher/agents/agentdyn/src/runs/gpt-4o-2024-08-06-piarena-agentwatcher/dailylife/user_task_3/important_instructions/injection_task_3.json	2867	c7513df9c51a8284f48d8d37b56d16c77a994cc7970673fc2963264d85fd8bf6
external/AgentWatcher/agents/agentdyn/src/runs/gpt-4o-2024-08-06-piarena-agentwatcher/dailylife/user_task_3/important_instructions/injection_task_4.json	3163	fedfbf2e12df3d4583246b8bf10add817dd8fb21aa1709e4380710875136f028
external/AgentWatcher/agents/agentdyn/src/runs/gpt-4o-2024-08-06-piarena-agentwatcher/dailylife/user_task_3/important_instructions/injection_task_6.json	2987	34ab1fafd6bd8c4809f2c59da438f1669a4d1a88b8e72feddd1aa2dfa70803a7
external/AgentWatcher/agents/agentdyn/src/runs/gpt-4o-2024-08-06-piarena-agentwatcher/dailylife/user_task_3/important_instructions/injection_task_7.json	3039	d22a3376587eccd50c16048e8248a81ef081f8445daba328df9028de1be1d1db
external/AgentWatcher/agents/agentdyn/src/runs/gpt-4o-2024-08-06-piarena-agentwatcher/dailylife/user_task_3/important_instructions/injection_task_8.json	3172	57b0b8319ec53b269bdd8551b52fe8d4efaacab435a884bafc540575b6325b1d
external/AgentWatcher/agents/agentdyn/src/runs/gpt-4o-2024-08-06-piarena-agentwatcher/dailylife/user_task_3/none/none.json	2353	d8056921cfb2d795f4db4842395cd37ddc0b03b3d0d959fbc761ff296ff52fda
external/AgentWatcher/agents/agentdyn/src/runs/gpt-4o-2024-08-06-piarena-agentwatcher/dailylife/user_task_4/important_instructions/injection_task_0.json	2826	269450b9242ea089f13d12f93678d9d5f01e78962c81e27c05a1dcd5143b6078
external/AgentWatcher/agents/agentdyn/src/runs/gpt-4o-2024-08-06-piarena-agentwatcher/dailylife/user_task_4/important_instructions/injection_task_1.json	2830	11b30051d7cc9cff2b4daf195960d82d73671de27c9953bbaa714c72e64a8eec
external/AgentWatcher/agents/agentdyn/src/runs/gpt-4o-2024-08-06-piarena-agentwatcher/dailylife/user_task_4/important_instructions/injection_task_3.json	2750	f9bc0c5b19c8bbacbdc10f21c455b1b239ef903603dd44f52e65896fdd125ab8
external/AgentWatcher/agents/agentdyn/src/runs/gpt-4o-2024-08-06-piarena-agentwatcher/dailylife/user_task_4/important_instructions/injection_task_5.json	3091	6928bd4f2d2811003b58755406c9f09b4fb28f8ddf961a1846377dfe31b89086
external/AgentWatcher/agents/agentdyn/src/runs/gpt-4o-2024-08-06-piarena-agentwatcher/dailylife/user_task_4/important_instructions/injection_task_7.json	2922	ed269ba415501503f6e05e27cdee846778d3b961a4fcc136e55a59a4a3c4300e
external/AgentWatcher/agents/agentdyn/src/runs/gpt-4o-2024-08-06-piarena-agentwatcher/dailylife/user_task_4/important_instructions/injection_task_8.json	3056	dd8970e4a32f020a4ebf7134db6cb08d3aa4b033b6b1f19dc5c1590fe7f38c9d
external/AgentWatcher/agents/agentdyn/src/runs/gpt-4o-2024-08-06-piarena-agentwatcher/dailylife/user_task_4/important_instructions/injection_task_9.json	3050	0bfd6e2363ce34249e9b7e02f29c87cf90a1842476606e7585822ecb6dd183c2
external/AgentWatcher/agents/agentdyn/src/runs/gpt-4o-2024-08-06-piarena-agentwatcher/dailylife/user_task_4/none/none.json	13310	e1ab55eefb0ac6d0d7a4264cea8800824ff6e99f14ffe4e1ef0aabc568e08bc5
external/AgentWatcher/agents/agentdyn/src/runs/gpt-4o-2024-08-06-piarena-agentwatcher/dailylife/user_task_5/important_instructions/injection_task_0.json	2964	9b9bbd58db490c817800103f69fa305609186df80a1577186fe2fbaa74da1c13
external/AgentWatcher/agents/agentdyn/src/runs/gpt-4o-2024-08-06-piarena-agentwatcher/dailylife/user_task_5/important_instructions/injection_task_1.json	2968	2b092429bfa9262421c309c1f8f6e91648e558e05d2e86c0ec890cff5ad85445
external/AgentWatcher/agents/agentdyn/src/runs/gpt-4o-2024-08-06-piarena-agentwatcher/dailylife/user_task_5/important_instructions/injection_task_2.json	3083	dc1c3ca6df7312b326eab018008e94438918281f77bb1317b2ed45b9d962801b
external/AgentWatcher/agents/agentdyn/src/runs/gpt-4o-2024-08-06-piarena-agentwatcher/dailylife/user_task_5/important_instructions/injection_task_3.json	2888	14b82f1830dd895f6263aa81152713f6346e653080a44acd2497fcbc5706ad6b
external/AgentWatcher/agents/agentdyn/src/runs/gpt-4o-2024-08-06-piarena-agentwatcher/dailylife/user_task_5/important_instructions/injection_task_4.json	3183	d89ace1fed1918bfee2097f9891154aed40720e89198b95a78073d7ef35c3bee
external/AgentWatcher/agents/agentdyn/src/runs/gpt-4o-2024-08-06-piarena-agentwatcher/dailylife/user_task_5/important_instructions/injection_task_5.json	3229	c2769c00893bee009635b82a732396c14b5f1cdb21eafbd08cc1f1bd18eaa626
external/AgentWatcher/agents/agentdyn/src/runs/gpt-4o-2024-08-06-piarena-agentwatcher/dailylife/user_task_5/important_instructions/injection_task_6.json	3008	dd4e66261d09621ae70bd9d4ba25c5ff0eaa27d6d1325ee70cbdc6a667b1bb0f
external/AgentWatcher/agents/agentdyn/src/runs/gpt-4o-2024-08-06-piarena-agentwatcher/dailylife/user_task_5/important_instructions/injection_task_7.json	3060	b97a20cfd74f7591c33e99afe2b5476bb3849784accf27598cd0590529847a4a
external/AgentWatcher/agents/agentdyn/src/runs/gpt-4o-2024-08-06-piarena-agentwatcher/dailylife/user_task_5/important_instructions/injection_task_8.json	3307	d70e43e6304dd77a8abacd5f8c24fab6a2dc29e9523254ce381a1ec709e820ba
external/AgentWatcher/agents/agentdyn/src/runs/gpt-4o-2024-08-06-piarena-agentwatcher/dailylife/user_task_5/important_instructions/injection_task_9.json	3188	08683b93e491ee59bc8f25a84d1ba23111da999b8065326da0ed5230416370ea
external/AgentWatcher/agents/agentdyn/src/runs/gpt-4o-2024-08-06-piarena-agentwatcher/dailylife/user_task_5/none/none.json	17617	0a1a498b6a87492d83ddf0264765010d6895b916351bec813fb7b69118041a48
external/AgentWatcher/agents/agentdyn/src/runs/gpt-4o-2024-08-06-piarena-agentwatcher/dailylife/user_task_6/important_instructions/injection_task_0.json	3383	44698e045d8dec9824209294e7de973386d71fb2a4555aab6419a19671b6fb8d
external/AgentWatcher/agents/agentdyn/src/runs/gpt-4o-2024-08-06-piarena-agentwatcher/dailylife/user_task_6/important_instructions/injection_task_1.json	3388	a332f7ede31a49bb1d71242c361a6448c2b13383c71f6626092e9fab56789534
external/AgentWatcher/agents/agentdyn/src/runs/gpt-4o-2024-08-06-piarena-agentwatcher/dailylife/user_task_6/important_instructions/injection_task_2.json	5360	cb3e4d40bd4b444a6b72484e2510386d8395433ca8aee18ac0e33df7cd2f14d6
external/AgentWatcher/agents/agentdyn/src/runs/gpt-4o-2024-08-06-piarena-agentwatcher/dailylife/user_task_6/important_instructions/injection_task_3.json	3269	3beda76c27d6953f682d744a6bb21adc6a9541e7a506a2b70d7930fde0801b8e
external/AgentWatcher/agents/agentdyn/src/runs/gpt-4o-2024-08-06-piarena-agentwatcher/dailylife/user_task_6/important_instructions/injection_task_4.json	5882	1b44a00d3b7ba08672b63a5ab03ae5d77756235a750fd6d954000d8f31eecbad
external/AgentWatcher/agents/agentdyn/src/runs/gpt-4o-2024-08-06-piarena-agentwatcher/dailylife/user_task_6/important_instructions/injection_task_6.json	3449	8079708a2cbc56aa8754167f97d9d10bc76cd913d6d685abe5435c3050735837
external/AgentWatcher/agents/agentdyn/src/runs/gpt-4o-2024-08-06-piarena-agentwatcher/dailylife/user_task_6/important_instructions/injection_task_7.json	3527	b2bac6a1f172c1d8b281ef22d01a89bacca3a76428e1d774eb2c0a645d2dcd62
external/AgentWatcher/agents/agentdyn/src/runs/gpt-4o-2024-08-06-piarena-agentwatcher/dailylife/user_task_6/important_instructions/injection_task_9.json	3718	bf0c68186def44b830a8dff4911533ffd6e7249f6d41eb01cfcc922b31885c95
external/AgentWatcher/agents/agentdyn/src/runs/gpt-4o-2024-08-06-piarena-agentwatcher/dailylife/user_task_6/none/none.json	2346	b230bcebbea5e5f2a3df9b278bc6a84ec498806c0933a21d63a779d4c63dadf1
external/AgentWatcher/agents/agentdyn/src/runs/gpt-4o-2024-08-06-piarena-agentwatcher/dailylife/user_task_7/important_instructions/injection_task_0.json	3416	5eea9d812562a9520a1e7bc33e8695bbe743994263b5b74457285d66c70330c4
external/AgentWatcher/agents/agentdyn/src/runs/gpt-4o-2024-08-06-piarena-agentwatcher/dailylife/user_task_7/important_instructions/injection_task_1.json	3422	62b6d199dd79e81f6060dfc4e1e8665403166f89e3c3c9f8407a885df927dc67
external/AgentWatcher/agents/agentdyn/src/runs/gpt-4o-2024-08-06-piarena-agentwatcher/dailylife/user_task_7/important_instructions/injection_task_2.json	3426	41f51fbdeab81beaaae5dc921fd4755c2703d80123abfd547bfbbf1a280bb26a
external/AgentWatcher/agents/agentdyn/src/runs/gpt-4o-2024-08-06-piarena-agentwatcher/dailylife/user_task_7/important_instructions/injection_task_3.json	3303	9d2d9d50cf39c4a995b54a41c38bd62cf022dec04d45808fbd7ed38257caa1a7
external/AgentWatcher/agents/agentdyn/src/runs/gpt-4o-2024-08-06-piarena-agentwatcher/dailylife/user_task_7/important_instructions/injection_task_4.json	3747	9392e1d56041da473a55d4e880a9d80a8a27726846f3aa799b17b93c9dd95a14
external/AgentWatcher/agents/agentdyn/src/runs/gpt-4o-2024-08-06-piarena-agentwatcher/dailylife/user_task_7/important_instructions/injection_task_5.json	3816	6bc2f6a36380a69f94b2dbeb9bb2c010140dbd0276cd8d353587fbd35b7bb178
external/AgentWatcher/agents/agentdyn/src/runs/gpt-4o-2024-08-06-piarena-agentwatcher/dailylife/user_task_7/important_instructions/injection_task_6.json	3483	20be251c322bf563bf584d06d311b81813a107c10177194c0f0adfb30f13d964
external/AgentWatcher/agents/agentdyn/src/runs/gpt-4o-2024-08-06-piarena-agentwatcher/dailylife/user_task_7/important_instructions/injection_task_7.json	3561	5c05ddf9d2f6be22686fb1f27009b7af181cd0d74336ee1306332460fffc7943
external/AgentWatcher/agents/agentdyn/src/runs/gpt-4o-2024-08-06-piarena-agentwatcher/dailylife/user_task_7/important_instructions/injection_task_8.json	3762	a30523de8eb28a8428258d33a8c6bec429086a6a4abc83d71475b1515dd7eae0
external/AgentWatcher/agents/agentdyn/src/runs/gpt-4o-2024-08-06-piarena-agentwatcher/dailylife/user_task_7/none/none.json	2608	ed43550778e2db9bce92d40c464d5c47b6fa980cf1fd5a23b5ae95ff33e378e8
external/AgentWatcher/agents/agentdyn/src/runs/gpt-4o-2024-08-06-piarena-agentwatcher/dailylife/user_task_8/important_instructions/injection_task_0.json	3032	09c469427d14026ca8deeeb1d3ddbb1a8e9feff04f50971d8d7bc212277ca13f
external/AgentWatcher/agents/agentdyn/src/runs/gpt-4o-2024-08-06-piarena-agentwatcher/dailylife/user_task_8/important_instructions/injection_task_1.json	3036	f47e05676e70b4f69aedb34bf817fdbe7fa02c0bc805e66751dabbc5d1818430
external/AgentWatcher/agents/agentdyn/src/runs/gpt-4o-2024-08-06-piarena-agentwatcher/dailylife/user_task_8/important_instructions/injection_task_2.json	3038	14d7f94d1365cc7d239576673db02eee23fd9794e5da3c7b77253d385859239e
external/AgentWatcher/agents/agentdyn/src/runs/gpt-4o-2024-08-06-piarena-agentwatcher/dailylife/user_task_8/important_instructions/injection_task_3.json	2956	2e79caf69d1d5e840e570b2147fa868976c76755cfcd4f1a73690ee417057d19
external/AgentWatcher/agents/agentdyn/src/runs/gpt-4o-2024-08-06-piarena-agentwatcher/dailylife/user_task_8/important_instructions/injection_task_4.json	3252	08daa8755529564133aee9ca87ace33c790c31fa203a0beb652fd5c40f0fce54
external/AgentWatcher/agents/agentdyn/src/runs/gpt-4o-2024-08-06-piarena-agentwatcher/dailylife/user_task_8/important_instructions/injection_task_5.json	3298	a2a0a695b0b4b8a568abd2e1a26266b83a184057d22b581a3d03d887725572b3
external/AgentWatcher/agents/agentdyn/src/runs/gpt-4o-2024-08-06-piarena-agentwatcher/dailylife/user_task_8/important_instructions/injection_task_6.json	3076	52353f2fd22c2f00cb6914753184079f444301b732f46643c023e6f669612242
external/AgentWatcher/agents/agentdyn/src/runs/gpt-4o-2024-08-06-piarena-agentwatcher/dailylife/user_task_8/important_instructions/injection_task_7.json	3015	0b9367b8332ba01cb8fc0270032828d7ec8613aeb78fa59c768ae7c9d85624ef
external/AgentWatcher/agents/agentdyn/src/runs/gpt-4o-2024-08-06-piarena-agentwatcher/dailylife/user_task_8/important_instructions/injection_task_8.json	3262	5e7442d638e2139dda26fa7f90614353007f6f798025d41e9cde8cc2237788c7
external/AgentWatcher/agents/agentdyn/src/runs/gpt-4o-2024-08-06-piarena-agentwatcher/dailylife/user_task_8/none/none.json	6996	6a7503635f9fade476f2b39402d058baefc69f7587643dcdaec4cf81865be0cd
external/AgentWatcher/agents/agentdyn/src/runs/gpt-4o-2024-08-06-piarena-agentwatcher/dailylife/user_task_9/important_instructions/injection_task_2.json	2511	8b5de6b5ab2990f6fb76ad6128fa1690c0b6d7a8cf13f844cc181525965585ce
external/AgentWatcher/agents/agentdyn/src/runs/gpt-4o-2024-08-06-piarena-agentwatcher/dailylife/user_task_9/important_instructions/injection_task_3.json	2469	b679c2a4f0665e8161dff11098ff1740b0697f28117917ea86fde4ce2ae01e23
external/AgentWatcher/agents/agentdyn/src/runs/gpt-4o-2024-08-06-piarena-agentwatcher/dailylife/user_task_9/important_instructions/injection_task_4.json	5243	2f928500030dc4ed67bc618550941503329af121403adc0e0208ba8f9b1a4483
external/AgentWatcher/agents/agentdyn/src/runs/gpt-4o-2024-08-06-piarena-agentwatcher/dailylife/user_task_9/important_instructions/injection_task_5.json	2640	ef99b962661dca93cba497011b7f1c5a0a53fd45a52867c3a2942bf07ae1312d
external/AgentWatcher/agents/agentdyn/src/runs/gpt-4o-2024-08-06-piarena-agentwatcher/dailylife/user_task_9/important_instructions/injection_task_6.json	2530	911f73b3b9efd8c872e67d7ac9c926e24a5fafd475d09612cfb209a7a02f0eb5
external/AgentWatcher/agents/agentdyn/src/runs/gpt-4o-2024-08-06-piarena-agentwatcher/dailylife/user_task_9/important_instructions/injection_task_7.json	2555	3a3cb930d293855fd58411854edaa99c692cf5f167f4f0eaef1db44edbc89835
external/AgentWatcher/agents/agentdyn/src/runs/gpt-4o-2024-08-06-piarena-agentwatcher/dailylife/user_task_9/important_instructions/injection_task_8.json	2622	aab1e69726403205798812c1f4786078d815a81f2832649208f06377a06e2f5f
external/AgentWatcher/agents/agentdyn/src/runs/gpt-4o-2024-08-06-piarena-agentwatcher/dailylife/user_task_9/important_instructions/injection_task_9.json	2619	799233ada4fce6c76ec147dc8ce1e6bcf00beb449cc9098b09d9c157f4a0d7f7
external/AgentWatcher/agents/agentdyn/src/runs/gpt-4o-2024-08-06-piarena-agentwatcher/dailylife/user_task_9/none/none.json	9430	9f226bfc08712eb431e972115b0f193a398eb83e2c137f8abf4646bdb82ad787
external/AgentWatcher/agents/agentdyn/src/runs/gpt-4o-2024-08-06-piarena-agentwatcher/github/injection_task_0/none/none.json	2815	07daca992585457ccd7f1fc3f0093e24bb690a233a607e6f2165aab698a76903
external/AgentWatcher/agents/agentdyn/src/runs/gpt-4o-2024-08-06-piarena-agentwatcher/github/injection_task_1/none/none.json	1731	935163ee75025d401cc3b7c744455e2cd5fd01b66e8cbb9908c51121d9c0bd0d
external/AgentWatcher/agents/agentdyn/src/runs/gpt-4o-2024-08-06-piarena-agentwatcher/github/injection_task_2/none/none.json	3109	6b56f84c39f968722c7edeb84d529c52da0a50412d7ffe0f3975235c9bb5d45c
external/AgentWatcher/agents/agentdyn/src/runs/gpt-4o-2024-08-06-piarena-agentwatcher/github/injection_task_3/none/none.json	6679	d60315c3459f8342d51b06caaee4c03837e3bfdeeec12d516358d3d7dabcf4e7
external/AgentWatcher/agents/agentdyn/src/runs/gpt-4o-2024-08-06-piarena-agentwatcher/github/injection_task_4/none/none.json	8679	b31f5dabf821f37743856b93f6f82df4f284c5f5125712bd3b04facb1ed64b0f
external/AgentWatcher/agents/agentdyn/src/runs/gpt-4o-2024-08-06-piarena-agentwatcher/github/injection_task_5/none/none.json	8807	f441ef16d851fc4b1c173b671d9bdef8a375666456160e273c2ceb2854fdf880
external/AgentWatcher/agents/agentdyn/src/runs/gpt-4o-2024-08-06-piarena-agentwatcher/github/injection_task_6/none/none.json	4338	51a696200eb7e29a56b84452a5e7d172765f5737ba9a97ea9410a54c65edd62b
external/AgentWatcher/agents/agentdyn/src/runs/gpt-4o-2024-08-06-piarena-agentwatcher/github/injection_task_7/none/none.json	3546	86ce86823727b566cb7bbeb77f0f5ff5df386cd440f30d9af1f715a034f54a36
external/AgentWatcher/agents/agentdyn/src/runs/gpt-4o-2024-08-06-piarena-agentwatcher/github/injection_task_8/none/none.json	2080	164fc7104744614c5ef2a7b3acfe0d2c7eda967aeeba2cae00f5036ec484e8c7
external/AgentWatcher/agents/agentdyn/src/runs/gpt-4o-2024-08-06-piarena-agentwatcher/github/user_task_0/important_instructions/injection_task_1.json	2446	a02733e8c217d2d1b5d4514e9f99ea2bed9173ba4e81a8b6b2a9a817ffce4cc1
external/AgentWatcher/agents/agentdyn/src/runs/gpt-4o-2024-08-06-piarena-agentwatcher/github/user_task_0/important_instructions/injection_task_2.json	2469	b5dd489b6bd075bce373315e3e9866a0f1bad08ec9bc091932db838f61a97fb5
external/AgentWatcher/agents/agentdyn/src/runs/gpt-4o-2024-08-06-piarena-agentwatcher/github/user_task_0/important_instructions/injection_task_3.json	2483	8e338b830f1431d1b86c701d1ff557d656e966943375a0847c32e9bfd37ee35a
external/AgentWatcher/agents/agentdyn/src/runs/gpt-4o-2024-08-06-piarena-agentwatcher/github/user_task_0/important_instructions/injection_task_4.json	2466	a7ac6338b3a402c81a47b85392aac8c8b23a41042201aba45a23cc4ecc2c67bd
external/AgentWatcher/agents/agentdyn/src/runs/gpt-4o-2024-08-06-piarena-agentwatcher/github/user_task_0/important_instructions/injection_task_5.json	2507	10536467870c1e4193fc2c8e11fd221096e6818b225add84fac5ce5509b686fd
external/AgentWatcher/agents/agentdyn/src/runs/gpt-4o-2024-08-06-piarena-agentwatcher/github/user_task_0/important_instructions/injection_task_6.json	2503	680bc7c5a794f8a625c8b01e278306ec64e882279e7ff82a3f58a8668db9b8c3
external/AgentWatcher/agents/agentdyn/src/runs/gpt-4o-2024-08-06-piarena-agentwatcher/github/user_task_0/important_instructions/injection_task_7.json	2522	d425daa039e01b0c17c5cec0b950826aa8094f21a4b53d1adeadb12085d529f0
external/AgentWatcher/agents/agentdyn/src/runs/gpt-4o-2024-08-06-piarena-agentwatcher/github/user_task_0/important_instructions/injection_task_8.json	2547	d0519ca343c962e876097f0c5bb66336957d7f328a2608e9eca268e754893291
external/AgentWatcher/agents/agentdyn/src/runs/gpt-4o-2024-08-06-piarena-agentwatcher/github/user_task_0/none/none.json	11443	dabdeb947a8d30337b6c79e2e52553d10fa18c81bfabe26bba46f18934f6bf85
external/AgentWatcher/agents/agentdyn/src/runs/gpt-4o-2024-08-06-piarena-agentwatcher/github/user_task_1/important_instructions/injection_task_0.json	16983	d9b92ae8258590f90651bf53de8020ddc9072903c034cc02244d18688c5de6f8
external/AgentWatcher/agents/agentdyn/src/runs/gpt-4o-2024-08-06-piarena-agentwatcher/github/user_task_1/important_instructions/injection_task_1.json	2707	1ec079f5216589664c7e2eebe4e9e855e3fe126c3c1c7f88acdeae542e47916f
external/AgentWatcher/agents/agentdyn/src/runs/gpt-4o-2024-08-06-piarena-agentwatcher/github/user_task_1/important_instructions/injection_task_2.json	2754	19a3215911bd37e93c5dc74e097f86541a028d28941ec5c1743518bc1a3bdf5d
external/AgentWatcher/agents/agentdyn/src/runs/gpt-4o-2024-08-06-piarena-agentwatcher/github/user_task_1/important_instructions/injection_task_3.json	2780	add0267dc4cb9b3d06e2bec8696e339aacb3994a7fbe7757e2d1a506d745bba5
external/AgentWatcher/agents/agentdyn/src/runs/gpt-4o-2024-08-06-piarena-agentwatcher/github/user_task_1/important_instructions/injection_task_4.json	2749	7c7a83ccb9898d0a070161cdfbe2b808ace95e07bee4e887aea2a16621fe99e4
external/AgentWatcher/agents/agentdyn/src/runs/gpt-4o-2024-08-06-piarena-agentwatcher/github/user_task_1/important_instructions/injection_task_5.json	2830	a7dd892e1c5a2af8904ea48961ab675926f9f357dcb2450558eb799d3f16ebe7
external/AgentWatcher/agents/agentdyn/src/runs/gpt-4o-2024-08-06-piarena-agentwatcher/github/user_task_1/important_instructions/injection_task_6.json	2822	cccee078b6ffb0de0debdb647e9ac4ba124b8d41a7bb5522d6ab82a46511f78a
external/AgentWatcher/agents/agentdyn/src/runs/gpt-4o-2024-08-06-piarena-agentwatcher/github/user_task_1/important_instructions/injection_task_7.json	2859	0795cd5b9c8c0218ca31bea7dce7af45c5cf63b9b98dc7a583122b2d7313a372
external/AgentWatcher/agents/agentdyn/src/runs/gpt-4o-2024-08-06-piarena-agentwatcher/github/user_task_1/important_instructions/injection_task_8.json	2910	c984da0d519b05ac916fd83b005acafa4c2b3d2f46bd4ff9e2d6df3d36247a4f
external/AgentWatcher/agents/agentdyn/src/runs/gpt-4o-2024-08-06-piarena-agentwatcher/github/user_task_1/none/none.json	15299	8385157ccb8017ac1d7594f85679e0ea232003e295c573bcf26a8c2be9b3f01c
external/AgentWatcher/agents/agentdyn/src/runs/gpt-4o-2024-08-06-piarena-agentwatcher/github/user_task_10/important_instructions/injection_task_0.json	2769	5490b45c96c7f04419ff5a690e204a76a1d38947e6503b3a1622f2fce9678244
external/AgentWatcher/agents/agentdyn/src/runs/gpt-4o-2024-08-06-piarena-agentwatcher/github/user_task_10/important_instructions/injection_task_1.json	2935	b1bb2b5a1c06d37fb3b5fc8bb3d2ae868b24a80a4c46f63526bdc3f9e8633654
external/AgentWatcher/agents/agentdyn/src/runs/gpt-4o-2024-08-06-piarena-agentwatcher/github/user_task_10/important_instructions/injection_task_2.json	2753	8b4f0026f6a7accede7c565f3b8ffd9668d057029d7679b92c743c69ab105d0d
external/AgentWatcher/agents/agentdyn/src/runs/gpt-4o-2024-08-06-piarena-agentwatcher/github/user_task_10/important_instructions/injection_task_3.json	13832	c997acace7c6c2facb1aa6d3360cc76b4f906161165f3b454a403dc5bed904ba
external/AgentWatcher/agents/agentdyn/src/runs/gpt-4o-2024-08-06-piarena-agentwatcher/github/user_task_10/important_instructions/injection_task_4.json	2976	162a9a772b011636420abf19ca91dd25c94207eae5eef08331a3bf2d4846fbc0
external/AgentWatcher/agents/agentdyn/src/runs/gpt-4o-2024-08-06-piarena-agentwatcher/github/user_task_10/important_instructions/injection_task_6.json	2935	5cb81d9f1c04b939f857645d458810d4b807d181db84503a2df742b4a0747443
external/AgentWatcher/agents/agentdyn/src/runs/gpt-4o-2024-08-06-piarena-agentwatcher/github/user_task_10/important_instructions/injection_task_7.json	2859	a4d41af984252d8e73aa011c5b77b82d2113755de06fcb1797e7afa667de1fc4
external/AgentWatcher/agents/agentdyn/src/runs/gpt-4o-2024-08-06-piarena-agentwatcher/github/user_task_10/important_instructions/injection_task_8.json	2910	4a57964045ffe595f44f7bb32c2dbda2929991429ebf0cd984cfed1d4e84914f
external/AgentWatcher/agents/agentdyn/src/runs/gpt-4o-2024-08-06-piarena-agentwatcher/github/user_task_10/none/none.json	12941	34c6d5d2f5c6e733c1a7cc181c958e28d7f190e9ee6df068bbd6e5a020e60249
external/AgentWatcher/agents/agentdyn/src/runs/gpt-4o-2024-08-06-piarena-agentwatcher/github/user_task_11/important_instructions/injection_task_0.json	2387	297f8980e27168ddff16c3688a38a3305df7e8d4555e56f323572238b55f3e3a
external/AgentWatcher/agents/agentdyn/src/runs/gpt-4o-2024-08-06-piarena-agentwatcher/github/user_task_11/important_instructions/injection_task_1.json	2356	d34adeec1998190354cc1c59fc7f00f1d5c1b1b04f3c2d9ba20e41fa0399c0bf
external/AgentWatcher/agents/agentdyn/src/runs/gpt-4o-2024-08-06-piarena-agentwatcher/github/user_task_11/important_instructions/injection_task_2.json	2378	cec810f8be52112d1048f81a8e0158b882bd68c3663568fc3083679674b096eb
external/AgentWatcher/agents/agentdyn/src/runs/gpt-4o-2024-08-06-piarena-agentwatcher/github/user_task_11/important_instructions/injection_task_3.json	2393	085608eb1db4eedfc9d66e0b5c7bee0340e3398ad719e4494b76d4495fc995b2
external/AgentWatcher/agents/agentdyn/src/runs/gpt-4o-2024-08-06-piarena-agentwatcher/github/user_task_11/important_instructions/injection_task_4.json	2376	8e1bf0d181fc8c0b2c1c7bafa2147bf3f683ee2587978efde3a9620ec74f6518
external/AgentWatcher/agents/agentdyn/src/runs/gpt-4o-2024-08-06-piarena-agentwatcher/github/user_task_11/important_instructions/injection_task_5.json	2417	93d9bf68d9a4e7a172c87e5920159f91be2e3a42e198a7aac48d8fb71dd52ba9
external/AgentWatcher/agents/agentdyn/src/runs/gpt-4o-2024-08-06-piarena-agentwatcher/github/user_task_11/important_instructions/injection_task_6.json	2413	880d6f32bca5ce1ca0e9d0ccfe341c13f78b5b7849cf9060f17164b9b3cc717a
external/AgentWatcher/agents/agentdyn/src/runs/gpt-4o-2024-08-06-piarena-agentwatcher/github/user_task_11/important_instructions/injection_task_7.json	2432	1d9b5598902d78b3fc6792fa5c442dcf714d11cd99179344b4ef8bbf25816032
external/AgentWatcher/agents/agentdyn/src/runs/gpt-4o-2024-08-06-piarena-agentwatcher/github/user_task_11/important_instructions/injection_task_8.json	2456	bf8a116a46db079f070e88e6d4dd1d6a10c4c0327be709a0f7c40a01a28df9b4
external/AgentWatcher/agents/agentdyn/src/runs/gpt-4o-2024-08-06-piarena-agentwatcher/github/user_task_11/none/none.json	2039	2d072870f711732299009d469c74f37c89369eb83d50d6d3afa5eaeda8a6e24a
external/AgentWatcher/agents/agentdyn/src/runs/gpt-4o-2024-08-06-piarena-agentwatcher/github/user_task_12/important_instructions/injection_task_0.json	3458	902774e6783a69539f916b7fd99d7f9b1b67e4e19d3fe9a7bf8d742c7ac3ded8
external/AgentWatcher/agents/agentdyn/src/runs/gpt-4o-2024-08-06-piarena-agentwatcher/github/user_task_12/important_instructions/injection_task_1.json	3365	84c0a410cb94786fdf44a9bab31084ceaf94ccb6c1b8b9ec8039d8afe57f82ac
external/AgentWatcher/agents/agentdyn/src/runs/gpt-4o-2024-08-06-piarena-agentwatcher/github/user_task_12/important_instructions/injection_task_2.json	3434	f553e1fd02f08e28d9796f2f85aae2c23fbf13b186294a2559bafb57314c1390
external/AgentWatcher/agents/agentdyn/src/runs/gpt-4o-2024-08-06-piarena-agentwatcher/github/user_task_12/important_instructions/injection_task_3.json	3249	f0448f6d301c6aa0efde992e59efc25995af0f5675c852af2b1bd12b2c522598
external/AgentWatcher/agents/agentdyn/src/runs/gpt-4o-2024-08-06-piarena-agentwatcher/github/user_task_12/important_instructions/injection_task_4.json	3428	3123c1f51c017f75142060fa4664ca6e3f14a6e31e764cc4562c317fa0613438
external/AgentWatcher/agents/agentdyn/src/runs/gpt-4o-2024-08-06-piarena-agentwatcher/github/user_task_12/important_instructions/injection_task_5.json	3663	4585f354328ea37ce602d64237c6b7d29fa794bee2109f0db106b7b4a1dbffbd
external/AgentWatcher/agents/agentdyn/src/runs/gpt-4o-2024-08-06-piarena-agentwatcher/github/user_task_12/important_instructions/injection_task_6.json	3536	7a1464b113c5221ee7ac0d5a403e37b83fcaa3da0b6f4b3668c4107497761682
external/AgentWatcher/agents/agentdyn/src/runs/gpt-4o-2024-08-06-piarena-agentwatcher/github/user_task_12/important_instructions/injection_task_7.json	3366	4ddd09ece0fdf5ca5352c8a0b7fbb7ae1a195bdf653b173b57cce3cc5d77124a
external/AgentWatcher/agents/agentdyn/src/runs/gpt-4o-2024-08-06-piarena-agentwatcher/github/user_task_12/important_instructions/injection_task_8.json	3668	9c624ce64f6bcca61bfd39828b2ce3dbd54de94e0f600bc9d4706d803515df10
external/AgentWatcher/agents/agentdyn/src/runs/gpt-4o-2024-08-06-piarena-agentwatcher/github/user_task_12/none/none.json	18731	16eb08e1f40c2ec217611aa584c836eceb9115624e73f9b71b54a0ffcc54446f
external/AgentWatcher/agents/agentdyn/src/runs/gpt-4o-2024-08-06-piarena-agentwatcher/github/user_task_13/important_instructions/injection_task_0.json	3353	39d0b8a14daefd35fe06ce44565e95feefb07fcf8bc02e198f2034cddb25d6fa
external/AgentWatcher/agents/agentdyn/src/runs/gpt-4o-2024-08-06-piarena-agentwatcher/github/user_task_13/important_instructions/injection_task_1.json	2948	eb0a0b842a76128ac6587f9fa289c5f1aef0f9ad1f8a54153ac654569debed74
external/AgentWatcher/agents/agentdyn/src/runs/gpt-4o-2024-08-06-piarena-agentwatcher/github/user_task_13/important_instructions/injection_task_2.json	3109	9e06d340c24a5f3058fe42983564f6a197959326d7606c1090731ff93a23f80b
external/AgentWatcher/agents/agentdyn/src/runs/gpt-4o-2024-08-06-piarena-agentwatcher/github/user_task_13/important_instructions/injection_task_3.json	3023	54d32817b4a3235d242d4e9cb91f591d755b26de470bd69c8a7167a9e62a0293
external/AgentWatcher/agents/agentdyn/src/runs/gpt-4o-2024-08-06-piarena-agentwatcher/github/user_task_13/important_instructions/injection_task_4.json	18754	c619157c9f23b04e869d5dc9482056c2678478a4c98e94c3eb26d38494ac80ef
external/AgentWatcher/agents/agentdyn/src/runs/gpt-4o-2024-08-06-piarena-agentwatcher/github/user_task_13/important_instructions/injection_task_5.json	24642	d8e4edeea72ef7a5b39110bbfc68722fd99fe31d2971db12cb5becc79ca5e403
external/AgentWatcher/agents/agentdyn/src/runs/gpt-4o-2024-08-06-piarena-agentwatcher/github/user_task_13/important_instructions/injection_task_6.json	3176	588b3d261abcb33dd2da181d29d5e4f9acafb506c6c7727220018e6bd5a8cf59
external/AgentWatcher/agents/agentdyn/src/runs/gpt-4o-2024-08-06-piarena-agentwatcher/github/user_task_13/important_instructions/injection_task_8.json	3493	acca66d8a517c35a5d879c23159035c8a49b9be2643d2532e2b7aef6bd1d4997
external/AgentWatcher/agents/agentdyn/src/runs/gpt-4o-2024-08-06-piarena-agentwatcher/github/user_task_13/none/none.json	21152	81cadd908beaeacd13230f449368e12e49a057e518f59db7a89a32b6d4d23894
external/AgentWatcher/agents/agentdyn/src/runs/gpt-4o-2024-08-06-piarena-agentwatcher/github/user_task_14/important_instructions/injection_task_0.json	2848	c287ceb7c6366f3d5bd4f0267ab2f18b76653a8d78d385c365f3830516759947
external/AgentWatcher/agents/agentdyn/src/runs/gpt-4o-2024-08-06-piarena-agentwatcher/github/user_task_14/important_instructions/injection_task_1.json	2787	9e6c2ffdb16fa3f0732a352f71bc26a3f1624719324a015996022aed5c1cb10e
external/AgentWatcher/agents/agentdyn/src/runs/gpt-4o-2024-08-06-piarena-agentwatcher/github/user_task_14/important_instructions/injection_task_2.json	2833	051069767a295c3e0f4376beaff6f0eaafe19f5d1d3792fcdb52ed886e27b102
external/AgentWatcher/agents/agentdyn/src/runs/gpt-4o-2024-08-06-piarena-agentwatcher/github/user_task_14/important_instructions/injection_task_3.json	2860	b7146ea03b823ce625fad4a00af2b017263043de7a6773667e28e48009f61866
external/AgentWatcher/agents/agentdyn/src/runs/gpt-4o-2024-08-06-piarena-agentwatcher/github/user_task_14/important_instructions/injection_task_4.json	2829	ed741c19973a64001d7dff317d718a7746701484a29b50fa21254f7a19f4b241
external/AgentWatcher/agents/agentdyn/src/runs/gpt-4o-2024-08-06-piarena-agentwatcher/github/user_task_14/important_instructions/injection_task_5.json	2908	55c14b11003619d5f45bea78bcfcfa08b7a151c9d0f220fa6734da1fd334cd00
external/AgentWatcher/agents/agentdyn/src/runs/gpt-4o-2024-08-06-piarena-agentwatcher/github/user_task_14/important_instructions/injection_task_6.json	2900	793bc383c1fec1e51251be2692cbb76c9e39a51a85a3ac01e4816f33b99cef2e
external/AgentWatcher/agents/agentdyn/src/runs/gpt-4o-2024-08-06-piarena-agentwatcher/github/user_task_14/important_instructions/injection_task_7.json	2937	c6601b78b44a67a104815afb72cc2baaff4ba616413699911aec0bc4a9713b13
external/AgentWatcher/agents/agentdyn/src/runs/gpt-4o-2024-08-06-piarena-agentwatcher/github/user_task_14/important_instructions/injection_task_8.json	2989	b0c56e2e06799ac59b5a114a1e52e1aa3ccf156ff4d0c766ef4eb0f3eb28d68d
external/AgentWatcher/agents/agentdyn/src/runs/gpt-4o-2024-08-06-piarena-agentwatcher/github/user_task_14/none/none.json	8796	85ea8b40b1f1d25c74708435e340c44165d947b0c599802a07d7cec1e11b35a9
external/AgentWatcher/agents/agentdyn/src/runs/gpt-4o-2024-08-06-piarena-agentwatcher/github/user_task_15/important_instructions/injection_task_0.json	3301	5acfa533fc70a92fcd5b544de89709a5233dc0aaecabe13f912e41484ae8c881
external/AgentWatcher/agents/agentdyn/src/runs/gpt-4o-2024-08-06-piarena-agentwatcher/github/user_task_15/important_instructions/injection_task_1.json	3206	f7cd3d4631f174e71f19e3243e50e3911d08887e49ffd46a8843d86979b5857d
external/AgentWatcher/agents/agentdyn/src/runs/gpt-4o-2024-08-06-piarena-agentwatcher/github/user_task_15/important_instructions/injection_task_2.json	3276	bc475470fb3a2dcae584c7ad1b0fa75a251cc798221c9487ed2ce2c6a1cfaa6a
external/AgentWatcher/agents/agentdyn/src/runs/gpt-4o-2024-08-06-piarena-agentwatcher/github/user_task_15/important_instructions/injection_task_5.json	3391	7f310c613991d106fe5932c36b57855b3fa93400df0088dc90a7dc99f8a25e4e
external/AgentWatcher/agents/agentdyn/src/runs/gpt-4o-2024-08-06-piarena-agentwatcher/github/user_task_15/important_instructions/injection_task_6.json	3378	619c3201aa972264319f38d167abe53eac92bc73c72640b60cefcb21662023b6
external/AgentWatcher/agents/agentdyn/src/runs/gpt-4o-2024-08-06-piarena-agentwatcher/github/user_task_15/important_instructions/injection_task_7.json	3436	177bc1b9cf46f84a182b29566a08b691affd1bbecc6bbab94ddc5bafaa0ff614
external/AgentWatcher/agents/agentdyn/src/runs/gpt-4o-2024-08-06-piarena-agentwatcher/github/user_task_15/important_instructions/injection_task_8.json	3510	5d1590b8a4b5793167b77f0eed9925dcf202491c73c14cbfecda8e115e1ea21b
external/AgentWatcher/agents/agentdyn/src/runs/gpt-4o-2024-08-06-piarena-agentwatcher/github/user_task_15/none/none.json	8871	cfd71fd226bb3ec26ef77b218127de97fcd657eb61f6ef7754332ee3dacff5d1
external/AgentWatcher/agents/agentdyn/src/runs/gpt-4o-2024-08-06-piarena-agentwatcher/github/user_task_16/important_instructions/injection_task_0.json	12100	67e9df833cc1bcc515973ca9210ed1c9581b59cee93faa56997f3929f2076672
external/AgentWatcher/agents/agentdyn/src/runs/gpt-4o-2024-08-06-piarena-agentwatcher/github/user_task_16/important_instructions/injection_task_1.json	2946	2e7d05b89fe4a9dae57291800b565666580ca690af34cfddf14e4566725de5f4
external/AgentWatcher/agents/agentdyn/src/runs/gpt-4o-2024-08-06-piarena-agentwatcher/github/user_task_16/important_instructions/injection_task_2.json	2992	d283fdb922c51b2f790f5b0dd078d7b2d9b68a26ad36f6185c0b8323b74c3515
external/AgentWatcher/agents/agentdyn/src/runs/gpt-4o-2024-08-06-piarena-agentwatcher/github/user_task_16/important_instructions/injection_task_3.json	2905	bc3dd74a0d4effc377af7f3442476c67c8e38f22e18975a1ac3c67c6d29d058f
external/AgentWatcher/agents/agentdyn/src/runs/gpt-4o-2024-08-06-piarena-agentwatcher/github/user_task_16/important_instructions/injection_task_4.json	12063	cba8d2e75f22783ee4fc6355b5343a529fa1fd0491526d474c71e5e02d2aa1fb
external/AgentWatcher/agents/agentdyn/src/runs/gpt-4o-2024-08-06-piarena-agentwatcher/github/user_task_16/important_instructions/injection_task_5.json	3067	15269023c9ecf71b5e8d4b7beb9907cd57864c1fdce62359cc82a6126fdbc797
external/AgentWatcher/agents/agentdyn/src/runs/gpt-4o-2024-08-06-piarena-agentwatcher/github/user_task_16/important_instructions/injection_task_6.json	3059	6417b0729b12f898a531b904c1444b19a067b7ce8d3ab97cd2e700e61908c629
external/AgentWatcher/agents/agentdyn/src/runs/gpt-4o-2024-08-06-piarena-agentwatcher/github/user_task_16/important_instructions/injection_task_7.json	3098	d615382fabd2d169b5e58f606d8602980798d96dee3dbcc948289071a9ee181d
external/AgentWatcher/agents/agentdyn/src/runs/gpt-4o-2024-08-06-piarena-agentwatcher/github/user_task_16/important_instructions/injection_task_8.json	3147	2d7d49a9405cb6ef26b7eb4ba8b06e7a1e9314a6a3c253a1c1b63531047ac2a1
external/AgentWatcher/agents/agentdyn/src/runs/gpt-4o-2024-08-06-piarena-agentwatcher/github/user_task_16/none/none.json	7587	7be15e35c9b8cc4ace24497e3c1946a3fc26e5a898d85036711d72b81fc6c513
external/AgentWatcher/agents/agentdyn/src/runs/gpt-4o-2024-08-06-piarena-agentwatcher/github/user_task_17/important_instructions/injection_task_0.json	12647	03d64a9668f824324cb6ff35869984e52f04d2d690028bb7c2ed111e19ffbb41
external/AgentWatcher/agents/agentdyn/src/runs/gpt-4o-2024-08-06-piarena-agentwatcher/github/user_task_17/important_instructions/injection_task_1.json	12527	6bead1859009c41cf920d8ba69ed2d1b7f61b4577f30468b9cacf3b33112a66c
external/AgentWatcher/agents/agentdyn/src/runs/gpt-4o-2024-08-06-piarena-agentwatcher/github/user_task_17/important_instructions/injection_task_2.json	3073	f94cdcf783ab18077fd069247267d660dff79fa46af00b4fa7b29b4ec16bf363
external/AgentWatcher/agents/agentdyn/src/runs/gpt-4o-2024-08-06-piarena-agentwatcher/github/user_task_17/important_instructions/injection_task_3.json	3101	954fb19c9104ef69d168960852e43bbd084ee9bdbc669ace56ce4987c23afbc2
external/AgentWatcher/agents/agentdyn/src/runs/gpt-4o-2024-08-06-piarena-agentwatcher/github/user_task_17/important_instructions/injection_task_4.json	12615	0b59fa4f6cad4e93135878c06869628791e9bce0445cd91f4b475b2bc04d159e
external/AgentWatcher/agents/agentdyn/src/runs/gpt-4o-2024-08-06-piarena-agentwatcher/github/user_task_17/important_instructions/injection_task_5.json	12770	da037ca0cca30a0c9c4ae976417e14d28b0d08dd7f93a778a618200dd1d67782
external/AgentWatcher/agents/agentdyn/src/runs/gpt-4o-2024-08-06-piarena-agentwatcher/github/user_task_17/important_instructions/injection_task_6.json	12755	c0d73024819d9d72f56b33853e9a60525739ec542ace216c1b59de8ed73fd7c0
external/AgentWatcher/agents/agentdyn/src/runs/gpt-4o-2024-08-06-piarena-agentwatcher/github/user_task_17/important_instructions/injection_task_8.json	12941	c08d31e8f2fdc763b88e64e86f90c7c0ce6f770f39226542b84e5c1e42243b16
external/AgentWatcher/agents/agentdyn/src/runs/gpt-4o-2024-08-06-piarena-agentwatcher/github/user_task_17/none/none.json	10966	620157aa3357d553f48bf32953b882657516bd4e40bb9c969df4d55e422d14c2
external/AgentWatcher/agents/agentdyn/src/runs/gpt-4o-2024-08-06-piarena-agentwatcher/github/user_task_18/important_instructions/injection_task_0.json	13704	feab10a060ba0dc48750cf10c83b18a6f8e315b059a89259478c2b58f4c7a1da
external/AgentWatcher/agents/agentdyn/src/runs/gpt-4o-2024-08-06-piarena-agentwatcher/github/user_task_18/important_instructions/injection_task_1.json	13580	28293b9cae7cd8f7fe517eed34dff2a12cd0a05802a73d51d3f10fab43d14a50
external/AgentWatcher/agents/agentdyn/src/runs/gpt-4o-2024-08-06-piarena-agentwatcher/github/user_task_18/important_instructions/injection_task_2.json	13672	499cf85c9f49d0ae14fc9bcd484eeda29aa6b3d23385fe11463fcd54a8d97889
external/AgentWatcher/agents/agentdyn/src/runs/gpt-4o-2024-08-06-piarena-agentwatcher/github/user_task_18/important_instructions/injection_task_3.json	13730	bdc81181831aea1e6909e5800b2ba1e5b62a27c4f79fe1307205767c7e7cf583
external/AgentWatcher/agents/agentdyn/src/runs/gpt-4o-2024-08-06-piarena-agentwatcher/github/user_task_18/important_instructions/injection_task_4.json	13668	f57a696f19cbb0a32ff56f973693f2d97af84470affb626bb27ec829e52a318f
external/AgentWatcher/agents/agentdyn/src/runs/gpt-4o-2024-08-06-piarena-agentwatcher/github/user_task_18/important_instructions/injection_task_5.json	3010	f63a5f9c20bcf54b323b8336c38fbd94ad50b76ac874d0379acc4d7c960de533
external/AgentWatcher/agents/agentdyn/src/runs/gpt-4o-2024-08-06-piarena-agentwatcher/github/user_task_18/important_instructions/injection_task_6.json	13807	aaf918e39f07b86c8f6749b2e07d3e0c10022a5d28c6877721e3f69f6d099f75
external/AgentWatcher/agents/agentdyn/src/runs/gpt-4o-2024-08-06-piarena-agentwatcher/github/user_task_18/important_instructions/injection_task_7.json	3040	8f6b788ea12f05d37bfcb2fdc12af9bb28d98bb59b68ff7fc2c130d9447a3178
external/AgentWatcher/agents/agentdyn/src/runs/gpt-4o-2024-08-06-piarena-agentwatcher/github/user_task_18/important_instructions/injection_task_8.json	13994	f74dafec790aec36993f66c223656daeb93c0b6a78d48cd340e7d6b7c17ccb84
external/AgentWatcher/agents/agentdyn/src/runs/gpt-4o-2024-08-06-piarena-agentwatcher/github/user_task_18/none/none.json	11965	dbb2b6c6e7a2f8c1ec6f410024e129f433b18bcc899aa1bd44bbb65288f038f5
external/AgentWatcher/agents/agentdyn/src/runs/gpt-4o-2024-08-06-piarena-agentwatcher/github/user_task_19/important_instructions/injection_task_0.json	2867	918769f5cd539dd2c819a998b61a30a31d46d80fa59eaa3c65921dc1378c7e95
external/AgentWatcher/agents/agentdyn/src/runs/gpt-4o-2024-08-06-piarena-agentwatcher/github/user_task_19/important_instructions/injection_task_1.json	2692	eac2b47ebe92efd07760c56f2376c5ff01fc36f019579aee471edf48dbb2e329
external/AgentWatcher/agents/agentdyn/src/runs/gpt-4o-2024-08-06-piarena-agentwatcher/github/user_task_19/important_instructions/injection_task_2.json	2737	42a5e6cb144508ed06d16d517b764ced8c7a6602562fb267c42a221e822c0319
external/AgentWatcher/agents/agentdyn/src/runs/gpt-4o-2024-08-06-piarena-agentwatcher/github/user_task_19/important_instructions/injection_task_3.json	2766	35426d9b3293648a1e449234e5dd84b8a2987b04a026cf19e955380fe4cd3d46
external/AgentWatcher/agents/agentdyn/src/runs/gpt-4o-2024-08-06-piarena-agentwatcher/github/user_task_19/important_instructions/injection_task_5.json	2926	980ad7156f59fc671a27e89779d2f0759cf906e55221773d6f271c7d60e2588b
external/AgentWatcher/agents/agentdyn/src/runs/gpt-4o-2024-08-06-piarena-agentwatcher/github/user_task_19/important_instructions/injection_task_7.json	2844	6d51c7ac5ad70aff7db4e67b27715f6329516024b03608b374fc50ea8f72cdfd
external/AgentWatcher/agents/agentdyn/src/runs/gpt-4o-2024-08-06-piarena-agentwatcher/github/user_task_19/important_instructions/injection_task_8.json	3007	11c4ede4e296781a8a60d7e4af86b9a46138de82f7947fa25c93b8139e145afc
external/AgentWatcher/agents/agentdyn/src/runs/gpt-4o-2024-08-06-piarena-agentwatcher/github/user_task_19/none/none.json	15891	521c014604a5403da427c012b05a7022ccd607cc86fb477eae1b6f416761545c
external/AgentWatcher/agents/agentdyn/src/runs/gpt-4o-2024-08-06-piarena-agentwatcher/github/user_task_2/important_instructions/injection_task_0.json	2859	9bd3987b2c09aa34bbc05016ac1aa2cb5993d043b467d7ae3a6e440e7b21260f
external/AgentWatcher/agents/agentdyn/src/runs/gpt-4o-2024-08-06-piarena-agentwatcher/github/user_task_2/important_instructions/injection_task_1.json	11722	b5c231a05e953c1c2b9a0125313aaed18ac40d9569f440130f347d85f47c159c
external/AgentWatcher/agents/agentdyn/src/runs/gpt-4o-2024-08-06-piarena-agentwatcher/github/user_task_2/important_instructions/injection_task_3.json	11882	6fa9233d5e303e522c0660ce36da0275973918e0b8e9efa746f213499b4fb427
external/AgentWatcher/agents/agentdyn/src/runs/gpt-4o-2024-08-06-piarena-agentwatcher/github/user_task_2/important_instructions/injection_task_4.json	11820	003e39929d68438809639822ad795d22920f99f7fe36584f836b3bec5ba5e26b
external/AgentWatcher/agents/agentdyn/src/runs/gpt-4o-2024-08-06-piarena-agentwatcher/github/user_task_2/important_instructions/injection_task_5.json	11965	465ff89d53dd1423503e4d6d16767bddf0590e1964ab9c44a927e67f7c9be2a7
external/AgentWatcher/agents/agentdyn/src/runs/gpt-4o-2024-08-06-piarena-agentwatcher/github/user_task_2/important_instructions/injection_task_6.json	11951	c2e4adbf35a95d9d790356d62697d4c487fc71016b559bcf80bceefd264fca58
external/AgentWatcher/agents/agentdyn/src/runs/gpt-4o-2024-08-06-piarena-agentwatcher/github/user_task_2/important_instructions/injection_task_7.json	12037	1074f9a32a7cb083d3cd87d11b4a0f330f3fb130bcb1139c28e8649fb256ea5d
external/AgentWatcher/agents/agentdyn/src/runs/gpt-4o-2024-08-06-piarena-agentwatcher/github/user_task_2/important_instructions/injection_task_8.json	10956	937da5a1e1aa94447892d2140ff48c04c90ada51d6e5cf195b920622c426bff1
external/AgentWatcher/agents/agentdyn/src/runs/gpt-4o-2024-08-06-piarena-agentwatcher/github/user_task_2/none/none.json	8982	d278f2d87960e4444f567171f2bb9600212590a81b1b9595594fa3f28a086fda
external/AgentWatcher/agents/agentdyn/src/runs/gpt-4o-2024-08-06-piarena-agentwatcher/github/user_task_3/important_instructions/injection_task_0.json	4186	60d0b9554d275b9a3a5da492e3771402f4afb8b49af5a8adede63f030d626b01
external/AgentWatcher/agents/agentdyn/src/runs/gpt-4o-2024-08-06-piarena-agentwatcher/github/user_task_3/important_instructions/injection_task_1.json	4030	359d3a54a2241235b8faaa4c415a7c01c4993b5fda0c7a4eff7a00c54922244a
external/AgentWatcher/agents/agentdyn/src/runs/gpt-4o-2024-08-06-piarena-agentwatcher/github/user_task_3/important_instructions/injection_task_3.json	4216	d06a7ee1a7a116f3c7d7322b27283ff56cfb8015664a78a9bad1ac28ccca49f4
external/AgentWatcher/agents/agentdyn/src/runs/gpt-4o-2024-08-06-piarena-agentwatcher/github/user_task_3/important_instructions/injection_task_4.json	4136	591579cdc51a37774da1b3be5995f9c6eb3426974da3649c142041d08c379b52
external/AgentWatcher/agents/agentdyn/src/runs/gpt-4o-2024-08-06-piarena-agentwatcher/github/user_task_3/important_instructions/injection_task_6.json	4315	2c08fecf7f3e617d81eff660a192011ca830a96dbe718d10f463a2ddc4f2720d
external/AgentWatcher/agents/agentdyn/src/runs/gpt-4o-2024-08-06-piarena-agentwatcher/github/user_task_3/important_instructions/injection_task_8.json	4536	644e7006807e7c5b09440341a7fb6dfc1a2b7484c286c43e11b736a2fa7e9fe2
external/AgentWatcher/agents/agentdyn/src/runs/gpt-4o-2024-08-06-piarena-agentwatcher/github/user_task_3/none/none.json	19249	90357b57a3b3c3962f8dd247a62c65a5169982fee059311529db1339852fe002
external/AgentWatcher/agents/agentdyn/src/runs/gpt-4o-2024-08-06-piarena-agentwatcher/github/user_task_4/important_instructions/injection_task_0.json	3776	e4fa52eb721a0f9d8542e90871f7503cc21af93899429daa08fa19366288d585
external/AgentWatcher/agents/agentdyn/src/runs/gpt-4o-2024-08-06-piarena-agentwatcher/github/user_task_4/important_instructions/injection_task_1.json	3651	74095310bb76ebbd04014e7d0b005d9ea70d287d46ed9806efbb3b5a08b6088b
external/AgentWatcher/agents/agentdyn/src/runs/gpt-4o-2024-08-06-piarena-agentwatcher/github/user_task_4/important_instructions/injection_task_2.json	3743	aa246d0735c2dbbf34fca228edaf703a67c773f1302dfcc96623b59a9da65c87
external/AgentWatcher/agents/agentdyn/src/runs/gpt-4o-2024-08-06-piarena-agentwatcher/github/user_task_4/important_instructions/injection_task_3.json	3799	6e5c1d2a0b68384e776b73f87c12f028dbded5a0198ca6804d9e4a157e2ff6a0
external/AgentWatcher/agents/agentdyn/src/runs/gpt-4o-2024-08-06-piarena-agentwatcher/github/user_task_4/important_instructions/injection_task_4.json	3735	d9790854e17b315b34f4fa693eb23be5ec6cd1738f2db69a9b49c54721d6d55e
external/AgentWatcher/agents/agentdyn/src/runs/gpt-4o-2024-08-06-piarena-agentwatcher/github/user_task_4/important_instructions/injection_task_5.json	3895	c56e3567226e177827e357947958287fd090551fa8e560a6e031694e18b1fdee
external/AgentWatcher/agents/agentdyn/src/runs/gpt-4o-2024-08-06-piarena-agentwatcher/github/user_task_4/important_instructions/injection_task_7.json	3953	0e68c569c2f95af77235d884e9548d28ada01d3a0057125c8396d2f0de60b9ef
external/AgentWatcher/agents/agentdyn/src/runs/gpt-4o-2024-08-06-piarena-agentwatcher/github/user_task_4/important_instructions/injection_task_8.json	4055	ecf02bce26e94b07efb14acd8ac40f2931463c1148173e066bde09b2c2707e9e
external/AgentWatcher/agents/agentdyn/src/runs/gpt-4o-2024-08-06-piarena-agentwatcher/github/user_task_4/none/none.json	2275	2eab688b7e616ae5bc50170fca257e4d2f4aec7ceba48a06e713f43693d38f07
external/AgentWatcher/agents/agentdyn/src/runs/gpt-4o-2024-08-06-piarena-agentwatcher/github/user_task_5/important_instructions/injection_task_0.json	3404	cc7c49ae1bbc5d8abc56677b24cbd2ed3395cf816bae63f36919c4d0a34fb9ca
external/AgentWatcher/agents/agentdyn/src/runs/gpt-4o-2024-08-06-piarena-agentwatcher/github/user_task_5/important_instructions/injection_task_1.json	7812	22faaccea18742ccee0a21ccd26c4eb94750f5996d6ca0205f7e940b4be2b5b1
external/AgentWatcher/agents/agentdyn/src/runs/gpt-4o-2024-08-06-piarena-agentwatcher/github/user_task_5/important_instructions/injection_task_2.json	3380	d093b27043179cb620147dcd3832265cb633a9a55312f46d9ce3ff154f6399e6
external/AgentWatcher/agents/agentdyn/src/runs/gpt-4o-2024-08-06-piarena-agentwatcher/github/user_task_5/important_instructions/injection_task_3.json	3423	fadf03cfd744faa1ee49eb76d71a368a53254d99c1d80d95b71ace19a23ca482
external/AgentWatcher/agents/agentdyn/src/runs/gpt-4o-2024-08-06-piarena-agentwatcher/github/user_task_5/important_instructions/injection_task_4.json	3375	79499ca20deb4b1843417abb99c81d914c2932f55f6a9885cd6a64a6447d0c01
external/AgentWatcher/agents/agentdyn/src/runs/gpt-4o-2024-08-06-piarena-agentwatcher/github/user_task_5/important_instructions/injection_task_5.json	3494	db775ce34a1cd1510e0aa5127c07730c6da166b621dbd03a6d067dd04a002ba0
external/AgentWatcher/agents/agentdyn/src/runs/gpt-4o-2024-08-06-piarena-agentwatcher/github/user_task_5/important_instructions/injection_task_6.json	3483	a154175721d7175967393a297b8582f11be0d594f6049eb1152d83b69d8c2892
external/AgentWatcher/agents/agentdyn/src/runs/gpt-4o-2024-08-06-piarena-agentwatcher/github/user_task_5/important_instructions/injection_task_7.json	3540	03fcfecc1f88c333b90fa91983599f4da3429c987e7222348308908fa725a24c
external/AgentWatcher/agents/agentdyn/src/runs/gpt-4o-2024-08-06-piarena-agentwatcher/github/user_task_5/important_instructions/injection_task_8.json	3615	902fa812e1e687dc4fd6b071b35d9dfb34b134c7e0d5eac079630510bc3df0c1
external/AgentWatcher/agents/agentdyn/src/runs/gpt-4o-2024-08-06-piarena-agentwatcher/github/user_task_5/none/none.json	16559	313975ebe32c3d1c5faac1da3329d8ca9fc1bb6978c3cbf5c880ac74f8c84cab
external/AgentWatcher/agents/agentdyn/src/runs/gpt-4o-2024-08-06-piarena-agentwatcher/github/user_task_6/important_instructions/injection_task_0.json	2805	8a6cf4e61132e2e81fcbf52e1eab9531594b2f5a174e4b6f519199ea5374fdd6
external/AgentWatcher/agents/agentdyn/src/runs/gpt-4o-2024-08-06-piarena-agentwatcher/github/user_task_6/important_instructions/injection_task_1.json	2742	e960e77608fd1ca23b666f96df149f7ff7c9580e67e1bc880adbcbb56e4ace8c
external/AgentWatcher/agents/agentdyn/src/runs/gpt-4o-2024-08-06-piarena-agentwatcher/github/user_task_6/important_instructions/injection_task_2.json	2789	ea1f9a37f690c24a55b699a4ed1bc74a1674eb90973723a82b1349f182f1bc08
external/AgentWatcher/agents/agentdyn/src/runs/gpt-4o-2024-08-06-piarena-agentwatcher/github/user_task_6/important_instructions/injection_task_3.json	2816	2295a4af114c94940e4e5efe6a6055ba08874b488ef459b8c997fd0bbd02a654
external/AgentWatcher/agents/agentdyn/src/runs/gpt-4o-2024-08-06-piarena-agentwatcher/github/user_task_6/important_instructions/injection_task_4.json	2785	993863e10215ad1e7ef5fddee2bc59bbbeb62fadf121957778a98f9e6d4b4f79
external/AgentWatcher/agents/agentdyn/src/runs/gpt-4o-2024-08-06-piarena-agentwatcher/github/user_task_6/important_instructions/injection_task_5.json	2865	1c39fde1313f2bfa1fb8ffd982f67bd80859ecb37a2692c027e1b4a84d0182ce
external/AgentWatcher/agents/agentdyn/src/runs/gpt-4o-2024-08-06-piarena-agentwatcher/github/user_task_6/important_instructions/injection_task_6.json	2856	c59b30908075a905e9b4d9c776ea1f633a0481fcf51b1cc764f163a16d2f6b9e
external/AgentWatcher/agents/agentdyn/src/runs/gpt-4o-2024-08-06-piarena-agentwatcher/github/user_task_6/important_instructions/injection_task_7.json	2895	ddadefe5a7d7ce8ec0d0358e26a68ba336010b70dc85eaf89fc475bbfdec685d
external/AgentWatcher/agents/agentdyn/src/runs/gpt-4o-2024-08-06-piarena-agentwatcher/github/user_task_6/none/none.json	7606	f24d578cd6b1ea9b1b5fd06894488a58925a2955d23665a869d86e33e96f411c
external/AgentWatcher/agents/agentdyn/src/runs/gpt-4o-2024-08-06-piarena-agentwatcher/github/user_task_7/important_instructions/injection_task_0.json	3839	73292c102dd63711a35e38866201ed76036020d470c2732f3f9750af713126b4
external/AgentWatcher/agents/agentdyn/src/runs/gpt-4o-2024-08-06-piarena-agentwatcher/github/user_task_7/important_instructions/injection_task_1.json	3715	d883f5007907a9f28e510de0c163476f0e75abf6ffae244140b7611aa123c516
external/AgentWatcher/agents/agentdyn/src/runs/gpt-4o-2024-08-06-piarena-agentwatcher/github/user_task_7/important_instructions/injection_task_2.json	3808	2821d0c9e9bb0af84ced369fdb0977d97f1d98ca1fc9d25802873063c9e7ef91
external/AgentWatcher/agents/agentdyn/src/runs/gpt-4o-2024-08-06-piarena-agentwatcher/github/user_task_7/important_instructions/injection_task_3.json	3864	f402a7f35fc67c373b933605abcc14ac0bcb4330fd1953ee65f778b3637f14d9
external/AgentWatcher/agents/agentdyn/src/runs/gpt-4o-2024-08-06-piarena-agentwatcher/github/user_task_7/important_instructions/injection_task_4.json	3800	c8d18c0c9dd375044b27da30801f4a572619ffee8f6e2fa9f4eae5383e373f71
external/AgentWatcher/agents/agentdyn/src/runs/gpt-4o-2024-08-06-piarena-agentwatcher/github/user_task_7/important_instructions/injection_task_5.json	3959	b2843c27093a0c7aada1f9df3b685e9520655c4eff4329d95be7ea2fbc18199d
external/AgentWatcher/agents/agentdyn/src/runs/gpt-4o-2024-08-06-piarena-agentwatcher/github/user_task_7/important_instructions/injection_task_6.json	4058	b17b2cb08bd87d25f10e29374d5073c443820cb554149bae64531c3ed0ceaa43
external/AgentWatcher/agents/agentdyn/src/runs/gpt-4o-2024-08-06-piarena-agentwatcher/github/user_task_7/important_instructions/injection_task_7.json	4020	589c86d18e0033fd95bbfc937259210a33bc6350340031dc7398113d4f5ca8b1
external/AgentWatcher/agents/agentdyn/src/runs/gpt-4o-2024-08-06-piarena-agentwatcher/github/user_task_7/important_instructions/injection_task_8.json	4120	f3a4a6abb252423015067e4221669cef4173d3265b4750bc254fdbfd47e65619
external/AgentWatcher/agents/agentdyn/src/runs/gpt-4o-2024-08-06-piarena-agentwatcher/github/user_task_7/none/none.json	9497	ae67ee701b72517268502bfaebb66f458f6c2cf6908df26cb2edc631988a2d04
external/AgentWatcher/agents/agentdyn/src/runs/gpt-4o-2024-08-06-piarena-agentwatcher/github/user_task_8/important_instructions/injection_task_0.json	2908	25def023957f846adbe910d4fa5aebfdb4e99e7c170164c797751d2247efc3be
external/AgentWatcher/agents/agentdyn/src/runs/gpt-4o-2024-08-06-piarena-agentwatcher/github/user_task_8/important_instructions/injection_task_2.json	2779	8cd19edddef5e65a21c940f984a611fde6fc0ab2ee5994fea9982ed20127459d
external/AgentWatcher/agents/agentdyn/src/runs/gpt-4o-2024-08-06-piarena-agentwatcher/github/user_task_8/important_instructions/injection_task_3.json	2920	73942c2663682db806f324ce4d120cda2144aca61ccff1ffe264df0f4a630ce7
external/AgentWatcher/agents/agentdyn/src/runs/gpt-4o-2024-08-06-piarena-agentwatcher/github/user_task_8/important_instructions/injection_task_4.json	2775	78329447bf1b25776291599a35456257fd434c4ee777c30b9e9de7d843f99c4f
external/AgentWatcher/agents/agentdyn/src/runs/gpt-4o-2024-08-06-piarena-agentwatcher/github/user_task_8/important_instructions/injection_task_5.json	2854	eaf0769f2d82b2bd2bd7bf830e6cafe6c8586a6fc93dcf2411f8fece03939e13
external/AgentWatcher/agents/agentdyn/src/runs/gpt-4o-2024-08-06-piarena-agentwatcher/github/user_task_8/important_instructions/injection_task_7.json	2885	c43006c3065ab1ff6dd4f6de38351b23cb306db8559166c85213cdd1b18ff349
external/AgentWatcher/agents/agentdyn/src/runs/gpt-4o-2024-08-06-piarena-agentwatcher/github/user_task_8/important_instructions/injection_task_8.json	2934	f93bb7defb161ecf1845336eeab8263225e28198a2c46eb3609db38b93bd491d
external/AgentWatcher/agents/agentdyn/src/runs/gpt-4o-2024-08-06-piarena-agentwatcher/github/user_task_8/none/none.json	15932	d052dc48767215f5900def8edf337f0c408f2447e19e41752e1e377e254cd27c
external/AgentWatcher/agents/agentdyn/src/runs/gpt-4o-2024-08-06-piarena-agentwatcher/github/user_task_9/important_instructions/injection_task_0.json	2798	9d61af725e59c2b9173c6afacab9c199aea2ecb6a5a6e8304301a1dfe4d6d852
external/AgentWatcher/agents/agentdyn/src/runs/gpt-4o-2024-08-06-piarena-agentwatcher/github/user_task_9/important_instructions/injection_task_1.json	2737	013a01f2c1fd371a8fc0064f881fe9b6efeb0dffa554a949ea49591af5e0f2d6
external/AgentWatcher/agents/agentdyn/src/runs/gpt-4o-2024-08-06-piarena-agentwatcher/github/user_task_9/important_instructions/injection_task_2.json	2783	40d13035aafd04878071acdc9722055df1aaf49131c84738bbe345d182b5b758
external/AgentWatcher/agents/agentdyn/src/runs/gpt-4o-2024-08-06-piarena-agentwatcher/github/user_task_9/important_instructions/injection_task_3.json	2810	c3b50965c84b25937ba392678cf3e7a442d4e90e8f3e4e24b051a5103442f44c
external/AgentWatcher/agents/agentdyn/src/runs/gpt-4o-2024-08-06-piarena-agentwatcher/github/user_task_9/important_instructions/injection_task_6.json	4862	5d464fa00aca218c929ad5280545a04077ba1317f2916fcc4881eda760190b61
external/AgentWatcher/agents/agentdyn/src/runs/gpt-4o-2024-08-06-piarena-agentwatcher/github/user_task_9/important_instructions/injection_task_7.json	2888	225d67e0bf5a29bff111f931632e55e3c9f9263aac2832d4b3ec734954cbc84d
external/AgentWatcher/agents/agentdyn/src/runs/gpt-4o-2024-08-06-piarena-agentwatcher/github/user_task_9/important_instructions/injection_task_8.json	2939	aa8b70015ace2ad0e58cd4da164f5fb5b6da802804d6060987b32e86c9544254
external/AgentWatcher/agents/agentdyn/src/runs/gpt-4o-2024-08-06-piarena-agentwatcher/github/user_task_9/none/none.json	4736	50e933f9cb9afcda5ac7564d97491785589673460143667f5cb892e191ac5ecc
external/AgentWatcher/agents/agentdyn/src/runs/gpt-4o-2024-08-06-piarena-agentwatcher/shopping/injection_task_0/none/none.json	6327	c96c329c8ed2f60640499382f771e96923414db448f3ded447bd1592163b9362
external/AgentWatcher/agents/agentdyn/src/runs/gpt-4o-2024-08-06-piarena-agentwatcher/shopping/injection_task_1/none/none.json	4036	66d9f9c2a22358289389a66aac28422b900e2d6539e2ae575223423f18d35161
external/AgentWatcher/agents/agentdyn/src/runs/gpt-4o-2024-08-06-piarena-agentwatcher/shopping/injection_task_2/none/none.json	2199	dd3b106bea296d0063d5ea33ed45fa10a19a11c0508d209bdb6c65c48aecbdc3
external/AgentWatcher/agents/agentdyn/src/runs/gpt-4o-2024-08-06-piarena-agentwatcher/shopping/injection_task_3/none/none.json	4579	a4a819c6f01431e5512a2083124612b2cf7f2a42622b384be959a1217f75adfd
external/AgentWatcher/agents/agentdyn/src/runs/gpt-4o-2024-08-06-piarena-agentwatcher/shopping/injection_task_4/none/none.json	3910	299889ab1260ab0bcb55f91d13c5ad7850338b9b13c4c825aa761de71d9d03bf
external/AgentWatcher/agents/agentdyn/src/runs/gpt-4o-2024-08-06-piarena-agentwatcher/shopping/injection_task_5/none/none.json	10922	604ef938efd325c43823db4eaf5f6f36e6de5d03a55b9caf4f84bb573bf1e572
external/AgentWatcher/agents/agentdyn/src/runs/gpt-4o-2024-08-06-piarena-agentwatcher/shopping/injection_task_6/none/none.json	6137	eb476bb5f8f32ed2e348f98ddcfe6ec0236090d92942038378510b064917bfde
external/AgentWatcher/agents/agentdyn/src/runs/gpt-4o-2024-08-06-piarena-agentwatcher/shopping/injection_task_7/none/none.json	4481	f070d998f5138f3539aa5e0de8c10cc3b6a7098bc528e33071ce54dcb67a53dc
external/AgentWatcher/agents/agentdyn/src/runs/gpt-4o-2024-08-06-piarena-agentwatcher/shopping/injection_task_8/none/none.json	6332	cd27d3c7337f3e0ce41383832f0baf03e397fe3e80377ee7eb82560bb8780679
external/AgentWatcher/agents/agentdyn/src/runs/gpt-4o-2024-08-06-piarena-agentwatcher/shopping/user_task_0/important_instructions/injection_task_0.json	2719	10433ef1fc06c5f7fec4a9f6155018f8126e1ca73ac3ea9aecc7a8305b417275
external/AgentWatcher/agents/agentdyn/src/runs/gpt-4o-2024-08-06-piarena-agentwatcher/shopping/user_task_0/important_instructions/injection_task_1.json	2772	863a338c88580bc8a7aab515fd3543f2c20f25ac143284e82bd311c3a3c21d5a
external/AgentWatcher/agents/agentdyn/src/runs/gpt-4o-2024-08-06-piarena-agentwatcher/shopping/user_task_0/important_instructions/injection_task_2.json	2716	0cc3567e127f0d0186b0e900eb3adae3b1df612aca83da93faeb08becae016f4
external/AgentWatcher/agents/agentdyn/src/runs/gpt-4o-2024-08-06-piarena-agentwatcher/shopping/user_task_0/important_instructions/injection_task_3.json	2805	b52062affcd621c4fc67bea1ba5d572c2ed1107a7331fb99ce7ab493ded41719
external/AgentWatcher/agents/agentdyn/src/runs/gpt-4o-2024-08-06-piarena-agentwatcher/shopping/user_task_0/important_instructions/injection_task_4.json	2694	13466b43ddd8c36eb9d2486a723b750cf2fda747fe574ec438340573aed7223d
external/AgentWatcher/agents/agentdyn/src/runs/gpt-4o-2024-08-06-piarena-agentwatcher/shopping/user_task_0/important_instructions/injection_task_5.json	2692	8ae20e6c2132032e3df95f38f3fc53c2548f182fd484c04da30c38163109fead
external/AgentWatcher/agents/agentdyn/src/runs/gpt-4o-2024-08-06-piarena-agentwatcher/shopping/user_task_0/important_instructions/injection_task_6.json	2678	bf9c2cf52c134c48da1207ae2581e469bb18c6d0a7ce453469bb854589f4a3cc
external/AgentWatcher/agents/agentdyn/src/runs/gpt-4o-2024-08-06-piarena-agentwatcher/shopping/user_task_0/important_instructions/injection_task_7.json	2775	84ec3414fc42227f8d3b4728e09512064dfea2340985d6c9fe0b51a97adb6b24
external/AgentWatcher/agents/agentdyn/src/runs/gpt-4o-2024-08-06-piarena-agentwatcher/shopping/user_task_0/important_instructions/injection_task_8.json	2685	03a310aba3c31e22e75d7d9fc59887269e03920d2cae4f279416b5cae83027c6
external/AgentWatcher/agents/agentdyn/src/runs/gpt-4o-2024-08-06-piarena-agentwatcher/shopping/user_task_0/none/none.json	10843	fdb29f794992725e0fd6ed05ee7ddc1e511250811e44bb37c861f6123bfefc59
external/AgentWatcher/agents/agentdyn/src/runs/gpt-4o-2024-08-06-piarena-agentwatcher/shopping/user_task_1/important_instructions/injection_task_0.json	2415	47f0b468c1ed4f535cc1699c107eba64470a59e2bdacda1ed8e38dd2e3fdd81b
external/AgentWatcher/agents/agentdyn/src/runs/gpt-4o-2024-08-06-piarena-agentwatcher/shopping/user_task_1/important_instructions/injection_task_1.json	2443	7fd8fac8904b09efeb6e4565399c262110b254eaa00a841b387eb83dcf6dc86c
external/AgentWatcher/agents/agentdyn/src/runs/gpt-4o-2024-08-06-piarena-agentwatcher/shopping/user_task_1/important_instructions/injection_task_2.json	2414	201f80609fbfc948ffd981e5e9aaaa48f2894ff96a18c6a1f912fd4c6635cc79
external/AgentWatcher/agents/agentdyn/src/runs/gpt-4o-2024-08-06-piarena-agentwatcher/shopping/user_task_1/important_instructions/injection_task_3.json	2459	30d4f9164cd7e29649f37c527561fe8fd7f35f9ed0f98f5abfb85b78131fcdb6
external/AgentWatcher/agents/agentdyn/src/runs/gpt-4o-2024-08-06-piarena-agentwatcher/shopping/user_task_1/important_instructions/injection_task_4.json	2402	924a950ca09ab7dd28c7178362881baeaa039667c248a7d4bedb7b6fb957df63
external/AgentWatcher/agents/agentdyn/src/runs/gpt-4o-2024-08-06-piarena-agentwatcher/shopping/user_task_1/important_instructions/injection_task_5.json	2400	4dd65751dff72207ea0019821acb536195c3457f5f866e28f70834cd60d2882c
external/AgentWatcher/agents/agentdyn/src/runs/gpt-4o-2024-08-06-piarena-agentwatcher/shopping/user_task_1/important_instructions/injection_task_6.json	2394	78ea41cc894fc6ee736eb3b77b994d88de7380bcdfe3b9683ee22a6ea1c97cc2
external/AgentWatcher/agents/agentdyn/src/runs/gpt-4o-2024-08-06-piarena-agentwatcher/shopping/user_task_1/important_instructions/injection_task_7.json	2443	bec83f3c504d2cba5abffaf2981c89533c0939b17a7495c5390f91a4804ee04d
external/AgentWatcher/agents/agentdyn/src/runs/gpt-4o-2024-08-06-piarena-agentwatcher/shopping/user_task_1/important_instructions/injection_task_8.json	2399	265435317da5f441cb2f0eb5103d93a3270e44332e4c11935c000b2960231f72
external/AgentWatcher/agents/agentdyn/src/runs/gpt-4o-2024-08-06-piarena-agentwatcher/shopping/user_task_1/none/none.json	6310	c908343bf33e566f033cac3cf65209ec667f6094c4c80d7c008c6963e942dfeb
external/AgentWatcher/agents/agentdyn/src/runs/gpt-4o-2024-08-06-piarena-agentwatcher/shopping/user_task_10/important_instructions/injection_task_1.json	3313	59f652341a1e02233c41bb6242cd303941209a07675eec6a729dd7428dbf4876
external/AgentWatcher/agents/agentdyn/src/runs/gpt-4o-2024-08-06-piarena-agentwatcher/shopping/user_task_10/important_instructions/injection_task_3.json	3360	2a145fb1712dcfa6f7dd71df48d637da229e3e212eedd7312ff22b459d782c68
external/AgentWatcher/agents/agentdyn/src/runs/gpt-4o-2024-08-06-piarena-agentwatcher/shopping/user_task_10/important_instructions/injection_task_4.json	3193	73c790757c76c2f9776ab6c4636d08acae015e5f4d3395d88c2b438b6bc2243c
external/AgentWatcher/agents/agentdyn/src/runs/gpt-4o-2024-08-06-piarena-agentwatcher/shopping/user_task_10/important_instructions/injection_task_5.json	3190	75e3af6eb7ffafe4d289f3b04196f4c2372164a771138c70dec6914be0a732b7
external/AgentWatcher/agents/agentdyn/src/runs/gpt-4o-2024-08-06-piarena-agentwatcher/shopping/user_task_10/important_instructions/injection_task_7.json	3316	9db73f82dbc34e77ae2e6686b9ce71f09ee98e7a32c9e24771c54777efe49c4c
external/AgentWatcher/agents/agentdyn/src/runs/gpt-4o-2024-08-06-piarena-agentwatcher/shopping/user_task_10/important_instructions/injection_task_8.json	3179	1e98be14f0055c0ced00a08ef8cf0b5078211096681d5948dcdacee6479c3147
external/AgentWatcher/agents/agentdyn/src/runs/gpt-4o-2024-08-06-piarena-agentwatcher/shopping/user_task_10/none/none.json	18150	feb9b9102b78a4be8ce0955aafbb5c506203e62da1e86378b0bc008e4b233963
external/AgentWatcher/agents/agentdyn/src/runs/gpt-4o-2024-08-06-piarena-agentwatcher/shopping/user_task_11/important_instructions/injection_task_0.json	3695	6e0443298775fb22e914f4592cb022dac1ad74674ddc7d9c5ddf9292230d61cf
external/AgentWatcher/agents/agentdyn/src/runs/gpt-4o-2024-08-06-piarena-agentwatcher/shopping/user_task_11/important_instructions/injection_task_1.json	3803	dae7866afa169ce21bb40c166109257baacc8e27a36cab836cb167dc4363f6ad
external/AgentWatcher/agents/agentdyn/src/runs/gpt-4o-2024-08-06-piarena-agentwatcher/shopping/user_task_11/important_instructions/injection_task_2.json	3686	25576b26fa04693854f9ab0e058d4164cbb4eebac763ac43a851f8519db4331e
external/AgentWatcher/agents/agentdyn/src/runs/gpt-4o-2024-08-06-piarena-agentwatcher/shopping/user_task_11/important_instructions/injection_task_3.json	3867	6f2f15cabfbc0aed804d4e1e37b383bb61dd5fb2dec12ee45046974b27d86d98
external/AgentWatcher/agents/agentdyn/src/runs/gpt-4o-2024-08-06-piarena-agentwatcher/shopping/user_task_11/important_instructions/injection_task_4.json	3642	0c871c2ee2e81d1b5ddb7fd849987c2b18514d8c51346676c27226ed4e397d78
external/AgentWatcher/agents/agentdyn/src/runs/gpt-4o-2024-08-06-piarena-agentwatcher/shopping/user_task_11/important_instructions/injection_task_5.json	3639	18a638169fd939e2e81fc4d7b26bf9cdd7415f57b0d80ca5cf9dd3ed3638ea7e
external/AgentWatcher/agents/agentdyn/src/runs/gpt-4o-2024-08-06-piarena-agentwatcher/shopping/user_task_11/important_instructions/injection_task_6.json	3610	9c55ad4bee58337e9a2b9b14ccd6d5ed65f9bfdfbd8465b8c1ecf2cc73688e11
external/AgentWatcher/agents/agentdyn/src/runs/gpt-4o-2024-08-06-piarena-agentwatcher/shopping/user_task_11/important_instructions/injection_task_8.json	3626	11c3e63737015b326f805d65bd5917b67d0a945ec5c3f2a4a28a171f94671cd9
external/AgentWatcher/agents/agentdyn/src/runs/gpt-4o-2024-08-06-piarena-agentwatcher/shopping/user_task_11/none/none.json	12272	92e63c4719a2bdebf28578c17a1eb0f1de28592e90d644201dd5ae57ed3fa6d6
external/AgentWatcher/agents/agentdyn/src/runs/gpt-4o-2024-08-06-piarena-agentwatcher/shopping/user_task_12/important_instructions/injection_task_0.json	6018	f7634293a96de2615804a518c2f4ad00a05defcd6654cb5821ecc53d14002d30
external/AgentWatcher/agents/agentdyn/src/runs/gpt-4o-2024-08-06-piarena-agentwatcher/shopping/user_task_12/important_instructions/injection_task_1.json	8925	3bf78daf6b209dbf727c5da1611bc60e4e8b77130ee799ff425890465ec0cf16
external/AgentWatcher/agents/agentdyn/src/runs/gpt-4o-2024-08-06-piarena-agentwatcher/shopping/user_task_12/important_instructions/injection_task_2.json	3213	8928d1a34ecb3c9d8fcee8e013996e453e375be789ad18075c0fc4cbbedd3b7f
external/AgentWatcher/agents/agentdyn/src/runs/gpt-4o-2024-08-06-piarena-agentwatcher/shopping/user_task_12/important_instructions/injection_task_3.json	6143	37459ff95276cd1e8b12bffd8bf069f530dc30666ac18ffc2c22f95114d96608
external/AgentWatcher/agents/agentdyn/src/runs/gpt-4o-2024-08-06-piarena-agentwatcher/shopping/user_task_12/important_instructions/injection_task_4.json	8691	d189791bb2c03e6863e584e898281a39c17db8ce71e3de6d79bb95853121e428
external/AgentWatcher/agents/agentdyn/src/runs/gpt-4o-2024-08-06-piarena-agentwatcher/shopping/user_task_12/important_instructions/injection_task_5.json	3177	97305f781cf13fe847de4ecfcb1094bdb9783122cc7811359a3c361e2b890d22
external/AgentWatcher/agents/agentdyn/src/runs/gpt-4o-2024-08-06-piarena-agentwatcher/shopping/user_task_12/important_instructions/injection_task_6.json	8614	e7746f721e59ce1a2cc93bc9d9028ea8808e889671ab52f4e6e99d4d1e73969d
external/AgentWatcher/agents/agentdyn/src/runs/gpt-4o-2024-08-06-piarena-agentwatcher/shopping/user_task_12/important_instructions/injection_task_7.json	8870	abadcbad416ad9b597da6a40633911bf8339f41d865e42814c04e57fab58222d
external/AgentWatcher/agents/agentdyn/src/runs/gpt-4o-2024-08-06-piarena-agentwatcher/shopping/user_task_12/important_instructions/injection_task_8.json	3167	a12c6eca2b7b69de0b7b80c393a3a6cc46f929650c6384f4dc259a0d78adb74f
external/AgentWatcher/agents/agentdyn/src/runs/gpt-4o-2024-08-06-piarena-agentwatcher/shopping/user_task_12/none/none.json	4949	387b4e28e170a5ed82e8440f0f53d617636b0ff3b082b12d0aada5fbd2efab29
external/AgentWatcher/agents/agentdyn/src/runs/gpt-4o-2024-08-06-piarena-agentwatcher/shopping/user_task_13/important_instructions/injection_task_0.json	14946	1e9805ae5f574bcb5d67d4bf1ad7f48a7eebf171f4cc995370431df288bfc661
external/AgentWatcher/agents/agentdyn/src/runs/gpt-4o-2024-08-06-piarena-agentwatcher/shopping/user_task_13/important_instructions/injection_task_2.json	14942	4e45c9f9644830db4c39d7fffb6c450d9377bc8ec890bc181fab6f7bfc2e2c24
external/AgentWatcher/agents/agentdyn/src/runs/gpt-4o-2024-08-06-piarena-agentwatcher/shopping/user_task_13/important_instructions/injection_task_3.json	15099	fcaf6855cd88b380bb13c5767893915240f95251e4f5f278978b05df591c9926
external/AgentWatcher/agents/agentdyn/src/runs/gpt-4o-2024-08-06-piarena-agentwatcher/shopping/user_task_13/important_instructions/injection_task_4.json	3041	b1488cef53b4dde9818c0573471b00571bec205fd50687dd1b333624db60d533
external/AgentWatcher/agents/agentdyn/src/runs/gpt-4o-2024-08-06-piarena-agentwatcher/shopping/user_task_13/important_instructions/injection_task_5.json	3039	b68266d5ba872cde7b98b09b6c6efc17fa7c5ff683c869b4db871c491791403b
external/AgentWatcher/agents/agentdyn/src/runs/gpt-4o-2024-08-06-piarena-agentwatcher/shopping/user_task_13/important_instructions/injection_task_6.json	3025	7448497d225f4506aaf7e7bb515b9f5cdccf2c3274d8e7ba35a8af9f15c1575a
external/AgentWatcher/agents/agentdyn/src/runs/gpt-4o-2024-08-06-piarena-agentwatcher/shopping/user_task_13/important_instructions/injection_task_7.json	15042	d9789bb3b6847200fd89fff2ee42ff498f4e5797546c16bff9cb7573199341b2
external/AgentWatcher/agents/agentdyn/src/runs/gpt-4o-2024-08-06-piarena-agentwatcher/shopping/user_task_13/important_instructions/injection_task_8.json	3033	804a3debe462c64dc4d5c3ee86ad68d849ddc3fb7a7a9d7daab5d0d224006a79
external/AgentWatcher/agents/agentdyn/src/runs/gpt-4o-2024-08-06-piarena-agentwatcher/shopping/user_task_13/none/none.json	13631	c2c719699c67fbae6ff32b2706a38a3b8b0c273d9bc9b694ddc7a626754862cc
external/AgentWatcher/agents/agentdyn/src/runs/gpt-4o-2024-08-06-piarena-agentwatcher/shopping/user_task_14/important_instructions/injection_task_0.json	3073	8071d6ca10d8415f8d75a8bdacdca0eeb63f511db969a85b95e9baf36ee30ce3
external/AgentWatcher/agents/agentdyn/src/runs/gpt-4o-2024-08-06-piarena-agentwatcher/shopping/user_task_14/important_instructions/injection_task_1.json	3126	68a23044ef32cb302c10305ee4a53cf22a4ea523a37da3c9ed86b3fb1d7b4d51
external/AgentWatcher/agents/agentdyn/src/runs/gpt-4o-2024-08-06-piarena-agentwatcher/shopping/user_task_14/important_instructions/injection_task_2.json	3069	dd410f6e28d4d6d406db45511540d2c1d0452a0622d1e41caffffe149094beed
external/AgentWatcher/agents/agentdyn/src/runs/gpt-4o-2024-08-06-piarena-agentwatcher/shopping/user_task_14/important_instructions/injection_task_3.json	3160	0ec9513db823f63c40db11224bfccf4df6fa726dd592b3fab486e78f16221dbd
external/AgentWatcher/agents/agentdyn/src/runs/gpt-4o-2024-08-06-piarena-agentwatcher/shopping/user_task_14/important_instructions/injection_task_4.json	3048	006a95c8554359a3b835977d2aa632374833866d7514dda6dd3991e77e3f4169
external/AgentWatcher/agents/agentdyn/src/runs/gpt-4o-2024-08-06-piarena-agentwatcher/shopping/user_task_14/important_instructions/injection_task_5.json	3045	dca64a4614e35d298b5017d121337b71b07dff51f95011d1de7872dee103a2df
external/AgentWatcher/agents/agentdyn/src/runs/gpt-4o-2024-08-06-piarena-agentwatcher/shopping/user_task_14/important_instructions/injection_task_6.json	3032	2baf9c9a2587c015db3ea3332db328bb01e3a61d00eb1184a462ae4b8cc08430
external/AgentWatcher/agents/agentdyn/src/runs/gpt-4o-2024-08-06-piarena-agentwatcher/shopping/user_task_14/important_instructions/injection_task_7.json	3128	8229a8c88596b929ac5d856b28e3b55924f3f5292a70f1cb9e8751e9dbf97850
external/AgentWatcher/agents/agentdyn/src/runs/gpt-4o-2024-08-06-piarena-agentwatcher/shopping/user_task_14/important_instructions/injection_task_8.json	3040	e42fea8fdca686dc3ce4796116ff02f57729e9af6a4d9caa81be8a93df7a4656
external/AgentWatcher/agents/agentdyn/src/runs/gpt-4o-2024-08-06-piarena-agentwatcher/shopping/user_task_14/none/none.json	13160	117fb66cb7c76d853a505523fdfc7372e5376dfeb274e0e2c3a0ef3dc5857971
external/AgentWatcher/agents/agentdyn/src/runs/gpt-4o-2024-08-06-piarena-agentwatcher/shopping/user_task_15/important_instructions/injection_task_0.json	11500	3a434dc1a2b3f235714551029f4e51e4fe6a7abd0a9034bd9e64383cadf70142
external/AgentWatcher/agents/agentdyn/src/runs/gpt-4o-2024-08-06-piarena-agentwatcher/shopping/user_task_15/important_instructions/injection_task_1.json	11586	20dd1bb9e55f8800972c02bbc5612ae93b81a7f1571d7e06ab976051a488898f
external/AgentWatcher/agents/agentdyn/src/runs/gpt-4o-2024-08-06-piarena-agentwatcher/shopping/user_task_15/important_instructions/injection_task_2.json	11494	8a7c7973796d58532edb325c665ca46848c38c5c897e550c802b99e3044cee12
external/AgentWatcher/agents/agentdyn/src/runs/gpt-4o-2024-08-06-piarena-agentwatcher/shopping/user_task_15/important_instructions/injection_task_3.json	11635	d4d23f6057e0359c387a673ae56536cb54b6f5e52e1207f6ba0f86762cd0da02
external/AgentWatcher/agents/agentdyn/src/runs/gpt-4o-2024-08-06-piarena-agentwatcher/shopping/user_task_15/important_instructions/injection_task_4.json	11460	71005dbec2c78f1ff98878aba42e40373f1f7b61969017e2ff944e4db71e2b44
external/AgentWatcher/agents/agentdyn/src/runs/gpt-4o-2024-08-06-piarena-agentwatcher/shopping/user_task_15/important_instructions/injection_task_5.json	3224	bf06750f94e06f26598c5b6dbed3ae90a4928e80f31780122a9a5c9d6bb339d7
external/AgentWatcher/agents/agentdyn/src/runs/gpt-4o-2024-08-06-piarena-agentwatcher/shopping/user_task_15/important_instructions/injection_task_6.json	11437	528139723c441608d621faeed8fa48bba91b908a91ee93352b1f7e3ac1f4f80f
external/AgentWatcher/agents/agentdyn/src/runs/gpt-4o-2024-08-06-piarena-agentwatcher/shopping/user_task_15/important_instructions/injection_task_7.json	11590	9ab4fc279c1755d253bac3d294a66731997a6123d490adc6d65c895d82332ab4
external/AgentWatcher/agents/agentdyn/src/runs/gpt-4o-2024-08-06-piarena-agentwatcher/shopping/user_task_15/important_instructions/injection_task_8.json	3218	61cc7afe01483185852519aabaf18b1d4436a43fadfd8f2399a61cd68aafc6a4
external/AgentWatcher/agents/agentdyn/src/runs/gpt-4o-2024-08-06-piarena-agentwatcher/shopping/user_task_15/none/none.json	10187	a73be39010444380898daa3f28c875e73120c56f01a1a5f76d88c4103b5afbc2
external/AgentWatcher/agents/agentdyn/src/runs/gpt-4o-2024-08-06-piarena-agentwatcher/shopping/user_task_16/important_instructions/injection_task_0.json	3187	f9a3a2a7a6e8236fdc45f673fc3a955c410ace4665e5483c2f9f2193f5aa8bbe
external/AgentWatcher/agents/agentdyn/src/runs/gpt-4o-2024-08-06-piarena-agentwatcher/shopping/user_task_16/important_instructions/injection_task_1.json	3469	ce72ef112aa283b76b3c03e22d5c9864bf65be37e38d558a0c4ce1b5aa29973a
external/AgentWatcher/agents/agentdyn/src/runs/gpt-4o-2024-08-06-piarena-agentwatcher/shopping/user_task_16/important_instructions/injection_task_2.json	3298	7ad65d038f934d7437a38e7ff7ed18da4054ddc34d7ea7b5d07a4fa2445230d0
external/AgentWatcher/agents/agentdyn/src/runs/gpt-4o-2024-08-06-piarena-agentwatcher/shopping/user_task_16/important_instructions/injection_task_4.json	3276	1f87dfc9bef54221647eaed10b6a1ccd032ddff33bc4f6d659bc0e23fdbdbec8
external/AgentWatcher/agents/agentdyn/src/runs/gpt-4o-2024-08-06-piarena-agentwatcher/shopping/user_task_16/important_instructions/injection_task_5.json	3159	e8a713312a92bbb20bcda6646cdd86fa2db818e0029a1ce57d1c3c6f7a0ef7e2
external/AgentWatcher/agents/agentdyn/src/runs/gpt-4o-2024-08-06-piarena-agentwatcher/shopping/user_task_16/important_instructions/injection_task_6.json	3145	881212d5fa599f5b2b3e9cc4adb08bc078331bb2af63e66d8a04588e941d71af
external/AgentWatcher/agents/agentdyn/src/runs/gpt-4o-2024-08-06-piarena-agentwatcher/shopping/user_task_16/important_instructions/injection_task_8.json	3153	2fc7807497509a3c5a8f0e286624342d43c558cb30713152b17f3dcfeaf33c9c
external/AgentWatcher/agents/agentdyn/src/runs/gpt-4o-2024-08-06-piarena-agentwatcher/shopping/user_task_16/none/none.json	19885	f04d6ff4f19fbfaf775eb591ba8cf9060c9c4e52d0c38e4fecbb94a24d984691
external/AgentWatcher/agents/agentdyn/src/runs/gpt-4o-2024-08-06-piarena-agentwatcher/shopping/user_task_17/important_instructions/injection_task_1.json	3493	5c449cc9452d70d479b1910f354bb9163e3d3ae50f4e8216039e7018c2b43db7
external/AgentWatcher/agents/agentdyn/src/runs/gpt-4o-2024-08-06-piarena-agentwatcher/shopping/user_task_17/important_instructions/injection_task_2.json	3862	3a45e96db5be3c61333375c01e2850cbb22f3e92662a54bbe3a9576221f1ed69
external/AgentWatcher/agents/agentdyn/src/runs/gpt-4o-2024-08-06-piarena-agentwatcher/shopping/user_task_17/important_instructions/injection_task_3.json	3540	e073888d84b0845ff59653bbfb2f8c3dee25ba946d2bd41e42063380aca89e82
external/AgentWatcher/agents/agentdyn/src/runs/gpt-4o-2024-08-06-piarena-agentwatcher/shopping/user_task_17/important_instructions/injection_task_4.json	3372	56a6db3191f7f72ea3c6597857c4e47180b7cc83d43de23810aa3bffbe9dce18
external/AgentWatcher/agents/agentdyn/src/runs/gpt-4o-2024-08-06-piarena-agentwatcher/shopping/user_task_17/important_instructions/injection_task_5.json	24518	f0382021ea1d774f59bfa4ef330101bb661168ce20eea268e2176fedd4cd451a
external/AgentWatcher/agents/agentdyn/src/runs/gpt-4o-2024-08-06-piarena-agentwatcher/shopping/user_task_17/important_instructions/injection_task_6.json	3805	ffe254c3a8702350d61ca34995f636b80a7520fe3e0d46645490eb76ef16b148
external/AgentWatcher/agents/agentdyn/src/runs/gpt-4o-2024-08-06-piarena-agentwatcher/shopping/user_task_17/important_instructions/injection_task_8.json	3473	a5add925af3f1921ff4f24b8757eccf39f521452a7d39c0ad15535e5108e2597
external/AgentWatcher/agents/agentdyn/src/runs/gpt-4o-2024-08-06-piarena-agentwatcher/shopping/user_task_17/none/none.json	23930	a0b9759484f7dc453c064d32ecdb51da6f1f287b0370fa1bfef8338ecfe018eb
external/AgentWatcher/agents/agentdyn/src/runs/gpt-4o-2024-08-06-piarena-agentwatcher/shopping/user_task_18/important_instructions/injection_task_1.json	4075	c991c2dc20aeb0a625dbd1561c4f4bfbb75b6ebbc6b64331d620c94f01810bc4
external/AgentWatcher/agents/agentdyn/src/runs/gpt-4o-2024-08-06-piarena-agentwatcher/shopping/user_task_18/important_instructions/injection_task_2.json	3874	0e53543c742dc59fdc21470bfbe16bdf809678e598ddb7e7fa82ce96d9f48a7d
external/AgentWatcher/agents/agentdyn/src/runs/gpt-4o-2024-08-06-piarena-agentwatcher/shopping/user_task_18/important_instructions/injection_task_3.json	4237	ff4371ec352362c3bc0e1e0048748cea9baee92f1f66dbaae9a2648b702b0e2c
external/AgentWatcher/agents/agentdyn/src/runs/gpt-4o-2024-08-06-piarena-agentwatcher/shopping/user_task_18/important_instructions/injection_task_4.json	4070	8321c70fe7c6633e4a92d060f96ece00e778beb9cefc9d63fafe78a363f36a3c
external/AgentWatcher/agents/agentdyn/src/runs/gpt-4o-2024-08-06-piarena-agentwatcher/shopping/user_task_18/important_instructions/injection_task_5.json	3953	d71d0f4060f16e4b0e9962709bb3b76f2996b5f952256e003781f0f79972dcde
external/AgentWatcher/agents/agentdyn/src/runs/gpt-4o-2024-08-06-piarena-agentwatcher/shopping/user_task_18/important_instructions/injection_task_6.json	3932	ab0339d450256595d08b395802d6a58b1a17fc5ad4bc86ea711cba946b73a32e
external/AgentWatcher/agents/agentdyn/src/runs/gpt-4o-2024-08-06-piarena-agentwatcher/shopping/user_task_18/important_instructions/injection_task_7.json	3965	b42377665e2c8c04be45e04b3e8e0509e5c1581c7b4ca0a6949a9dc906561d4b
external/AgentWatcher/agents/agentdyn/src/runs/gpt-4o-2024-08-06-piarena-agentwatcher/shopping/user_task_18/important_instructions/injection_task_8.json	3830	f0da3ae583d4da3d1e962851d615ce468b3fdf7fb4f954fd882ca5af57cf5766
external/AgentWatcher/agents/agentdyn/src/runs/gpt-4o-2024-08-06-piarena-agentwatcher/shopping/user_task_18/none/none.json	22672	d243d45922c9dee076972f3072d2ba5999340f8f4c4cd6bb70ad921d628f0690
external/AgentWatcher/agents/agentdyn/src/runs/gpt-4o-2024-08-06-piarena-agentwatcher/shopping/user_task_19/important_instructions/injection_task_0.json	10261	065524a96004238606ee12f05ab6e47c64351ace068337045921c41c376174bb
external/AgentWatcher/agents/agentdyn/src/runs/gpt-4o-2024-08-06-piarena-agentwatcher/shopping/user_task_19/important_instructions/injection_task_1.json	2599	ee6387c264f7bdb736c022a3e0e8caa597f2d9d925ba8884bce77a574fabf256
external/AgentWatcher/agents/agentdyn/src/runs/gpt-4o-2024-08-06-piarena-agentwatcher/shopping/user_task_19/important_instructions/injection_task_2.json	10267	4fa837650a01ebcd5a3a36a3e2541924bd6f585db63c92f00f3a4d930ef6691f
external/AgentWatcher/agents/agentdyn/src/runs/gpt-4o-2024-08-06-piarena-agentwatcher/shopping/user_task_19/important_instructions/injection_task_3.json	2615	6e8fc89a871ba074c1882bca3b01ec6aec688e260bd416e792d4483e268d1b40
external/AgentWatcher/agents/agentdyn/src/runs/gpt-4o-2024-08-06-piarena-agentwatcher/shopping/user_task_19/important_instructions/injection_task_7.json	9000	4a1ce8ae8c5f9ad8a8ca0d8c95871c42dfee30954f0cfa575dc194d0009febd5
external/AgentWatcher/agents/agentdyn/src/runs/gpt-4o-2024-08-06-piarena-agentwatcher/shopping/user_task_19/important_instructions/injection_task_8.json	8899	97be3193f24d709697ddb7dc34e4f7bcb7b3d9b76e38f83e18d6411983cc393e
external/AgentWatcher/agents/agentdyn/src/runs/gpt-4o-2024-08-06-piarena-agentwatcher/shopping/user_task_19/none/none.json	9377	c83d9b6eba910c25278313633f8b860c90f8ed221db82bb5006746e42ee7f859
external/AgentWatcher/agents/agentdyn/src/runs/gpt-4o-2024-08-06-piarena-agentwatcher/shopping/user_task_2/important_instructions/injection_task_0.json	3191	a296e432f7a857a21bd6349be8c0eaeff0a3237fee29826b3f9d2ad1d5b8ca88
external/AgentWatcher/agents/agentdyn/src/runs/gpt-4o-2024-08-06-piarena-agentwatcher/shopping/user_task_2/important_instructions/injection_task_1.json	3271	30e07d1c8a1ac8ac2bcb2514f8bc7039e54f05f8c9aa2212ec3ed87c934e7d67
external/AgentWatcher/agents/agentdyn/src/runs/gpt-4o-2024-08-06-piarena-agentwatcher/shopping/user_task_2/important_instructions/injection_task_2.json	3184	82299c6776c595cce0f4637bc6042dc2bd6e79f3c5e660c108165852e7a961ae
external/AgentWatcher/agents/agentdyn/src/runs/gpt-4o-2024-08-06-piarena-agentwatcher/shopping/user_task_2/important_instructions/injection_task_4.json	3150	760b8523d5328cdbda998c71671e19a632d60d8bdca05b1721d39bb642b23dfb
external/AgentWatcher/agents/agentdyn/src/runs/gpt-4o-2024-08-06-piarena-agentwatcher/shopping/user_task_2/important_instructions/injection_task_5.json	3149	854a08a837d02e9a733c7e19f95c0d46f685738e814bc03fa7f6e954a2eac58c
external/AgentWatcher/agents/agentdyn/src/runs/gpt-4o-2024-08-06-piarena-agentwatcher/shopping/user_task_2/important_instructions/injection_task_6.json	3128	6c7f064678852ea9b6715f328df37b8e9145800a9b8768c685d69747afdeed62
external/AgentWatcher/agents/agentdyn/src/runs/gpt-4o-2024-08-06-piarena-agentwatcher/shopping/user_task_2/important_instructions/injection_task_7.json	3275	14eb2e3d1460d15a48560c9f00e5ff424e96aef0d909c79582bd3e7514e5293d
external/AgentWatcher/agents/agentdyn/src/runs/gpt-4o-2024-08-06-piarena-agentwatcher/shopping/user_task_2/important_instructions/injection_task_8.json	3140	ae06ef556d077245dffe007548216d37b2fe7d733e281e1d65fe33d92a19191f
external/AgentWatcher/agents/agentdyn/src/runs/gpt-4o-2024-08-06-piarena-agentwatcher/shopping/user_task_2/none/none.json	2430	f1b7d041f5b9248ae55608c0f974d494974b194e3d9423e3e72141f3f57b4196
external/AgentWatcher/agents/agentdyn/src/runs/gpt-4o-2024-08-06-piarena-agentwatcher/shopping/user_task_3/important_instructions/injection_task_0.json	11021	cefb4a3bb2cd523ff9b2b40500894d2d075926c51a5a427ee99f9ce20ac25a4b
external/AgentWatcher/agents/agentdyn/src/runs/gpt-4o-2024-08-06-piarena-agentwatcher/shopping/user_task_3/important_instructions/injection_task_1.json	2824	c634e6871c0f86b38deac2899dd879b3bb76419e3d63b67a281bacd7f3e21e88
external/AgentWatcher/agents/agentdyn/src/runs/gpt-4o-2024-08-06-piarena-agentwatcher/shopping/user_task_3/important_instructions/injection_task_2.json	2795	64ff8c16865f1e8e88c9778d8a0055417c1da85d50eede380d5c248d657ec89b
external/AgentWatcher/agents/agentdyn/src/runs/gpt-4o-2024-08-06-piarena-agentwatcher/shopping/user_task_3/important_instructions/injection_task_3.json	2840	5b2bbb7ef6fc8779a53c08cdebc1e0199a43858d34f095a4c61ef35795fbb54a
external/AgentWatcher/agents/agentdyn/src/runs/gpt-4o-2024-08-06-piarena-agentwatcher/shopping/user_task_3/important_instructions/injection_task_4.json	2784	5919003c1a5aed6592c401c0f639f18c3ac11468ccc8b3c4400cb1d7e451030e
external/AgentWatcher/agents/agentdyn/src/runs/gpt-4o-2024-08-06-piarena-agentwatcher/shopping/user_task_3/important_instructions/injection_task_5.json	2783	052156121e172c47d28dd0e7c452de644bb7938486176ca731e81e25994db3c0
external/AgentWatcher/agents/agentdyn/src/runs/gpt-4o-2024-08-06-piarena-agentwatcher/shopping/user_task_3/important_instructions/injection_task_6.json	10140	72cc2e155e6e000960c1b007881d2fb6467af449e3a1bbd5ab8ef3b1d0bc2ac7
external/AgentWatcher/agents/agentdyn/src/runs/gpt-4o-2024-08-06-piarena-agentwatcher/shopping/user_task_3/important_instructions/injection_task_7.json	2824	c129eb4a6bb4659f3922937a65beeb4211f3a479b25069126312fa4d87a6bd2f
external/AgentWatcher/agents/agentdyn/src/runs/gpt-4o-2024-08-06-piarena-agentwatcher/shopping/user_task_3/important_instructions/injection_task_8.json	2780	d98cb8f8187b62aa11ea46ae1134cba53f9059b9bda882dd95843fed7c373b3a
external/AgentWatcher/agents/agentdyn/src/runs/gpt-4o-2024-08-06-piarena-agentwatcher/shopping/user_task_3/none/none.json	9298	6b19434984471cbcaf889eca12c44362f66803b8f936eee37f87516422741bbf
external/AgentWatcher/agents/agentdyn/src/runs/gpt-4o-2024-08-06-piarena-agentwatcher/shopping/user_task_4/important_instructions/injection_task_0.json	5444	c2a2792f64eb2ce94527e94fca1985fd879046d299c0b3966f26d1a5d3773091
external/AgentWatcher/agents/agentdyn/src/runs/gpt-4o-2024-08-06-piarena-agentwatcher/shopping/user_task_4/important_instructions/injection_task_1.json	4470	228bc39c2595dd8a646f973989a1a3e4abfc532e3f84022d1a42cb3f423bd803
external/AgentWatcher/agents/agentdyn/src/runs/gpt-4o-2024-08-06-piarena-agentwatcher/shopping/user_task_4/important_instructions/injection_task_2.json	4376	dbceec152efc133f52fd3b562d133241e70a7a4c2c20b5e116f04180e262847a
external/AgentWatcher/agents/agentdyn/src/runs/gpt-4o-2024-08-06-piarena-agentwatcher/shopping/user_task_4/important_instructions/injection_task_3.json	4512	3cd95395b319239ba5a101f704980a2fadb5072fdd6e33df71bdc6d53515c45f
external/AgentWatcher/agents/agentdyn/src/runs/gpt-4o-2024-08-06-piarena-agentwatcher/shopping/user_task_4/important_instructions/injection_task_4.json	4343	325df06320cec4b3d123b879ca959c36d7514439fda8c0dfd75376b6383c99e0
external/AgentWatcher/agents/agentdyn/src/runs/gpt-4o-2024-08-06-piarena-agentwatcher/shopping/user_task_4/important_instructions/injection_task_5.json	4330	550f3e5dd1c58b79b47935eb9eceeddada7683c4854eff0724a72b0b064c6ecc
external/AgentWatcher/agents/agentdyn/src/runs/gpt-4o-2024-08-06-piarena-agentwatcher/shopping/user_task_4/important_instructions/injection_task_6.json	4310	ba9ca91a7e24431779a25d224e582ecf2abce422769714dc1bbe56e04db29aec
external/AgentWatcher/agents/agentdyn/src/runs/gpt-4o-2024-08-06-piarena-agentwatcher/shopping/user_task_4/important_instructions/injection_task_7.json	4459	6d7c186781fc3766999cf7fe28aa2a0a9623e95c13d8f13e04ccf1ccdff191d9
external/AgentWatcher/agents/agentdyn/src/runs/gpt-4o-2024-08-06-piarena-agentwatcher/shopping/user_task_4/important_instructions/injection_task_8.json	4324	d3760405dd1fb243f90f11a7ec563e71defaa38f0c70942fc24cf32fa153f0a4
external/AgentWatcher/agents/agentdyn/src/runs/gpt-4o-2024-08-06-piarena-agentwatcher/shopping/user_task_4/none/none.json	4107	17762c563004965c2cffd41ef4b5c95cfe8fb4e454fca25c7f6911c6bf29897f
external/AgentWatcher/agents/agentdyn/src/runs/gpt-4o-2024-08-06-piarena-agentwatcher/shopping/user_task_5/important_instructions/injection_task_0.json	2887	6d9baf1ed44aa479acdae05deb756c5b5587bc95937d406f13ee4d9460862f3a
external/AgentWatcher/agents/agentdyn/src/runs/gpt-4o-2024-08-06-piarena-agentwatcher/shopping/user_task_5/important_instructions/injection_task_1.json	3026	90602e88ccbd5e2e17ead0dd868d366a407b213d74a2a71afdb6f35220c188c7
external/AgentWatcher/agents/agentdyn/src/runs/gpt-4o-2024-08-06-piarena-agentwatcher/shopping/user_task_5/important_instructions/injection_task_2.json	2885	8d4a2a3939144437da722f196925d39507a5fb06b49df0de7eb3ad66b07d1e47
external/AgentWatcher/agents/agentdyn/src/runs/gpt-4o-2024-08-06-piarena-agentwatcher/shopping/user_task_5/important_instructions/injection_task_3.json	2930	1291579872ff4ac45f61ba077d30813175a1f77fdf4338f38665ebff6c6f6a93
external/AgentWatcher/agents/agentdyn/src/runs/gpt-4o-2024-08-06-piarena-agentwatcher/shopping/user_task_5/important_instructions/injection_task_4.json	2988	3fa27eb29ee77968c185edf7e0e30dce96ca3a8921f5155188d527c4a3529b24
external/AgentWatcher/agents/agentdyn/src/runs/gpt-4o-2024-08-06-piarena-agentwatcher/shopping/user_task_5/important_instructions/injection_task_5.json	2987	8f04f497cba2231ea316d4940921042fa6c8664c8c1587b874d6005d5ef6dccd
external/AgentWatcher/agents/agentdyn/src/runs/gpt-4o-2024-08-06-piarena-agentwatcher/shopping/user_task_5/important_instructions/injection_task_6.json	2980	4be10766e0e28698f5f8dce855b6a5663f5fb180f0757e14476ba007c454d1d6
external/AgentWatcher/agents/agentdyn/src/runs/gpt-4o-2024-08-06-piarena-agentwatcher/shopping/user_task_5/important_instructions/injection_task_7.json	18133	0ea0f738cef6de1e813b4e6764aeea755466d75bf47b14e2af964fad3de598d7
external/AgentWatcher/agents/agentdyn/src/runs/gpt-4o-2024-08-06-piarena-agentwatcher/shopping/user_task_5/important_instructions/injection_task_8.json	2755	f88bf8fed10bd4514d4d9e82f62b3da4f40a4841b95253b634ba1e5eacfa4773
external/AgentWatcher/agents/agentdyn/src/runs/gpt-4o-2024-08-06-piarena-agentwatcher/shopping/user_task_5/none/none.json	2532	9a717dfb285ce3a8e634325232dbaf819d199a0954eb254bafd8ea5c11b757f4
external/AgentWatcher/agents/agentdyn/src/runs/gpt-4o-2024-08-06-piarena-agentwatcher/shopping/user_task_6/important_instructions/injection_task_0.json	8713	337cda690c7d6433d103181c96486cada2a5b0a1497530240e06b5b1c73e7306
external/AgentWatcher/agents/agentdyn/src/runs/gpt-4o-2024-08-06-piarena-agentwatcher/shopping/user_task_6/important_instructions/injection_task_1.json	2495	cdc434d8a1c25cebed006d4345e2116140b1b84508544c1f8aa20e70582b1e6d
external/AgentWatcher/agents/agentdyn/src/runs/gpt-4o-2024-08-06-piarena-agentwatcher/shopping/user_task_6/important_instructions/injection_task_2.json	2466	2f2df231e5b02f62c8c8bf1fd87b8d69a8bdf058fb72e137311e9b516cee4dcd
external/AgentWatcher/agents/agentdyn/src/runs/gpt-4o-2024-08-06-piarena-agentwatcher/shopping/user_task_6/important_instructions/injection_task_3.json	2625	a706571c0505eb2de8a450f3b113a39154142fb26ce9c1b5ad6b8b64eadb27c4
external/AgentWatcher/agents/agentdyn/src/runs/gpt-4o-2024-08-06-piarena-agentwatcher/shopping/user_task_6/important_instructions/injection_task_4.json	2455	77e740fbf8a1c0f7e3d627ff7242369093faa0306806faf4bc01c3b96619b693
external/AgentWatcher/agents/agentdyn/src/runs/gpt-4o-2024-08-06-piarena-agentwatcher/shopping/user_task_6/important_instructions/injection_task_6.json	8672	2ce496c66a55860e867011a8e0fedbb79a01c9fe69422bfe71d2e913369fd5e7
external/AgentWatcher/agents/agentdyn/src/runs/gpt-4o-2024-08-06-piarena-agentwatcher/shopping/user_task_6/important_instructions/injection_task_7.json	2495	e67a5aa51eb9f25e80d6ceb41230e38567cbfb567bd66d52c09655d9451167ee
external/AgentWatcher/agents/agentdyn/src/runs/gpt-4o-2024-08-06-piarena-agentwatcher/shopping/user_task_6/important_instructions/injection_task_8.json	2452	a88b611f4ea34499660e060c04d7028133bd08f3d0b952137a9a85c2afa2e6ce
external/AgentWatcher/agents/agentdyn/src/runs/gpt-4o-2024-08-06-piarena-agentwatcher/shopping/user_task_6/none/none.json	6928	8dea480b05806a457101bb9a7482217e251ac76948c8a627467b8c74419cdcf3
external/AgentWatcher/agents/agentdyn/src/runs/gpt-4o-2024-08-06-piarena-agentwatcher/shopping/user_task_7/important_instructions/injection_task_0.json	3305	bb4dc61e25a0298e094613cc2575039f95cc4e2116086dc255404432f69b37a2
external/AgentWatcher/agents/agentdyn/src/runs/gpt-4o-2024-08-06-piarena-agentwatcher/shopping/user_task_7/important_instructions/injection_task_1.json	3358	0d9e5386b00d2539c216d728fa1f0c9a57f0b34fa5ed6211b326f9f21c60ee2d
external/AgentWatcher/agents/agentdyn/src/runs/gpt-4o-2024-08-06-piarena-agentwatcher/shopping/user_task_7/important_instructions/injection_task_2.json	3187	d4b65ce35a14f201ca30c8a67899bd5701f252c4cc3dab5e76ed5e4c17f58182
external/AgentWatcher/agents/agentdyn/src/runs/gpt-4o-2024-08-06-piarena-agentwatcher/shopping/user_task_7/important_instructions/injection_task_3.json	3391	30d57c1881de7f0fc171ca04e59857f9b6367ef3e4384c8d757c7e2cc02920c5
external/AgentWatcher/agents/agentdyn/src/runs/gpt-4o-2024-08-06-piarena-agentwatcher/shopping/user_task_7/important_instructions/injection_task_4.json	3279	a9c357d47e78a2a219605c4d34f1cf081f6ffe0d5b491fae99f10621b0b1ed93
external/AgentWatcher/agents/agentdyn/src/runs/gpt-4o-2024-08-06-piarena-agentwatcher/shopping/user_task_7/important_instructions/injection_task_5.json	3162	7d24141be6010d3683b6372f599371aeb4e4d26b0863dfd797bb6102976ae77e
external/AgentWatcher/agents/agentdyn/src/runs/gpt-4o-2024-08-06-piarena-agentwatcher/shopping/user_task_7/important_instructions/injection_task_6.json	3262	1af09cba27edabf483aeb2eba9b20693b02696a9f172fe5522d2dd149b8106be
external/AgentWatcher/agents/agentdyn/src/runs/gpt-4o-2024-08-06-piarena-agentwatcher/shopping/user_task_7/important_instructions/injection_task_7.json	3246	fb586c81f3e72d45d1a72c66ae27678e455b8b8dcca25e4b83a0f2264f9ff065
external/AgentWatcher/agents/agentdyn/src/runs/gpt-4o-2024-08-06-piarena-agentwatcher/shopping/user_task_7/important_instructions/injection_task_8.json	3156	6f5417c4e4e4e605c270bc32972e950657bff4586e82002a7dad65365e332268
external/AgentWatcher/agents/agentdyn/src/runs/gpt-4o-2024-08-06-piarena-agentwatcher/shopping/user_task_7/none/none.json	19719	6b0ca8f24b7a6f5c002fd057f6310919a7dfdb0e45635975fd2c1b4820b1400b
external/AgentWatcher/agents/agentdyn/src/runs/gpt-4o-2024-08-06-piarena-agentwatcher/shopping/user_task_8/important_instructions/injection_task_0.json	3989	9f1d0e27fdffce3e244bd6e91973fb5ee85c3a76bc8d3377ac0155f70bab5309
external/AgentWatcher/agents/agentdyn/src/runs/gpt-4o-2024-08-06-piarena-agentwatcher/shopping/user_task_8/important_instructions/injection_task_1.json	4097	623c6829f26c9c0a9590b8c0c29368e6777a85eb88513a5fe0c479b6864d84f8
external/AgentWatcher/agents/agentdyn/src/runs/gpt-4o-2024-08-06-piarena-agentwatcher/shopping/user_task_8/important_instructions/injection_task_2.json	3981	7d155d04ac3e4745252046ec2afee14ab45b3be5658d18e627c94585bc17353d
external/AgentWatcher/agents/agentdyn/src/runs/gpt-4o-2024-08-06-piarena-agentwatcher/shopping/user_task_8/important_instructions/injection_task_3.json	4162	985919162af7bc5e88c09b56eb04c29ed939640c1ab7c7e85cbb97af0cfb05d3
external/AgentWatcher/agents/agentdyn/src/runs/gpt-4o-2024-08-06-piarena-agentwatcher/shopping/user_task_8/important_instructions/injection_task_4.json	3937	7454fce3e8012d9bed53f1b101c1d362e94adae9865ca93c849a04df75fc00f6
external/AgentWatcher/agents/agentdyn/src/runs/gpt-4o-2024-08-06-piarena-agentwatcher/shopping/user_task_8/important_instructions/injection_task_5.json	3933	fd68dc9bd3a65ca24d77c93160e5dd28742e8244ff716f381ee9cf62b8279a28
external/AgentWatcher/agents/agentdyn/src/runs/gpt-4o-2024-08-06-piarena-agentwatcher/shopping/user_task_8/important_instructions/injection_task_6.json	3906	6834d9d1db9b4e0fbd5d4985aac785c74e66e8963230aaf551b9f24ab2ed3828
external/AgentWatcher/agents/agentdyn/src/runs/gpt-4o-2024-08-06-piarena-agentwatcher/shopping/user_task_8/important_instructions/injection_task_7.json	4101	bc9825d6fe32fa8956c98edaaa27cecb8a6450b98d4f20adef2cdab19ef76474
external/AgentWatcher/agents/agentdyn/src/runs/gpt-4o-2024-08-06-piarena-agentwatcher/shopping/user_task_8/important_instructions/injection_task_8.json	3921	5a9be9109f51e4639e370fec74360a196d7e4e59a5a776e8b3e91abf8fccc8fa
external/AgentWatcher/agents/agentdyn/src/runs/gpt-4o-2024-08-06-piarena-agentwatcher/shopping/user_task_8/none/none.json	15373	716b951af116aab3c45ca6454ceed8fce2824995c113f78d36328e3d7b4c288a
external/AgentWatcher/agents/agentdyn/src/runs/gpt-4o-2024-08-06-piarena-agentwatcher/shopping/user_task_9/important_instructions/injection_task_0.json	10499	f2646fc7a3d55c81291808482d45483780bf55d1d14c50c6122dbd6fcfe3665a
external/AgentWatcher/agents/agentdyn/src/runs/gpt-4o-2024-08-06-piarena-agentwatcher/shopping/user_task_9/important_instructions/injection_task_1.json	2773	7e8f5c665398a7679073f2a1283872bd349366b289476388e1c1c6ee73805a35
external/AgentWatcher/agents/agentdyn/src/runs/gpt-4o-2024-08-06-piarena-agentwatcher/shopping/user_task_9/important_instructions/injection_task_2.json	2744	26c0a5a19007485ad49d3df20e578c60b437ec80a65a041b5331ffeec5ab5460
external/AgentWatcher/agents/agentdyn/src/runs/gpt-4o-2024-08-06-piarena-agentwatcher/shopping/user_task_9/important_instructions/injection_task_3.json	2789	943a3f83b17eba866455164bd935177c6812f632516f7dcd7d836d48f6a7e92b
external/AgentWatcher/agents/agentdyn/src/runs/gpt-4o-2024-08-06-piarena-agentwatcher/shopping/user_task_9/important_instructions/injection_task_4.json	10532	b2382750745bba13b7dcf090e6c8edc2ba61fa3de84a926cccf315878bea6203
external/AgentWatcher/agents/agentdyn/src/runs/gpt-4o-2024-08-06-piarena-agentwatcher/shopping/user_task_9/important_instructions/injection_task_6.json	10507	c0c873cc1cf01aaebbe86f1aaf49b17a3ffb7bedf39bc4eacff3138eefb626c4
external/AgentWatcher/agents/agentdyn/src/runs/gpt-4o-2024-08-06-piarena-agentwatcher/shopping/user_task_9/important_instructions/injection_task_8.json	2729	1437096af69781ca175a3606b94bf7886a0c5c72693a7e99dcadd59536ee9cd1
external/AgentWatcher/agents/agentdyn/src/runs/gpt-4o-2024-08-06-piarena-agentwatcher/shopping/user_task_9/none/none.json	9672	01f3bb63c744b6588edf4666ce7b32768760c51f8018a6caedaba7f4348651c0
external/AgentWatcher/agents/agentdyn/tests/__init__.py	0	e3b0c44298fc1c149afbf4c8996fb92427ae41e4649b934ca495991b7852b855
external/AgentWatcher/agents/agentdyn/tests/test_ast_utils.py	1680	041b279341f3ae80422513a59cf409f49023e685810418f87d2f6af2f7b73182
external/AgentWatcher/agents/agentdyn/tests/test_benchmark.py	2382	964ba695f4c9b917b745b51b24bbb17eee3a16da84721192eda11aa7204fa69b
external/AgentWatcher/agents/agentdyn/tests/test_workspace_user_tasks.py	5342	daa6f8c8f19931a3921709b460292882a1f1e8fc7a467094c7816a23e5478f72
external/AgentWatcher/agents/agentdyn/tests/test_agent_pipeline/test_anthropic_llm.py	4358	9d3d28fbe64823f4d8382c2f2ef71233501975d118136eacd32795bb78f694ff
external/AgentWatcher/agents/agentdyn/tests/test_agent_pipeline/test_cohere_llm.py	3215	abe76dbdc50ee175ae1b6fb616a34eb2212db6d941b03688e0c0ee43650e2f1c
external/AgentWatcher/agents/agentdyn/tests/test_agent_pipeline/test_google_llm.py	2444	3addc2d778353b2ebb4bb8cbe475b539ad459ab517c3936209319f0f06502e73
external/AgentWatcher/agents/agentdyn/tests/test_agent_pipeline/test_pi_detector.py	3313	adc7e176c264604c099ee9c90aeb6f355fcb43d70cbb742b02a6e1bd1f63dc70
external/AgentWatcher/agents/agentdyn/tests/test_agent_pipeline/test_prompting_llm.py	4883	d0d629bafb9c270ec01ce93f5820f4be588e51af5dae114ec95a51c3834ebd99
external/AgentWatcher/agents/agentdyn/tests/test_functions_runtime/__init__.py	0	e3b0c44298fc1c149afbf4c8996fb92427ae41e4649b934ca495991b7852b855
external/AgentWatcher/agents/agentdyn/tests/test_functions_runtime/test_functions_runtime.py	14051	9c5e85851263149e904e14111e0cb9a1d87ab0bc958b88d958b4bf3870aff6fa
external/AgentWatcher/agents/agentdyn/util_scripts/create_results_table.py	12242	ab068d131078b77fb9680581cc6f31f565f07ebf36f70e2048070b7ab45087ce
external/AgentWatcher/agents/agentdyn/util_scripts/run_vllm.sh	1558	9624df58d748afec79985fa899975909af167b985634960f36f5f4e8bd05c0e2
external/AgentWatcher/agents/agentdyn/util_scripts/run_vllm_parallel.sh	2389	9a0df9c7c1440757f2539d7724ce346b5407e9b6e2b17a4efbef5c147b5539fc
external/AgentWatcher/assets/.gitkeep	0	e3b0c44298fc1c149afbf4c8996fb92427ae41e4649b934ca495991b7852b855
external/AgentWatcher/assets/fig_illustration.jpg	321974	e52a89637bcd5ef46a8b0bf6d65e49c74c3192c738a74c88d067f8e2d99b4551
external/AgentWatcher/assets/figure1_agentdyn_benign_utility_asr.png	128358	91781d1e33dca1166b8c19e93529bfc297bfa389d423838965aa77434417efdb
external/AgentWatcher/datasets/wasp.json	1858028	c058b1c104e357654715f1e6ee7ecd9621c188f52acc4aba557a85f253c8b25d
external/AgentWatcher/scripts/main.sh	1016	09b4b437379bf687178552eb2ec7c76dedd472b2494cfd57d5c225368cf9eb4b
external/AgentWatcher/scripts/main_agentdojo.sh	2020	dd57759b95bbe1f527ee538ace4af65bdb0015bbaa0a89edaf9a2a7ae30855f4
external/AgentWatcher/scripts/main_agentdyn.sh	1761	f435dc3bb5ad65dba05742778c1cd9b1f03119f42314c553fa2539b91852195d
external/AgentWatcher/scripts/main_injecagent.sh	1135	46728bcb310a60bd1c28cb424ac738e5f6d82c48d3089a9f8cb632f7f2fc0780
external/AgentWatcher/scripts/run_agentdojo.py	5674	737e42561dca974d66618f391764b49e3c9f6261dc0ef083207cb325fa6be793
external/AgentWatcher/scripts/run_agentdyn.sh	2441	b7ccb034cadfb74297e31f752a70d86ecba1dde007f19b6271f4de3da4346dc7
external/AgentWatcher/scripts/run_injecagent.py	4114	8748d0c9ff25c7c2dff5d0f002e5c8d602d84982ad56e8364464cab77df66ca9
external/AgentWatcher/scripts/run_long_context.py	4454	6cadf5135047f3295efb4d55ee67747286035bd2c4fe54a8cd7f0317c0ec0817
external/AgentWatcher/src/__init__.py	21	ba0cae165884aad0304261f8b1395cd7a6172986c558399fca4f3b7c4ac1f3ef
external/AgentWatcher/src/llm.py	7873	eed5ad2e7dba8169a25bed699a9788414f244999f1a490f86d4c248120ec2fc1
external/AgentWatcher/src/llm_vllm.py	15364	e90c69ff78fc8f78f75b0df3d92575ae95bcb0a28763f919ba9f613478fc989a
external/AgentWatcher/src/utils.py	8704	029ed8827c137a01fcacd853093cc4c0afabb7457698bfad75279c0eb9ce9c87
external/AgentWatcher/src/attacks/__init__.py	223	097e42bd8ebcf8f4de35609a2c43e01f7bd2b9ba2206b29ccec1719a3adc5581
external/AgentWatcher/src/attacks/attack_heuristic.py	1172	8fe33731ac5e83421644ec37061752c8005cede89f0fec667d28291eb2738e61
external/AgentWatcher/src/attacks/attack_none.py	106	4254d7aa4414fc41e9f7b26541209e93d80043acee550aef22520a70db8c9bce
external/AgentWatcher/src/defenses/__init__.py	1571	5645456414113eb903c52dcc025d4e3746caebb874d617de4f01baef918c9209
external/AgentWatcher/src/defenses/defense_none.py	3875	7236563ffac5c83ac76e736281950593b991389d3ef2c3d8a2bbf64f5d178afa
external/AgentWatcher/src/defenses/agentwatcher/__init__.py	151	8df8facbd9483ac82a4dfe6eb4ec13a4fb8fd7aaea2ac05079a77e72659548ef
external/AgentWatcher/src/defenses/agentwatcher/attention_utils.py	11528	4f45f715c7ac1853be3466bb7f84b3b2707e3502653a6f910f3ce5a51bbc2d98
external/AgentWatcher/src/defenses/agentwatcher/defense_agentwatcher.py	23818	be6ec4e27e5484ed2beb522bec23d7fa4daf7f9b381b06c6deee027a7f3abd5a
external/AgentWatcher/src/defenses/agentwatcher/utils.py	1877	35a27e24d3407974d6f8e0ac1f368bc88ed4b04d818b00098a118d6ca6b87cb0
external/AgentWatcher/src/defenses/datasentinel/__init__.py	66	03eeaeff3416fd45d9eefc7cea7197d743d4f503edef561a3c8c10732c4289e0
external/AgentWatcher/src/defenses/datasentinel/defense_datasentinel.py	4632	f5421a3a6ad3fdb3edd867adf6ec8019a6e0d3c455952bb5fd4eda69759b7ed9
external/AgentWatcher/src/defenses/datasentinel/OpenPromptInjection/__init__.py	382	b75ccf52ce76eb4fb716523d298ecd4830463711acd5d145cbda4b84ba4955ad
external/AgentWatcher/src/defenses/datasentinel/OpenPromptInjection/apps/Application.py	7906	475de2c00cd6cdde39d0759e6aeac5889d98bdc2aa3c0f6ffd02bc4334ddf8ad
external/AgentWatcher/src/defenses/datasentinel/OpenPromptInjection/apps/DataSentinelDetector.py	1698	357a22776d1fc8aab5d03cf054037b3511f9b0cc9c8490d358b53557a0f9db68
external/AgentWatcher/src/defenses/datasentinel/OpenPromptInjection/apps/PromptLocate.py	13070	1613a09bfc12baba288f177929203da4c57457ce8e12b817440716c0ab92a454
external/AgentWatcher/src/defenses/datasentinel/OpenPromptInjection/apps/__init__.py	219	c28eaa0b59b277d57943d680ecce23223196d7050302bf38652d2ed5f035da94
external/AgentWatcher/src/defenses/datasentinel/OpenPromptInjection/apps/bpe.py	6645	8298758af131865cf31364ce7068185fde9c2c7f6c4da01b824bc5e05abcfffd
external/AgentWatcher/src/defenses/datasentinel/OpenPromptInjection/apps/utils.py	3602	e6d09738fc46d94063774f986428ff6d0780e2e84b7bff95a777d31bc8f3ce0a
external/AgentWatcher/src/defenses/datasentinel/OpenPromptInjection/attackers/Attacker.py	434	022b1a22f7c940cab5dd2ca9300a0de772c313cf2bef46d0fb1c894d8b92b05c
external/AgentWatcher/src/defenses/datasentinel/OpenPromptInjection/attackers/CombineAttacker.py	2834	cdf9d93b76566c77285a2eb17ff4ef24e6bfb203e33b8b1959fb76234b2da214
external/AgentWatcher/src/defenses/datasentinel/OpenPromptInjection/attackers/EscapeCharAttacker.py	757	f997232152f94b2598a36df00cf4782c4e6fb1c5d09f7469630b936ec8b36191
external/AgentWatcher/src/defenses/datasentinel/OpenPromptInjection/attackers/FakeCompAttacker.py	2650	e3df076fc45e195fdb0771583a24a42eb4e0c0be4ac39e248aa978ea963fd816
external/AgentWatcher/src/defenses/datasentinel/OpenPromptInjection/attackers/IgnoreAttacker.py	812	2213b81bd990c2880647657209123104e5a0c9f8aa33db1e7883c44de31022f2
external/AgentWatcher/src/defenses/datasentinel/OpenPromptInjection/attackers/NaiveAttacker.py	751	592b10860100350c97451fd498f6be670064302a630d3b5e8458264e6b5f4c2d
external/AgentWatcher/src/defenses/datasentinel/OpenPromptInjection/attackers/__init__.py	1068	4e0a6bbb0c005e02549ea7784f003e261285d4b1688db19abc3e5846b8cf40a2
external/AgentWatcher/src/defenses/datasentinel/OpenPromptInjection/evaluator/Evaluator.py	7059	07f37663980dc4ad4f09e9206bdf4f4eae5057079bae1f8a2b87d499f2772a5e
external/AgentWatcher/src/defenses/datasentinel/OpenPromptInjection/evaluator/__init__.py	351	523c7b307291eca59c7a45b9ff700f8ae024cf4d8ca09973ccd29558b59e2191
external/AgentWatcher/src/defenses/datasentinel/OpenPromptInjection/evaluator/gleu_utils.py	8512	4f67f7e772ca0900765bf78771f3515f7085d6b9212f3b82414ffbaa707858ca
external/AgentWatcher/src/defenses/datasentinel/OpenPromptInjection/evaluator/utils.py	5590	2d93377c8446b476584d24b36823aa286bbd96af11238a583498f388575cb7b0
external/AgentWatcher/src/defenses/datasentinel/OpenPromptInjection/models/DeepSeek.py	4672	a12316631c279620b880055ba41cad85e8eccdf1200642744ee10cbbe341c642
external/AgentWatcher/src/defenses/datasentinel/OpenPromptInjection/models/Flan.py	852	58b5cc59f89c969583a16c71d9d7250f1ef529003de5d1e0e9faa053a7f1626a
external/AgentWatcher/src/defenses/datasentinel/OpenPromptInjection/models/GPT.py	2611	758e9c30297e5791f87db1de3bbcd897b35c4af4bb87d8e5c96132b78b9737df
external/AgentWatcher/src/defenses/datasentinel/OpenPromptInjection/models/Internlm.py	702	54b3f94774f85a48ad1c40558516ae85b669927363ca353af342fb1c711cda6c
external/AgentWatcher/src/defenses/datasentinel/OpenPromptInjection/models/Llama.py	900	cbb406d0459e2da4f2f2d86bf34aa4268a54504c2124ad254805c729fbab1ba3
external/AgentWatcher/src/defenses/datasentinel/OpenPromptInjection/models/Llama3.py	4756	c3787d1bacbf92e56b063187a20357a75a00fd0f632bbff6e71ff6f1165fe7e7
external/AgentWatcher/src/defenses/datasentinel/OpenPromptInjection/models/Model.py	1911	291e886662278ec4debc1bf3ebf26b4b8cce4a02ec21b224d5a1e7d370c439d8
external/AgentWatcher/src/defenses/datasentinel/OpenPromptInjection/models/PaLM2.py	2642	c438fffe45efd9ec2ca1ffbfd7205173536a2be37a881001a395ec2a4fb3780f
external/AgentWatcher/src/defenses/datasentinel/OpenPromptInjection/models/QLoraModel.py	5751	9d10b9d80be21f17c8de9d180f98c12547a4b38d6cadbbc3bedfa0710be5e8f1
external/AgentWatcher/src/defenses/datasentinel/OpenPromptInjection/models/Vicuna.py	2369	4e9a9e9e88e4c7640a8448c536fae92d3b3a07eb8e72bf0f5e23013e8f4f1504
external/AgentWatcher/src/defenses/datasentinel/OpenPromptInjection/models/__init__.py	1941	bd68bf07552b842a25fb12c8c33f165a72e53d87951b36e4a088e0175be60935
external/AgentWatcher/src/defenses/datasentinel/OpenPromptInjection/tasks/CompromiseTask.py	624	ec0803d28ca166a3fe8d089ce93271dc649e834ab908459cf1d516754a111e00
external/AgentWatcher/src/defenses/datasentinel/OpenPromptInjection/tasks/InjectedTask.py	2497	45698624be8fb9a62bc622c72fc1a6f53c31bb5c91c91c2f99f2c57fd9727bc8
external/AgentWatcher/src/defenses/datasentinel/OpenPromptInjection/tasks/Math500.py	622	a6aefc9c99cd1c66b19c027eda516c2a1a9052b7d3ad42a454f4f035718d63c1
external/AgentWatcher/src/defenses/datasentinel/OpenPromptInjection/tasks/ReasoningTask.py	1356	a9e98c9397f69a777ff26594bcc6a0bd5476ac78576eedef948a201622287a5c
external/AgentWatcher/src/defenses/datasentinel/OpenPromptInjection/tasks/TargetTask.py	2425	bb01a08fb64a8221d37d6aaef13bc392a222119d91966264fff18dc32767834d
external/AgentWatcher/src/defenses/datasentinel/OpenPromptInjection/tasks/Task.py	8754	5ae8b96a03d0a2b7dde0a7d1d631a591c3e65f1e74a928a87df1fb3ab54c09cd
external/AgentWatcher/src/defenses/datasentinel/OpenPromptInjection/tasks/__init__.py	773	458d3e9d333a951d4e7451fdcb70f5c71b0fa3939303b2046d46a746f8760510
external/AgentWatcher/src/defenses/datasentinel/OpenPromptInjection/tasks/gigaword.py	4779	3be54cdd4ed3b17148fcdeabb283d9c12a3cc90a09e7a315007de12d4a9953c7
external/AgentWatcher/src/defenses/datasentinel/OpenPromptInjection/tasks/gleu.py	29325	7bf2f2686bca9060b6e429a5bcbda3730a30dc4515fa66b92e0464a2726cfa48
external/AgentWatcher/src/defenses/datasentinel/OpenPromptInjection/tasks/hsol.py	3891	be10f83d9c3a3aa79c065aca901394020bf00804993a398e110c4e4dcc815e6f
external/AgentWatcher/src/defenses/datasentinel/OpenPromptInjection/tasks/jfleg.py	6045	22ee95ecbac1abedd6374fe0b369fd64a1750f3a01202f2ae83abf681f219cb0
external/AgentWatcher/src/defenses/datasentinel/OpenPromptInjection/tasks/sms_spam.py	3607	0c9c5b4c37617a0e3ec1a27dae33051516f450164036112f2b6e15335f6cd875
external/AgentWatcher/src/defenses/datasentinel/OpenPromptInjection/tasks/sst2.py	4162	dbc2378bc628fe49b5b9cf532fcf12e18d6c8663275fe170f6c64080c81745f8
external/AgentWatcher/src/defenses/datasentinel/OpenPromptInjection/tasks/utils.py	1036	033f62a9ee7cd8100ce3b85c15bf60746b3a13723e470debaa912a353d0b9086
external/AgentWatcher/src/defenses/datasentinel/OpenPromptInjection/utils/__init__.py	87	03135d1444330f6cc8a21b8a9c5b007cf5661593f5b22880f7b4693e300926ee
external/AgentWatcher/src/defenses/datasentinel/OpenPromptInjection/utils/process_config.py	459	a1e6f3e766ad42a0c19026aa1ad30c9388afa050362dabf4afa474306037ae96
external/AgentWatcher/src/defenses/datasentinel/OpenPromptInjection/utils/process_txt.py	326	2cf086d2cde61cec43ef8e0497b0657c3ed56a5bbb8167f5cffbdaf600613991
external/AgentWatcher/src/defenses/gptsafeguard/__init__.py	67	bfb07c16aae8bf0eb6d1b8a636341c5567ac1681318807e9a88748a23826ee3d
external/AgentWatcher/src/defenses/gptsafeguard/defense_gptsafeguard.py	8470	9dd8e2f5a1e8843f05b8e6b3d4e77a342ae35263d1fa23d9298878ddcc9f278b
external/AgentWatcher/src/defenses/monitor_llm_module/__init__.py	49	be9cb038364337552f814ae9f369916a9a90b05b0b01a9a7a57cc8c6a99d8eda
external/AgentWatcher/src/defenses/monitor_llm_module/messages.py	18549	976a4550ea585898e2c61f72ccf184c110aeb930b5c5f2b1f3119ea087e45708
external/AgentWatcher/src/defenses/piguard/__init__.py	51	fc2cbb4c6ebd4efdd7f13f39eef60494d92a7b9cf5bd8b8105bf3513d6fe80ba
external/AgentWatcher/src/defenses/piguard/defense_piguard.py	4661	2c3d32a952e7b100e4b8b715d8b2bbe898e73ff99cec227fcceb5a2ad9c08e00
external/AgentWatcher/src/defenses/promptarmor/__init__.py	63	4f9de3ab093398dcb681d6b7a09fe15d38fdb2e07b73498e5cfbd8e23a579ce2
external/AgentWatcher/src/defenses/promptarmor/defense_promptarmor.py	5834	5ac4960379c66218b1537814dd5399300099e463ce7c788c68864f15cfc12ee3
external/AgentWatcher/src/defenses/promptguard/__init__.py	63	ebb5d5a39a06217e9a29f50bc88c056a35f73eff53e2e60e1ed87208dfb1298a
external/AgentWatcher/src/defenses/promptguard/defense_promptguard.py	4617	e7bf001176961a1d93decd8a0dbefed8fbd2abc35195a6bd512602273a638a91
external/AgentWatcher/src/evaluations/__init__.py	4832	f625b67d9d643400895decbd09040eb0ef3db05d3ef3bc7b77884011a426b68c
external/AgentWatcher/src/evaluations/llm_judge.py	13201	f641d79b495af089d89f39af35245eebe00970f2d1f35ce5cd5ecbcc1583f900
external/AgentWatcher/src/evaluations/longbench_metrics.py	5950	59486f91a183e16c719a929510b2db3784ec4b4607f3fcb3b4f97b44f3787cab
external/AgentWatcher/src/evaluations/open_prompt_injection_metrics.py	3310	25f6577f932692fe5eb0113e68fc50582f71ec483661504838eba30199b65af2
external/AgentWatcher_armc_runtime_v1/.git	107	995febf54fa969d8e617168819f962363becf6a68d79d9fb02a3686441b26ffa
external/AgentWatcher_armc_runtime_v1/.gitignore	3168	b320cec6ac1d44a88c5dabb92b42e5ef0a1a56b7ab81002d25d7ad8a16d21e49
external/AgentWatcher_armc_runtime_v1/A15B0_AGENTWATCHER_RECONSTRUCTION_v2_VLLM.json	893	32ae9cd3f46dc2bf97e479a0d78d86e4f67ace3ecb3705c0e34f6993cb619fb9
external/AgentWatcher_armc_runtime_v1/A15B0_AGENTWATCHER_RECONSTRUCTION_v3_COMPLETION_SAFE.json	637	7b691146a32375e278efad146089c25036ce218a15a32936edd8dd11b39a0d2a
external/AgentWatcher_armc_runtime_v1/README.md	4517	0aa14d22379e3eb92b47d251a20db31898c53985f0d41cb89bd23c8ec0907f5b
external/AgentWatcher_armc_runtime_v1/main.py	29250	69a672f716abc7d9ffd7a4ca5f1baf21b34a77083210b8a7bffb37ab22cd69e4
external/AgentWatcher_armc_runtime_v1/main_agentdojo.py	15695	42cce843624a69d0566e917a28d83cf8661825557796c6d46b5eb22f9228334f
external/AgentWatcher_armc_runtime_v1/main_injecagent.py	46884	c3add1452c27e11f074124d87bf9ecf97155d2ab7b84b0ea1c638bbcc55b766c
external/AgentWatcher_armc_runtime_v1/requirements.txt	6357	0239251dcdde07b825603e279995d12e44f2e0f5bcd46fc57104d2fc50c5a477
external/AgentWatcher_armc_runtime_v1/agents/InjecAgent/.gitignore	25	cf8b5a9cf8de9aee5473f27220bdf88398e97bac8f626e402ee7770a5961e77d
external/AgentWatcher_armc_runtime_v1/agents/InjecAgent/LICENCE	1066	b48589499dbb84caa796b00b4ea652b0443e49660282c44d890fd473b8c0674e
external/AgentWatcher_armc_runtime_v1/agents/InjecAgent/README.md	4586	09e81a9e68d5c2a1b491456c83da4ef0126426deb7eafa8588349c2dcce278ea
external/AgentWatcher_armc_runtime_v1/agents/InjecAgent/requirements.txt	35	98d6b860115d877e3aae27228d004401592d9b2a0795ae52b32df97a0d7befbd
external/AgentWatcher_armc_runtime_v1/agents/InjecAgent/asset/overview.pdf	887229	91e9a0f9d4d1b46600c77fbb0ef48b7dcc8a090c69de2cca1e6e6145c2064db2
external/AgentWatcher_armc_runtime_v1/agents/InjecAgent/asset/overview.png	495178	7001987e562780f8018f44ac4f0ffd3a62a2b4ca383a2ddb73e2007002775fc4
external/AgentWatcher_armc_runtime_v1/agents/InjecAgent/data/attacker_cases_dh.jsonl	10937	999d52e15af3c80a3303a09430af0f3878d1f91e4c573ca7b477a91cdfa6b991
external/AgentWatcher_armc_runtime_v1/agents/InjecAgent/data/attacker_cases_ds.jsonl	13209	87952398c989d8ca841724e38ecdbb789676d3841e19dfc44aac7b710df9cb1f
external/AgentWatcher_armc_runtime_v1/agents/InjecAgent/data/attacker_simulated_responses.json	1359580	b1da2e1fb75f266c069b832fef6738c295f01d8962fae15bdac9ff6625e5594e
external/AgentWatcher_armc_runtime_v1/agents/InjecAgent/data/test_cases_dh_base.json	672918	0a8186468d21389af432e8c7b399ae42264d1b93a07b65c7a489468508604305
external/AgentWatcher_armc_runtime_v1/agents/InjecAgent/data/test_cases_dh_enhanced.json	721878	885602716b72c18af80695ce6c2e1f242fa03163bc90b0788b0c5e4ab6216d50
external/AgentWatcher_armc_runtime_v1/agents/InjecAgent/data/test_cases_ds_base.json	765370	4daab35c62a3845e8b9400f4dca58b9c9f37e57cd33b2337552557fbb26282e9
external/AgentWatcher_armc_runtime_v1/agents/InjecAgent/data/test_cases_ds_enhanced.json	817594	7bc510868df032511053fc40e8470e68a041fb7148d055112093594bf73ab0ce
external/AgentWatcher_armc_runtime_v1/agents/InjecAgent/data/tools.json	541498	e21a8f70b1d5de4677d6d52642936a322655d79b17a72c84f600550384083a1e
external/AgentWatcher_armc_runtime_v1/agents/InjecAgent/data/user_cases.jsonl	10924	c840e2b00fdce68e7142d0970220522303d67b2530d6fb36ef1112448cdd8977
external/AgentWatcher_armc_runtime_v1/agents/InjecAgent/src/evaluate_finetuned_agent.py	5271	3dfd02b5f663ca39b4eb22669ebb0b639a81e38fc7eed63f6a65501a27478cce
external/AgentWatcher_armc_runtime_v1/agents/InjecAgent/src/evaluate_prompted_agent.py	6421	9a866bdec0c7da0abed9c0288b0f49404e62e77b8b2b623684d743ca87dbe4ae
external/AgentWatcher_armc_runtime_v1/agents/InjecAgent/src/models.py	4403	5d48592c29ee6d3535d1c5f3d2b9de3eea67690eba2a1e7e71e8ec7357fb7900
external/AgentWatcher_armc_runtime_v1/agents/InjecAgent/src/output_parsing.py	9662	b841348cdbc5b87c781bed4a592d375d02d51769ac2435cf2e7e69c08a03937b
external/AgentWatcher_armc_runtime_v1/agents/InjecAgent/src/params.py	1605	9ff2221b2bc8dca98ddb1ae987b2617b30e9b86fa95af9d59629e05e4e0da0f1
external/AgentWatcher_armc_runtime_v1/agents/InjecAgent/src/utils.py	7341	ab21487f92cb14840d69dded17f176ceaa60690469e8cf9b141f87d3f9795d06
external/AgentWatcher_armc_runtime_v1/agents/InjecAgent/src/prompts/agent_prompts.py	9414	f0249e434c46a9944dab9797edee4cd41e4fc6fceb48b8b8004585a7a4866037
external/AgentWatcher_armc_runtime_v1/agents/InjecAgent/src/prompts/generation_prompts.py	19261	912d3f77008f3798f832f86df08a4a0fe93ad5be35358f44b379e33a255474f3
external/AgentWatcher_armc_runtime_v1/agents/InjecAgent/src/prompts/prompt_template.py	15024	370dfcde5cc3bcb6ebaa7825e90fb7ea7902e641f70a5a658a23306ba5058c9e
external/AgentWatcher_armc_runtime_v1/agents/agentdojo/.gitignore	7691	f2d8d711ed0beaaf2d210eeaafa9c490912082d39fd53fd604d825c5a299b9c6
external/AgentWatcher_armc_runtime_v1/agents/agentdojo/.pre-commit-config.yaml	240	ca25278887793dd3a0ef308b7532a13edddae868c143ae6a4dfbfcbb25a08f19
external/AgentWatcher_armc_runtime_v1/agents/agentdojo/.python-version	7	657062bd6c016c431fe7658173ba3611697eeb21357fd82faef0b7d21a491c3f
external/AgentWatcher_armc_runtime_v1/agents/agentdojo/CITATION.bib	492	b97dc76c5e3a6a9adb0f53861fa1ebff626a5782e4204047caed1c5eba041084
external/AgentWatcher_armc_runtime_v1/agents/agentdojo/CLAUDE.md	4892	932a97dfd3931e7d7d9b3002d5b5ca947fc754b2e58b2b50e4953253d25d6395
external/AgentWatcher_armc_runtime_v1/agents/agentdojo/CONTRIBUTING.md	328	173bdacfde08f0ff5437175a540aeb6d18609053ad8e641c86450c72a3e209fc
external/AgentWatcher_armc_runtime_v1/agents/agentdojo/LICENSE	1161	4285a071f2d382338e52b4fb0a186d952984a34d43a33d8872e1a1d8cb43401e
external/AgentWatcher_armc_runtime_v1/agents/agentdojo/README.md	3188	dbb08cf57bb96f27fa598bc4c0a8c26cf85129cac0c109ae645bac264066dbcd
external/AgentWatcher_armc_runtime_v1/agents/agentdojo/mkdocs.yml	4178	ba7c474e71a134968025c31e4a76e983caa982f01a51f9996026c0116d385e70
external/AgentWatcher_armc_runtime_v1/agents/agentdojo/pyproject.toml	3179	f69dde819258d5dc2c6dca13ecbb116e54904374879a5c921332db36474e0a3b
external/AgentWatcher_armc_runtime_v1/agents/agentdojo/uv.lock	631621	395e3d0a59214515008d27c4462c9723ab7594374243f561ad5f19b3aa8a5330
external/AgentWatcher_armc_runtime_v1/agents/agentdojo/.devcontainer/Dockerfile	2439	e45d92635b252b4dc701f8364fe903640ac29339a4858a4396f22a1b7181da96
external/AgentWatcher_armc_runtime_v1/agents/agentdojo/.devcontainer/devcontainer.json	1329	254422eabf83b888fe6f61851f39488f778aa73bd6606bacc4ecf60c2a0aa923
external/AgentWatcher_armc_runtime_v1/agents/agentdojo/.devcontainer/init-firewall.sh	4689	ed9f1784237e74b3e4f4d98b86a4cf4f77f48cd923af41088ce454553cba8dbe
external/AgentWatcher_armc_runtime_v1/agents/agentdojo/.github/workflows/CODEOWNERS	12	a1c9f524d06303d9c511df890e51f1e202ffdb61f211bd22ae113915fa3a9917
external/AgentWatcher_armc_runtime_v1/agents/agentdojo/.github/workflows/lint-docs.yaml	1481	bcb9614831b476fb0df83ac2afc23ff637305d1d06bd771a46aa4ad581f1f533
external/AgentWatcher_armc_runtime_v1/agents/agentdojo/.github/workflows/publish.yaml	794	abfc7ad20a21c9bac20b21d5a5a3ce894b7dcadbad9616a9db2df40e77d62ec9
external/AgentWatcher_armc_runtime_v1/agents/agentdojo/docs/CNAME	20	8ad37406e4113826f8e0dfed35a1f2b2f30d6b4e7f70bc2e3d29ce057f86c72d
external/AgentWatcher_armc_runtime_v1/agents/agentdojo/docs/changelog.md	6353	21dde6d1c75e2b559e32fd0dd6fbeac8c4f78f1297b5412208a38ecc171dcdfc
external/AgentWatcher_armc_runtime_v1/agents/agentdojo/docs/development.md	692	6347c73b1e87a807acbaca8ed816976be2d68bc640b853767a14778bd77ac49a
external/AgentWatcher_armc_runtime_v1/agents/agentdojo/docs/index.md	3696	53780de2a58ea661bba37a55eb654a9a8b36c937bd3f0c835a690c8ae21a4d07
external/AgentWatcher_armc_runtime_v1/agents/agentdojo/docs/results-table.html	11041	bdd665fd32069666d3d89e2f54a9b6c12a38798f0e3824b5fe5b6488021d0925
external/AgentWatcher_armc_runtime_v1/agents/agentdojo/docs/results.md	1624	96fa2d1615426809ece5e987880f124c3150b6d221d2b12306ff5c73e7b3a32e
external/AgentWatcher_armc_runtime_v1/agents/agentdojo/docs/api/base_tasks.md	112	1db384c88bd232208b6599aa67ef7c81499cec1410e89c53a9b76105928192a8
external/AgentWatcher_armc_runtime_v1/agents/agentdojo/docs/api/benchmark.md	293	e1a1ef22f5ac41f7bcbeb65ac6b7a594019cf77ccf1d690f84fd229e87f2cbae
external/AgentWatcher_armc_runtime_v1/agents/agentdojo/docs/api/functions_runtime.md	422	ce89e492bee4aa89b380788dc17f39b1277761d91577c6040400b4e7a976e2a2
external/AgentWatcher_armc_runtime_v1/agents/agentdojo/docs/api/task_suite.md	150	5613540277641ff0099987150f8885c256cc62d83b0f0a3dc8f40c4dc9a27172
external/AgentWatcher_armc_runtime_v1/agents/agentdojo/docs/api/types.md	193	62f0ac9493eb28b524f6fade6eabf3bace8c41b93812be545aab4b750fabf6a8
external/AgentWatcher_armc_runtime_v1/agents/agentdojo/docs/api/agent_pipeline/basic_elements.md	1408	924bdfaeb6cbbcb2d66ad7f3634fd838d6699a093ef2b0cb3ec4a13653c0d42a
external/AgentWatcher_armc_runtime_v1/agents/agentdojo/docs/api/agent_pipeline/defenses.md	277	33689e8b5ac1271b0ba05f0d90c354126231738cfd3d997a9bd0fd83e08eba01
external/AgentWatcher_armc_runtime_v1/agents/agentdojo/docs/api/agent_pipeline/llms.md	1098	85d26c8a6e508bca945e48bbc238ca6c47e5b83a15dd3dff8251c78c404d2a44
external/AgentWatcher_armc_runtime_v1/agents/agentdojo/docs/api/attacks/base_attacks.md	469	4d5c5f6ccae9682bbcf0feadb9e6fe831257f960778451be62b7fcfc5167f6e3
external/AgentWatcher_armc_runtime_v1/agents/agentdojo/docs/api/attacks/baseline_attacks.md	808	140767c3b4d1e663fea03efd64945edd9fd338bd4848214a50235805e948b4f1
external/AgentWatcher_armc_runtime_v1/agents/agentdojo/docs/api/attacks/dos_attacks.md	493	d0685c78cb65fe7d1bcb499eb897957f9289ff344b7d17d8f53066ad87b61a23
external/AgentWatcher_armc_runtime_v1/agents/agentdojo/docs/api/attacks/registering_and_loading_attacks.md	218	07177e79afbf060944ce7a9cef5ad592d3c03e32793bab97c24d7d89e87f1bb7
external/AgentWatcher_armc_runtime_v1/agents/agentdojo/docs/concepts/agent_pipeline.md	5108	5d98bbacff461d77245c0dda2958534422dc4988acb1e7aa265200717fa1a364
external/AgentWatcher_armc_runtime_v1/agents/agentdojo/docs/concepts/attacks.md	3677	58a0cb1a1c5cf109aff008ca313deabed17f9c2a52aeeb3022f13f5da532435f
external/AgentWatcher_armc_runtime_v1/agents/agentdojo/docs/concepts/functions_runtime.md	3126	fa2f192658d1fa43548bedbb60b9e353dfa12d6a2c08fd43fc228869e782a6f2
external/AgentWatcher_armc_runtime_v1/agents/agentdojo/docs/concepts/task_suite_and_tasks.md	8604	1cdb32ebe9de269cc5913599fe842ad9e901a63560ab522eb00fd79479bbe51a
external/AgentWatcher_armc_runtime_v1/agents/agentdojo/examples/README.md	481	f2a59639b8955f92b03735b7b4f2e8902ed18388fde15c939060f503b2843a83
external/AgentWatcher_armc_runtime_v1/agents/agentdojo/examples/attack.py	984	d04635eccaefcf5eb6b4d7fb676fd922b302e9bb212488a44d9e4b2e7fd40041
external/AgentWatcher_armc_runtime_v1/agents/agentdojo/examples/functions_runtime.py	2246	ce176f49ae634baeb6b8c7d5fe3b506f659e49aa9ad987bfcb816bb0e2baf5cc
external/AgentWatcher_armc_runtime_v1/agents/agentdojo/examples/pipeline.py	1139	610fc8510bfefe8440eb6c4053919b2ae62272a2e04e07d67aa81bc715cf920f
external/AgentWatcher_armc_runtime_v1/agents/agentdojo/examples/counter_benchmark/__init__.py	0	e3b0c44298fc1c149afbf4c8996fb92427ae41e4649b934ca495991b7852b855
external/AgentWatcher_armc_runtime_v1/agents/agentdojo/examples/counter_benchmark/benchmark.py	256	4e68d7b0ad1409a086d32080748cf989b9a3f05d44923ecaebf341cfbe02b3ed
external/AgentWatcher_armc_runtime_v1/agents/agentdojo/examples/counter_benchmark/data/suites/counter/environment.yaml	97	c40f464e54adc0671697284d92eca2108d79b3d4fb7bcd293e50b966ce2e7d9e
external/AgentWatcher_armc_runtime_v1/agents/agentdojo/examples/counter_benchmark/data/suites/counter/injection_vectors.yaml	83	0f42c72575d7a56dbf3e0dbe18df9d8b5e4512f891b61b48a047c81dfbe8c3fb
external/AgentWatcher_armc_runtime_v1/agents/agentdojo/examples/counter_benchmark/suites/__init__.py	0	e3b0c44298fc1c149afbf4c8996fb92427ae41e4649b934ca495991b7852b855
external/AgentWatcher_armc_runtime_v1/agents/agentdojo/examples/counter_benchmark/suites/tools.py	952	c05bae5800359eda737540c8ab93d1e78286d34eb6f5040f973ab17ea74c331d
external/AgentWatcher_armc_runtime_v1/agents/agentdojo/examples/counter_benchmark/suites/counter/__init__.py	117	0a2f99e8c63bfcec1eda881113207bb358bedd105c7fb9f31c926563571b9864
external/AgentWatcher_armc_runtime_v1/agents/agentdojo/examples/counter_benchmark/suites/counter/injection_tasks.py	1135	75ed50b196edae9325e930359d40ea68287f716a04024ec6ae307cfc86dfc2ba
external/AgentWatcher_armc_runtime_v1/agents/agentdojo/examples/counter_benchmark/suites/counter/task_suite.py	621	fe5e8bc13920abedb3e5bf79ee86a6d1a72b65615a2e50e57887d4cee4e48302
external/AgentWatcher_armc_runtime_v1/agents/agentdojo/examples/counter_benchmark/suites/counter/user_tasks.py	2810	139c59aee61786aef135a2ce649be239aef236e32a15912d970d72f74fdd1766
external/AgentWatcher_armc_runtime_v1/agents/agentdojo/notebooks/agent_pipeline_example.ipynb	35899	e1e2e2cb1dad238a8f5897257e4a03d32ea7bef97b7a1c50dd1c35c97ee0aea3
external/AgentWatcher_armc_runtime_v1/agents/agentdojo/notebooks/analysis.ipynb	593419	7e05b1dab8fb140385012461d8c0fe610f663866944d3adcc6ec0238e2635f82
external/AgentWatcher_armc_runtime_v1/agents/agentdojo/src/agentdojo/__init__.py	1	01ba4719c80b6fe911b091a7c05124b64eeece964e09c058ef8f9805daca546b
external/AgentWatcher_armc_runtime_v1/agents/agentdojo/src/agentdojo/ast_utils.py	3190	08d84f74f66151ff0438cb81aa58d3cd4fdc3f0881a0b5eb26d0b527948be221
external/AgentWatcher_armc_runtime_v1/agents/agentdojo/src/agentdojo/base_tasks.py	6880	08d3a4646d1a250968045b0f933803335650a4ed04c9d2387b17d08b1e0427c5
external/AgentWatcher_armc_runtime_v1/agents/agentdojo/src/agentdojo/benchmark.py	18958	9dbf914df8ca2b18dca9d0f8bac51e706e8e7ccef7af6f4408828d57171bc2be
external/AgentWatcher_armc_runtime_v1/agents/agentdojo/src/agentdojo/functions_runtime.py	12627	3c67f71eb8a7f15d2a15fe9595d84218c5e6868d95fd71d1cef679cd2192d0f7
external/AgentWatcher_armc_runtime_v1/agents/agentdojo/src/agentdojo/logging.py	10004	74d46f7ff3e3eb45b1fae7a025ca0f0dcc4b2e125533927748728c81ae02ce50
external/AgentWatcher_armc_runtime_v1/agents/agentdojo/src/agentdojo/models.py	6204	dab03bdc1a753c262179705a741449e4d39adf9895e92a6b69df7628b4a44826
external/AgentWatcher_armc_runtime_v1/agents/agentdojo/src/agentdojo/strenum.py	280	ac76fd07924a27fc42c33e626c77ed93ea48e9f7d4effc1548b8b908b166737f
external/AgentWatcher_armc_runtime_v1/agents/agentdojo/src/agentdojo/types.py	3490	207b688794d5e214099c00b0dff3a03429f8f3632fcbbdafeac291dc190fbfca
external/AgentWatcher_armc_runtime_v1/agents/agentdojo/src/agentdojo/yaml_loader.py	2597	73443ec93c140dd2365d1c093f983729dca25075ee39e99047fa6c3d22ad9194
external/AgentWatcher_armc_runtime_v1/agents/agentdojo/src/agentdojo/agent_pipeline/__init__.py	1556	b86f458f03f25bc322e897b63348eef2d0480bdd4abcdd80f321d85902fcd80f
external/AgentWatcher_armc_runtime_v1/agents/agentdojo/src/agentdojo/agent_pipeline/agent_pipeline.py	12617	7b0d3b6a30e1e36377ae97526490de6c1710b8ed7431a0f823f8ac9351d0d6f0
external/AgentWatcher_armc_runtime_v1/agents/agentdojo/src/agentdojo/agent_pipeline/base_pipeline_element.py	1318	b15f0eb72a286fdfd26f45a3ac587fd4f44063c2a49ed017d580f5f3f0d1fc34
external/AgentWatcher_armc_runtime_v1/agents/agentdojo/src/agentdojo/agent_pipeline/basic_elements.py	2075	0c35aae9ae3fb8dfdbc5bc7534db51349632ac9743331234f3ee6a86583a5962
external/AgentWatcher_armc_runtime_v1/agents/agentdojo/src/agentdojo/agent_pipeline/errors.py	870	1a828a45524b0e64c3e4abdab342fba721581134b7808dd00f02fa5bc5ca52e1
external/AgentWatcher_armc_runtime_v1/agents/agentdojo/src/agentdojo/agent_pipeline/ground_truth_pipeline.py	2421	acfb119e091589beafc53e98e8371088014d703c4e3f227c09732a86596ad194
external/AgentWatcher_armc_runtime_v1/agents/agentdojo/src/agentdojo/agent_pipeline/inference_utils.py	10350	b75085f3138f148c3cc053e858036ea7571ac8305d78dc1eb023d3036b5a5602
external/AgentWatcher_armc_runtime_v1/agents/agentdojo/src/agentdojo/agent_pipeline/pi_detector.py	7114	9008a2c063ed5cf826f4de23468d4f78369b127782d398a4e5933561e746ecb8
external/AgentWatcher_armc_runtime_v1/agents/agentdojo/src/agentdojo/agent_pipeline/piarena_defense_adapter.py	21798	0afc2131bc7dd3a8ab8e498cecf44743801500210609cd995a6721e3987473ac
external/AgentWatcher_armc_runtime_v1/agents/agentdojo/src/agentdojo/agent_pipeline/planner.py	1867	b5bb490fb3e88ebcc1f995c87b8bdf438419bc67b06ae8d3e812b9fcb3ee851b
external/AgentWatcher_armc_runtime_v1/agents/agentdojo/src/agentdojo/agent_pipeline/tool_execution.py	7170	b31f32e97b2ccd0e2bac8d93cb9cddcd3816fec4f16974eabc828ec9095314f5
external/AgentWatcher_armc_runtime_v1/agents/agentdojo/src/agentdojo/agent_pipeline/llms/__init__.py	0	e3b0c44298fc1c149afbf4c8996fb92427ae41e4649b934ca495991b7852b855
external/AgentWatcher_armc_runtime_v1/agents/agentdojo/src/agentdojo/agent_pipeline/llms/anthropic_llm.py	12765	2530732abe610fa5c2b097621833c7fadaa030fc0f0d3becf1e256a5351bec85
external/AgentWatcher_armc_runtime_v1/agents/agentdojo/src/agentdojo/agent_pipeline/llms/cohere_llm.py	10109	46bda8fe1df1131df7af448a435a33e469431009ab6fccab1544da849eddea1d
external/AgentWatcher_armc_runtime_v1/agents/agentdojo/src/agentdojo/agent_pipeline/llms/google_llm.py	11620	ed9c2d032733a00ea0592f561b6f612f4677aa43f70ac585a7c9741bc83104dc
external/AgentWatcher_armc_runtime_v1/agents/agentdojo/src/agentdojo/agent_pipeline/llms/local_llm.py	7388	11dae03f5abf634a6380f419ccf308c0e12cbb07af00355aaa249ff8f1b14acc
external/AgentWatcher_armc_runtime_v1/agents/agentdojo/src/agentdojo/agent_pipeline/llms/openai_llm.py	10409	8ab22fcc075ad6007d78dddd92052b2470c3c173a86c5ca2db1b4ac608979d29
external/AgentWatcher_armc_runtime_v1/agents/agentdojo/src/agentdojo/agent_pipeline/llms/prompting_llm.py	16653	60c84e3b659eca8d4b03ce838f461b5d5690f92fb1a6642d4ed38c01ff19364c
external/AgentWatcher_armc_runtime_v1/agents/agentdojo/src/agentdojo/agent_pipeline/llms/transformers_llm.py	4099	1ecf557af0897d7e8f84db365d31cfe6abbf2d46d9a57374e462ec8d7dbaee5f
external/AgentWatcher_armc_runtime_v1/agents/agentdojo/src/agentdojo/attacks/__init__.py	493	e5f2a950166c3ef6974ce8f8fcb7ab7dd33a6cd3496205b10c7bd907aa4287b6
external/AgentWatcher_armc_runtime_v1/agents/agentdojo/src/agentdojo/attacks/attack_registry.py	1326	cdbfefa137485531fa3ff33f3235b769d5116b4a1a4544b0fe48bffe212aafe5
external/AgentWatcher_armc_runtime_v1/agents/agentdojo/src/agentdojo/attacks/base_attacks.py	6329	d962c68a8a6cd41c33eac0a2fd27fe38d77dfb3e2f85425b2c2fda63c920b62b
external/AgentWatcher_armc_runtime_v1/agents/agentdojo/src/agentdojo/attacks/baseline_attacks.py	2864	0e3f3cec2173524989d67bd3d934d032774ad3fc5995969c9565613efaa21c6d
external/AgentWatcher_armc_runtime_v1/agents/agentdojo/src/agentdojo/attacks/dos_attacks.py	4540	160aa9604ce31cd3e54ecb06d9ed4acc770066a0dedd11d0742f6205d6077859
external/AgentWatcher_armc_runtime_v1/agents/agentdojo/src/agentdojo/attacks/important_instructions_attacks.py	6222	519f24e0b9d72f43343d665679adacc33758b50cd1b586a81fa53fb098dcfe71
external/AgentWatcher_armc_runtime_v1/agents/agentdojo/src/agentdojo/data/system_messages.yaml	494	b65b4fa81ee473447ae6314b1c41e08f0d53a2e07f2a766901f1f4f1a53c51a4
external/AgentWatcher_armc_runtime_v1/agents/agentdojo/src/agentdojo/data/suites/banking/environment.yaml	2267	3f539da1d97779b244cd122afc683dc69d602f338e1b3c42d126cbde33611c8b
external/AgentWatcher_armc_runtime_v1/agents/agentdojo/src/agentdojo/data/suites/banking/injection_vectors.yaml	657	4eb98a601c108d9b4d88f5d3f2dbf455f775a718975a0ae2624b4cf0d0f6f819
external/AgentWatcher_armc_runtime_v1/agents/agentdojo/src/agentdojo/data/suites/slack/environment.yaml	3867	0ea2f9b83e5ffaae0bf50fab2b13d6c8ee59a952f791b16c9554fdc48935c87d
external/AgentWatcher_armc_runtime_v1/agents/agentdojo/src/agentdojo/data/suites/slack/injection_vectors.yaml	554	efc01621ffa7955ee10e00e916ac933a41bd8347ba285e1e4888813bf5e0d3a2
external/AgentWatcher_armc_runtime_v1/agents/agentdojo/src/agentdojo/data/suites/travel/environment.yaml	20964	ca8ef591bde5a8d8b9e2efe6830b8e4646c43f633c86f14cb878f588bb4b8a3c
external/AgentWatcher_armc_runtime_v1/agents/agentdojo/src/agentdojo/data/suites/travel/injection_vectors.yaml	1529	a6ab848b39d862439e7b4844a617e578294de93cd0176c1851184dd901edb51c
external/AgentWatcher_armc_runtime_v1/agents/agentdojo/src/agentdojo/data/suites/workspace/environment.yaml	123	08a22c4eac0f72012e23c135cf3157b6fa7b35881b57bd2e910a5b059c02d157
external/AgentWatcher_armc_runtime_v1/agents/agentdojo/src/agentdojo/data/suites/workspace/gpt_prompts.txt	5751	2fa475cc5a4e2df6cb7cd944cc1291aaa69191d4e388fd88c36521c877b13cda
external/AgentWatcher_armc_runtime_v1/agents/agentdojo/src/agentdojo/data/suites/workspace/injection_vectors.yaml	2997	3390ac3da090ea0fde5f50ef0a74bf260786b35ab6ff14d47a199ecb41a15489
external/AgentWatcher_armc_runtime_v1/agents/agentdojo/src/agentdojo/data/suites/workspace/include/calendar.yaml	9610	69b0ae96804e986b5a0dba694ad6ca34cf01c8c6b57bb8ceb618d9ed8640b803
external/AgentWatcher_armc_runtime_v1/agents/agentdojo/src/agentdojo/data/suites/workspace/include/cloud_drive.yaml	28245	a9731cd49fe7eb726e43c1727c40eff0d6ca2d85d53728aa744860a8c4214130
external/AgentWatcher_armc_runtime_v1/agents/agentdojo/src/agentdojo/data/suites/workspace/include/inbox.yaml	13942	e6fac364bfb0e89d3d0251ef8079ffa2791504673a426029034356b8228f2082
external/AgentWatcher_armc_runtime_v1/agents/agentdojo/src/agentdojo/default_suites/__init__.py	0	e3b0c44298fc1c149afbf4c8996fb92427ae41e4649b934ca495991b7852b855
external/AgentWatcher_armc_runtime_v1/agents/agentdojo/src/agentdojo/default_suites/v1/__init__.py	1	01ba4719c80b6fe911b091a7c05124b64eeece964e09c058ef8f9805daca546b
external/AgentWatcher_armc_runtime_v1/agents/agentdojo/src/agentdojo/default_suites/v1/banking/__init__.py	348	06dbcff8dddf069419eb0bc4ff7ffaf45c38fc6d0f5ac978d76da47b03700ac3
external/AgentWatcher_armc_runtime_v1/agents/agentdojo/src/agentdojo/default_suites/v1/banking/injection_tasks.py	15309	fa2dedf8e66c95ffadb54f5a26648728b08c56f302858de4ee9a5cc0b3891618
external/AgentWatcher_armc_runtime_v1/agents/agentdojo/src/agentdojo/default_suites/v1/banking/task_suite.py	1093	c58ec73db16f713a16aaec787dac45856e546f4d95be84ab6a4bed9bc12613b6
external/AgentWatcher_armc_runtime_v1/agents/agentdojo/src/agentdojo/default_suites/v1/banking/user_tasks.py	19450	37af838194f001af80cc040315bcb2d69d0112324d424f9a323473b41b317f82
external/AgentWatcher_armc_runtime_v1/agents/agentdojo/src/agentdojo/default_suites/v1/slack/__init__.py	334	711f6ab4ef9cbe2ca5f4ba24cd29ad0d749117572716dcd8ec2d06416ea1def1
external/AgentWatcher_armc_runtime_v1/agents/agentdojo/src/agentdojo/default_suites/v1/slack/injection_tasks.py	9144	d5775da1689e13192b665837e72cee88ed76f622e9b998e9def18b700fdc5afc
external/AgentWatcher_armc_runtime_v1/agents/agentdojo/src/agentdojo/default_suites/v1/slack/task_suite.py	939	bdc6798e8ef83a54e787af80ed44f94e4be8f24aba2eaec2103e3120958c3670
external/AgentWatcher_armc_runtime_v1/agents/agentdojo/src/agentdojo/default_suites/v1/slack/user_tasks.py	26012	25e43a0c58109765da090aa2f01bfb0892aaee70ca1622028074d7b49443a57b
external/AgentWatcher_armc_runtime_v1/agents/agentdojo/src/agentdojo/default_suites/v1/tools/__init__.py	0	e3b0c44298fc1c149afbf4c8996fb92427ae41e4649b934ca495991b7852b855
external/AgentWatcher_armc_runtime_v1/agents/agentdojo/src/agentdojo/default_suites/v1/tools/banking_client.py	5137	0e4273f521db7ff6d5e7f7f552e917b11940102abd932aea8a2998b517441b42
external/AgentWatcher_armc_runtime_v1/agents/agentdojo/src/agentdojo/default_suites/v1/tools/calendar_client.py	10237	5d551339fb87237dd1414a003b26f4f851dbdd2b0826225025e44f16420add22
external/AgentWatcher_armc_runtime_v1/agents/agentdojo/src/agentdojo/default_suites/v1/tools/cloud_drive_client.py	5577	19376d95731c46477037986319bc8522b4bc96f4924e730b11906df23fc00b93
external/AgentWatcher_armc_runtime_v1/agents/agentdojo/src/agentdojo/default_suites/v1/tools/email_client.py	10235	782adb70c81ec765919ae835494fac163dbb46f21ef46f6dcf18eab390b5e294
external/AgentWatcher_armc_runtime_v1/agents/agentdojo/src/agentdojo/default_suites/v1/tools/file_reader.py	435	09438864a1e1ac6564df3e4f7eb60a9a224de2ef8a92c4eb4899f7768ce49d6d
external/AgentWatcher_armc_runtime_v1/agents/agentdojo/src/agentdojo/default_suites/v1/tools/slack.py	4586	c70dbc7b3356e93a1c2bd4e78700859ea58b36adbf8169e51b03f355b0a5fe69
external/AgentWatcher_armc_runtime_v1/agents/agentdojo/src/agentdojo/default_suites/v1/tools/travel_booking_client.py	15177	ad6b3441a38a1ff4bdc7227a15fb9ed764a7906baf2f75902bdb70f2100f69ba
external/AgentWatcher_armc_runtime_v1/agents/agentdojo/src/agentdojo/default_suites/v1/tools/types.py	3422	691ed3353bd04e9f8233c4f70901daefb564e56209a8946f516496520aca3c13
external/AgentWatcher_armc_runtime_v1/agents/agentdojo/src/agentdojo/default_suites/v1/tools/user_account.py	1978	f097c4b2b6cd6784272987d8d37dd7cc5d599620d64b371f7c2af8e65d7ad673
external/AgentWatcher_armc_runtime_v1/agents/agentdojo/src/agentdojo/default_suites/v1/tools/web.py	1436	246cc534a939ade2864bb62441d8452de7a840d007147c22391ad07bff91594c
external/AgentWatcher_armc_runtime_v1/agents/agentdojo/src/agentdojo/default_suites/v1/travel/__init__.py	341	bd0bf8a57c39846c9476adc60be5c870faba09dd497254c2d4520bea21ab3bba
external/AgentWatcher_armc_runtime_v1/agents/agentdojo/src/agentdojo/default_suites/v1/travel/injection_tasks.py	12604	9252be834b0ae0e28fe06744e052987d71d8ad3666b8d0b1f65f2875f998fca8
external/AgentWatcher_armc_runtime_v1/agents/agentdojo/src/agentdojo/default_suites/v1/travel/task_suite.py	3127	a2b58f094bd61a79e245ca74c94d9a3d62cc6bc744e5ee21bdadabb43960ba60
external/AgentWatcher_armc_runtime_v1/agents/agentdojo/src/agentdojo/default_suites/v1/travel/user_tasks.py	76962	757f0e28208f92c2082e016469654524cb1120ec10928ce229da15fe32f6d3ee
external/AgentWatcher_armc_runtime_v1/agents/agentdojo/src/agentdojo/default_suites/v1/workspace/__init__.py	362	b50429a079625b039389dce1063d993e38d18213ace046dffa65a735e73d08f9
external/AgentWatcher_armc_runtime_v1/agents/agentdojo/src/agentdojo/default_suites/v1/workspace/injection_tasks.py	10615	03e0894ffb544a79fd0bfd2c62cc5f90b19a2b1d429068d800239bfd020b6dcc
external/AgentWatcher_armc_runtime_v1/agents/agentdojo/src/agentdojo/default_suites/v1/workspace/task_suite.py	2199	96fa51ab20f03c30cd2d7bc754b76d717ddbd68bdf39adc85f0e92fc4d2c7ec4
external/AgentWatcher_armc_runtime_v1/agents/agentdojo/src/agentdojo/default_suites/v1/workspace/user_tasks.py	55415	d2a550b812b7f40ee2dea17ac19d44f2dd063d103524118216b563eca6e44171
external/AgentWatcher_armc_runtime_v1/agents/agentdojo/src/agentdojo/default_suites/v1_1/__init__.py	69	6afde4c3d03f2535eaf4b7764f6bc35864fe748c2e89b4673e952c2665813b71
external/AgentWatcher_armc_runtime_v1/agents/agentdojo/src/agentdojo/default_suites/v1_1/travel/user_tasks.py	73458	de8746e57fa85a5ee3ec9e4e6d66316c7c33e166e51404ffb64709b4458b9ae6
external/AgentWatcher_armc_runtime_v1/agents/agentdojo/src/agentdojo/default_suites/v1_1_1/__init__.py	307	c12b7d8faa09c773e1432f680c55d2272a21609b8a8460844c0d4f313483e022
external/AgentWatcher_armc_runtime_v1/agents/agentdojo/src/agentdojo/default_suites/v1_1_1/banking/__init__.py	0	e3b0c44298fc1c149afbf4c8996fb92427ae41e4649b934ca495991b7852b855
external/AgentWatcher_armc_runtime_v1/agents/agentdojo/src/agentdojo/default_suites/v1_1_1/banking/user_tasks.py	2751	d7858d3f9a573fcc334d19d4aa63ba92867cd8d5b99e2d102f7c60840fd42b81
external/AgentWatcher_armc_runtime_v1/agents/agentdojo/src/agentdojo/default_suites/v1_1_1/slack/__init__.py	0	e3b0c44298fc1c149afbf4c8996fb92427ae41e4649b934ca495991b7852b855
external/AgentWatcher_armc_runtime_v1/agents/agentdojo/src/agentdojo/default_suites/v1_1_1/slack/user_tasks.py	11114	d63bace385d0f341cb3d20bbb698a3d1530d7eb6e346cc65d04e4b7ea255467d
external/AgentWatcher_armc_runtime_v1/agents/agentdojo/src/agentdojo/default_suites/v1_1_1/travel/__init__.py	0	e3b0c44298fc1c149afbf4c8996fb92427ae41e4649b934ca495991b7852b855
external/AgentWatcher_armc_runtime_v1/agents/agentdojo/src/agentdojo/default_suites/v1_1_1/travel/injection_tasks.py	2995	23f325aa0821c7982991657588ee0b58057423559e97d6ebd6febc8274b5ac1b
external/AgentWatcher_armc_runtime_v1/agents/agentdojo/src/agentdojo/default_suites/v1_1_1/travel/user_tasks.py	4257	356e46470861de40172a252e92149a2396bca3f66cfcadc0e5a4450fe11c979f
external/AgentWatcher_armc_runtime_v1/agents/agentdojo/src/agentdojo/default_suites/v1_1_1/workspace/user_tasks.py	8010	76da20246f658609a96d95dc206ae7f58785cab5b1f100f76d367c8e4b6fc7f9
external/AgentWatcher_armc_runtime_v1/agents/agentdojo/src/agentdojo/default_suites/v1_1_2/__init__.py	201	2a9e4756075bf0f0db19525d86dec24c98df7ac7a1f5e7fb239a5d438fd6b720
external/AgentWatcher_armc_runtime_v1/agents/agentdojo/src/agentdojo/default_suites/v1_1_2/travel/__init__.py	0	e3b0c44298fc1c149afbf4c8996fb92427ae41e4649b934ca495991b7852b855
external/AgentWatcher_armc_runtime_v1/agents/agentdojo/src/agentdojo/default_suites/v1_1_2/travel/injection_tasks.py	5267	d8688a8896736e4807b649340b84af65eb7b36f34d082073690333445a410b39
external/AgentWatcher_armc_runtime_v1/agents/agentdojo/src/agentdojo/default_suites/v1_1_2/workspace/__init__.py	0	e3b0c44298fc1c149afbf4c8996fb92427ae41e4649b934ca495991b7852b855
external/AgentWatcher_armc_runtime_v1/agents/agentdojo/src/agentdojo/default_suites/v1_1_2/workspace/injection_tasks.py	8339	3ffccf1e54362377a3d02955010b041a572c64aa209bb3e8b70c1fe5fc76fdad
external/AgentWatcher_armc_runtime_v1/agents/agentdojo/src/agentdojo/default_suites/v1_1_2/workspace/user_tasks.py	5395	ff4e1b65f10346ba167d44b3236f4fe10fbb2066d6e2a22c4edc8b243d0f0a53
external/AgentWatcher_armc_runtime_v1/agents/agentdojo/src/agentdojo/default_suites/v1_2/__init__.py	365	cc643d412ba5aea5dfe7896a130af95d05740bcc62ff9df97835ed66786b7498
external/AgentWatcher_armc_runtime_v1/agents/agentdojo/src/agentdojo/default_suites/v1_2/banking/injection_tasks.py	15207	3e678ad165f911dbc16c8307de761dcc15da274716bec7ac0d05db167ec2c311
external/AgentWatcher_armc_runtime_v1/agents/agentdojo/src/agentdojo/default_suites/v1_2/slack/user_tasks.py	3377	36c51c6fd744301ed5dd9b654f02aca504af50df827453d1754862ed6201fcc2
external/AgentWatcher_armc_runtime_v1/agents/agentdojo/src/agentdojo/default_suites/v1_2/travel/injection_tasks.py	2048	15b8ccee487223bfc6afc58cf05591e3a96fb668eee39d7d47ac2fd98f5173c0
external/AgentWatcher_armc_runtime_v1/agents/agentdojo/src/agentdojo/default_suites/v1_2/travel/user_tasks.py	5037	a563163efea5e723e4fbbafae66fca33e6b743e50f6c25865167dc0663615ef9
external/AgentWatcher_armc_runtime_v1/agents/agentdojo/src/agentdojo/default_suites/v1_2/workspace/injection_tasks.py	17963	8d878576023085838786d7f06d5a882fb51d251f567599f7b363e16f3eb2bc91
external/AgentWatcher_armc_runtime_v1/agents/agentdojo/src/agentdojo/default_suites/v1_2/workspace/user_tasks.py	8951	6b21b84053d1ac1703674e75d75dd4986e489d3434fcf60e8707b96114ab03bb
external/AgentWatcher_armc_runtime_v1/agents/agentdojo/src/agentdojo/default_suites/v1_2_1/__init__.py	79	e092b155d26104e080e15ccb1747fdc0365be0b318475886337e4089d9484739
external/AgentWatcher_armc_runtime_v1/agents/agentdojo/src/agentdojo/default_suites/v1_2_1/workspace/injection_tasks.py	4361	5a30d439850b58cfb834840bdfe7bbdf4405859bb1899e59ef476f29156078e8
external/AgentWatcher_armc_runtime_v1/agents/agentdojo/src/agentdojo/default_suites/v1_2_2/__init__.py	132	12ca1e18055f78ee067cc25e94cce459426ec744b70edd4a335aca4d5df2f157
external/AgentWatcher_armc_runtime_v1/agents/agentdojo/src/agentdojo/default_suites/v1_2_2/banking/__init__.py	0	e3b0c44298fc1c149afbf4c8996fb92427ae41e4649b934ca495991b7852b855
external/AgentWatcher_armc_runtime_v1/agents/agentdojo/src/agentdojo/default_suites/v1_2_2/banking/user_tasks.py	1945	f3b8417c51b7fe33c0f85571d543a64811f6ef3e4ab9c7ae9568834db66064b2
external/AgentWatcher_armc_runtime_v1/agents/agentdojo/src/agentdojo/default_suites/v1_2_2/workspace/__init__.py	74	f79fffc92bb4655f4c3a575a56ec8e19c1c1979618bed8e70e43b49ea58ca689
external/AgentWatcher_armc_runtime_v1/agents/agentdojo/src/agentdojo/default_suites/v1_2_2/workspace/user_tasks.py	1452	4873a5c1ba3be813cff5f85e6f921f92f7b3a90e21d2d412e043bcfea696de9b
external/AgentWatcher_armc_runtime_v1/agents/agentdojo/src/agentdojo/scripts/__init__.py	0	e3b0c44298fc1c149afbf4c8996fb92427ae41e4649b934ca495991b7852b855
external/AgentWatcher_armc_runtime_v1/agents/agentdojo/src/agentdojo/scripts/benchmark.py	13007	b95587a904296fb43e0fbd35a63c2d324ca392301b08941de6bb9d48fbe6fbed
external/AgentWatcher_armc_runtime_v1/agents/agentdojo/src/agentdojo/scripts/check_suites.py	2591	7806527357e126d54fa88a2a0ef2eec3f7b6ffefca90f63c179012dc51d91ef6
external/AgentWatcher_armc_runtime_v1/agents/agentdojo/src/agentdojo/task_suite/__init__.py	374	6821364aecf7c72451e36fde92974188e221e71b19936659795d9ff771718406
external/AgentWatcher_armc_runtime_v1/agents/agentdojo/src/agentdojo/task_suite/load_suites.py	3143	e9c97813ed8295f25526733df044e9adf8ba18567eaeec3455591c4fbc1caa12
external/AgentWatcher_armc_runtime_v1/agents/agentdojo/src/agentdojo/task_suite/task_combinators.py	3526	a225f427c006b2fd814df86c47225ce9193d51857e3f14e69c8a56ee49116df1
external/AgentWatcher_armc_runtime_v1/agents/agentdojo/src/agentdojo/task_suite/task_suite.py	19850	395e30a3d913ea5a041c1d696157b0dcb3ea82901be26fe34f3955b108e87ad9
external/AgentWatcher_armc_runtime_v1/agents/agentdojo/tests/__init__.py	0	e3b0c44298fc1c149afbf4c8996fb92427ae41e4649b934ca495991b7852b855
external/AgentWatcher_armc_runtime_v1/agents/agentdojo/tests/test_ast_utils.py	1680	041b279341f3ae80422513a59cf409f49023e685810418f87d2f6af2f7b73182
external/AgentWatcher_armc_runtime_v1/agents/agentdojo/tests/test_benchmark.py	2382	964ba695f4c9b917b745b51b24bbb17eee3a16da84721192eda11aa7204fa69b
external/AgentWatcher_armc_runtime_v1/agents/agentdojo/tests/test_workspace_user_tasks.py	5342	daa6f8c8f19931a3921709b460292882a1f1e8fc7a467094c7816a23e5478f72
external/AgentWatcher_armc_runtime_v1/agents/agentdojo/tests/test_agent_pipeline/test_anthropic_llm.py	4358	9d3d28fbe64823f4d8382c2f2ef71233501975d118136eacd32795bb78f694ff
external/AgentWatcher_armc_runtime_v1/agents/agentdojo/tests/test_agent_pipeline/test_cohere_llm.py	3215	abe76dbdc50ee175ae1b6fb616a34eb2212db6d941b03688e0c0ee43650e2f1c
external/AgentWatcher_armc_runtime_v1/agents/agentdojo/tests/test_agent_pipeline/test_google_llm.py	2444	3addc2d778353b2ebb4bb8cbe475b539ad459ab517c3936209319f0f06502e73
external/AgentWatcher_armc_runtime_v1/agents/agentdojo/tests/test_agent_pipeline/test_pi_detector.py	3313	adc7e176c264604c099ee9c90aeb6f355fcb43d70cbb742b02a6e1bd1f63dc70
external/AgentWatcher_armc_runtime_v1/agents/agentdojo/tests/test_agent_pipeline/test_prompting_llm.py	4883	d0d629bafb9c270ec01ce93f5820f4be588e51af5dae114ec95a51c3834ebd99
external/AgentWatcher_armc_runtime_v1/agents/agentdojo/tests/test_functions_runtime/__init__.py	0	e3b0c44298fc1c149afbf4c8996fb92427ae41e4649b934ca495991b7852b855
external/AgentWatcher_armc_runtime_v1/agents/agentdojo/tests/test_functions_runtime/test_functions_runtime.py	14051	9c5e85851263149e904e14111e0cb9a1d87ab0bc958b88d958b4bf3870aff6fa
external/AgentWatcher_armc_runtime_v1/agents/agentdojo/util_scripts/create_results_table.py	12242	ab068d131078b77fb9680581cc6f31f565f07ebf36f70e2048070b7ab45087ce
external/AgentWatcher_armc_runtime_v1/agents/agentdojo/util_scripts/run_vllm.sh	1558	9624df58d748afec79985fa899975909af167b985634960f36f5f4e8bd05c0e2
external/AgentWatcher_armc_runtime_v1/agents/agentdojo/util_scripts/run_vllm_parallel.sh	2389	9a0df9c7c1440757f2539d7724ce346b5407e9b6e2b17a4efbef5c147b5539fc
external/AgentWatcher_armc_runtime_v1/agents/agentdyn/CITATION.bib	492	b97dc76c5e3a6a9adb0f53861fa1ebff626a5782e4204047caed1c5eba041084
external/AgentWatcher_armc_runtime_v1/agents/agentdyn/CLAUDE.md	4892	932a97dfd3931e7d7d9b3002d5b5ca947fc754b2e58b2b50e4953253d25d6395
external/AgentWatcher_armc_runtime_v1/agents/agentdyn/CONTRIBUTING.md	328	173bdacfde08f0ff5437175a540aeb6d18609053ad8e641c86450c72a3e209fc
external/AgentWatcher_armc_runtime_v1/agents/agentdyn/LICENSE	1161	4285a071f2d382338e52b4fb0a186d952984a34d43a33d8872e1a1d8cb43401e
external/AgentWatcher_armc_runtime_v1/agents/agentdyn/README.md	3210	f5a1c40cbc8d9fea80cc78a00f0e0d3f8ac97b8c233896a891cb26eec00016b3
external/AgentWatcher_armc_runtime_v1/agents/agentdyn/agentdojo_README.md	3188	dbb08cf57bb96f27fa598bc4c0a8c26cf85129cac0c109ae645bac264066dbcd
external/AgentWatcher_armc_runtime_v1/agents/agentdyn/mkdocs.yml	4178	ba7c474e71a134968025c31e4a76e983caa982f01a51f9996026c0116d385e70
external/AgentWatcher_armc_runtime_v1/agents/agentdyn/pyproject.toml	3179	f69dde819258d5dc2c6dca13ecbb116e54904374879a5c921332db36474e0a3b
external/AgentWatcher_armc_runtime_v1/agents/agentdyn/uv.lock	631621	395e3d0a59214515008d27c4462c9723ab7594374243f561ad5f19b3aa8a5330
external/AgentWatcher_armc_runtime_v1/agents/agentdyn/docs/CNAME	20	8ad37406e4113826f8e0dfed35a1f2b2f30d6b4e7f70bc2e3d29ce057f86c72d
external/AgentWatcher_armc_runtime_v1/agents/agentdyn/docs/changelog.md	6353	21dde6d1c75e2b559e32fd0dd6fbeac8c4f78f1297b5412208a38ecc171dcdfc
external/AgentWatcher_armc_runtime_v1/agents/agentdyn/docs/development.md	692	6347c73b1e87a807acbaca8ed816976be2d68bc640b853767a14778bd77ac49a
external/AgentWatcher_armc_runtime_v1/agents/agentdyn/docs/index.md	3696	53780de2a58ea661bba37a55eb654a9a8b36c937bd3f0c835a690c8ae21a4d07
external/AgentWatcher_armc_runtime_v1/agents/agentdyn/docs/results-table.html	11041	bdd665fd32069666d3d89e2f54a9b6c12a38798f0e3824b5fe5b6488021d0925
external/AgentWatcher_armc_runtime_v1/agents/agentdyn/docs/results.md	1624	96fa2d1615426809ece5e987880f124c3150b6d221d2b12306ff5c73e7b3a32e
external/AgentWatcher_armc_runtime_v1/agents/agentdyn/docs/api/base_tasks.md	112	1db384c88bd232208b6599aa67ef7c81499cec1410e89c53a9b76105928192a8
external/AgentWatcher_armc_runtime_v1/agents/agentdyn/docs/api/benchmark.md	293	e1a1ef22f5ac41f7bcbeb65ac6b7a594019cf77ccf1d690f84fd229e87f2cbae
external/AgentWatcher_armc_runtime_v1/agents/agentdyn/docs/api/functions_runtime.md	422	ce89e492bee4aa89b380788dc17f39b1277761d91577c6040400b4e7a976e2a2
external/AgentWatcher_armc_runtime_v1/agents/agentdyn/docs/api/task_suite.md	150	5613540277641ff0099987150f8885c256cc62d83b0f0a3dc8f40c4dc9a27172
external/AgentWatcher_armc_runtime_v1/agents/agentdyn/docs/api/types.md	193	62f0ac9493eb28b524f6fade6eabf3bace8c41b93812be545aab4b750fabf6a8
external/AgentWatcher_armc_runtime_v1/agents/agentdyn/docs/api/agent_pipeline/basic_elements.md	1408	924bdfaeb6cbbcb2d66ad7f3634fd838d6699a093ef2b0cb3ec4a13653c0d42a
external/AgentWatcher_armc_runtime_v1/agents/agentdyn/docs/api/agent_pipeline/defenses.md	277	33689e8b5ac1271b0ba05f0d90c354126231738cfd3d997a9bd0fd83e08eba01
external/AgentWatcher_armc_runtime_v1/agents/agentdyn/docs/api/agent_pipeline/llms.md	1098	85d26c8a6e508bca945e48bbc238ca6c47e5b83a15dd3dff8251c78c404d2a44
external/AgentWatcher_armc_runtime_v1/agents/agentdyn/docs/api/attacks/base_attacks.md	469	4d5c5f6ccae9682bbcf0feadb9e6fe831257f960778451be62b7fcfc5167f6e3
external/AgentWatcher_armc_runtime_v1/agents/agentdyn/docs/api/attacks/baseline_attacks.md	808	140767c3b4d1e663fea03efd64945edd9fd338bd4848214a50235805e948b4f1
external/AgentWatcher_armc_runtime_v1/agents/agentdyn/docs/api/attacks/dos_attacks.md	493	d0685c78cb65fe7d1bcb499eb897957f9289ff344b7d17d8f53066ad87b61a23
external/AgentWatcher_armc_runtime_v1/agents/agentdyn/docs/api/attacks/registering_and_loading_attacks.md	218	07177e79afbf060944ce7a9cef5ad592d3c03e32793bab97c24d7d89e87f1bb7
external/AgentWatcher_armc_runtime_v1/agents/agentdyn/docs/concepts/agent_pipeline.md	5108	5d98bbacff461d77245c0dda2958534422dc4988acb1e7aa265200717fa1a364
external/AgentWatcher_armc_runtime_v1/agents/agentdyn/docs/concepts/attacks.md	3677	58a0cb1a1c5cf109aff008ca313deabed17f9c2a52aeeb3022f13f5da532435f
external/AgentWatcher_armc_runtime_v1/agents/agentdyn/docs/concepts/functions_runtime.md	3126	fa2f192658d1fa43548bedbb60b9e353dfa12d6a2c08fd43fc228869e782a6f2
external/AgentWatcher_armc_runtime_v1/agents/agentdyn/docs/concepts/task_suite_and_tasks.md	8604	1cdb32ebe9de269cc5913599fe842ad9e901a63560ab522eb00fd79479bbe51a
external/AgentWatcher_armc_runtime_v1/agents/agentdyn/examples/README.md	481	f2a59639b8955f92b03735b7b4f2e8902ed18388fde15c939060f503b2843a83
external/AgentWatcher_armc_runtime_v1/agents/agentdyn/examples/attack.py	984	d04635eccaefcf5eb6b4d7fb676fd922b302e9bb212488a44d9e4b2e7fd40041
external/AgentWatcher_armc_runtime_v1/agents/agentdyn/examples/functions_runtime.py	2246	ce176f49ae634baeb6b8c7d5fe3b506f659e49aa9ad987bfcb816bb0e2baf5cc
external/AgentWatcher_armc_runtime_v1/agents/agentdyn/examples/pipeline.py	1139	610fc8510bfefe8440eb6c4053919b2ae62272a2e04e07d67aa81bc715cf920f
external/AgentWatcher_armc_runtime_v1/agents/agentdyn/examples/counter_benchmark/__init__.py	0	e3b0c44298fc1c149afbf4c8996fb92427ae41e4649b934ca495991b7852b855
external/AgentWatcher_armc_runtime_v1/agents/agentdyn/examples/counter_benchmark/benchmark.py	256	4e68d7b0ad1409a086d32080748cf989b9a3f05d44923ecaebf341cfbe02b3ed
external/AgentWatcher_armc_runtime_v1/agents/agentdyn/examples/counter_benchmark/data/suites/counter/environment.yaml	97	c40f464e54adc0671697284d92eca2108d79b3d4fb7bcd293e50b966ce2e7d9e
external/AgentWatcher_armc_runtime_v1/agents/agentdyn/examples/counter_benchmark/data/suites/counter/injection_vectors.yaml	83	0f42c72575d7a56dbf3e0dbe18df9d8b5e4512f891b61b48a047c81dfbe8c3fb
external/AgentWatcher_armc_runtime_v1/agents/agentdyn/examples/counter_benchmark/suites/__init__.py	0	e3b0c44298fc1c149afbf4c8996fb92427ae41e4649b934ca495991b7852b855
external/AgentWatcher_armc_runtime_v1/agents/agentdyn/examples/counter_benchmark/suites/tools.py	952	c05bae5800359eda737540c8ab93d1e78286d34eb6f5040f973ab17ea74c331d
external/AgentWatcher_armc_runtime_v1/agents/agentdyn/examples/counter_benchmark/suites/counter/__init__.py	117	0a2f99e8c63bfcec1eda881113207bb358bedd105c7fb9f31c926563571b9864
external/AgentWatcher_armc_runtime_v1/agents/agentdyn/examples/counter_benchmark/suites/counter/injection_tasks.py	1135	75ed50b196edae9325e930359d40ea68287f716a04024ec6ae307cfc86dfc2ba
external/AgentWatcher_armc_runtime_v1/agents/agentdyn/examples/counter_benchmark/suites/counter/task_suite.py	621	fe5e8bc13920abedb3e5bf79ee86a6d1a72b65615a2e50e57887d4cee4e48302
external/AgentWatcher_armc_runtime_v1/agents/agentdyn/examples/counter_benchmark/suites/counter/user_tasks.py	2810	139c59aee61786aef135a2ce649be239aef236e32a15912d970d72f74fdd1766
external/AgentWatcher_armc_runtime_v1/agents/agentdyn/notebooks/agent_pipeline_example.ipynb	35899	e1e2e2cb1dad238a8f5897257e4a03d32ea7bef97b7a1c50dd1c35c97ee0aea3
external/AgentWatcher_armc_runtime_v1/agents/agentdyn/notebooks/analysis.ipynb	593419	7e05b1dab8fb140385012461d8c0fe610f663866944d3adcc6ec0238e2635f82
external/AgentWatcher_armc_runtime_v1/agents/agentdyn/src/agentdojo/__init__.py	1	01ba4719c80b6fe911b091a7c05124b64eeece964e09c058ef8f9805daca546b
external/AgentWatcher_armc_runtime_v1/agents/agentdyn/src/agentdojo/ast_utils.py	3190	08d84f74f66151ff0438cb81aa58d3cd4fdc3f0881a0b5eb26d0b527948be221
external/AgentWatcher_armc_runtime_v1/agents/agentdyn/src/agentdojo/base_tasks.py	6880	08d3a4646d1a250968045b0f933803335650a4ed04c9d2387b17d08b1e0427c5
external/AgentWatcher_armc_runtime_v1/agents/agentdyn/src/agentdojo/benchmark.py	19305	44f0e7bfa1480071f024a8087a82ec45d07226bede0fa00282e04f807b259544
external/AgentWatcher_armc_runtime_v1/agents/agentdyn/src/agentdojo/functions_runtime.py	12627	3c67f71eb8a7f15d2a15fe9595d84218c5e6868d95fd71d1cef679cd2192d0f7
external/AgentWatcher_armc_runtime_v1/agents/agentdyn/src/agentdojo/models.py	7259	b9208ee15596f2af327dadb6a45f316f8aeef99b6ba93f9c574499ea3ba2a6bd
external/AgentWatcher_armc_runtime_v1/agents/agentdyn/src/agentdojo/strenum.py	280	ac76fd07924a27fc42c33e626c77ed93ea48e9f7d4effc1548b8b908b166737f
external/AgentWatcher_armc_runtime_v1/agents/agentdyn/src/agentdojo/types.py	3490	207b688794d5e214099c00b0dff3a03429f8f3632fcbbdafeac291dc190fbfca
external/AgentWatcher_armc_runtime_v1/agents/agentdyn/src/agentdojo/yaml_loader.py	2597	73443ec93c140dd2365d1c093f983729dca25075ee39e99047fa6c3d22ad9194
external/AgentWatcher_armc_runtime_v1/agents/agentdyn/src/agentdojo/agent_pipeline/__init__.py	1556	b86f458f03f25bc322e897b63348eef2d0480bdd4abcdd80f321d85902fcd80f
external/AgentWatcher_armc_runtime_v1/agents/agentdyn/src/agentdojo/agent_pipeline/agent_pipeline.py	12969	dd01ec8bf861387cf288f5d5e44dee1e6ec8ab2916d19bc7ae315b9347c73cac
external/AgentWatcher_armc_runtime_v1/agents/agentdyn/src/agentdojo/agent_pipeline/base_pipeline_element.py	1318	b15f0eb72a286fdfd26f45a3ac587fd4f44063c2a49ed017d580f5f3f0d1fc34
external/AgentWatcher_armc_runtime_v1/agents/agentdyn/src/agentdojo/agent_pipeline/basic_elements.py	2075	0c35aae9ae3fb8dfdbc5bc7534db51349632ac9743331234f3ee6a86583a5962
external/AgentWatcher_armc_runtime_v1/agents/agentdyn/src/agentdojo/agent_pipeline/errors.py	870	1a828a45524b0e64c3e4abdab342fba721581134b7808dd00f02fa5bc5ca52e1
external/AgentWatcher_armc_runtime_v1/agents/agentdyn/src/agentdojo/agent_pipeline/ground_truth_pipeline.py	2421	acfb119e091589beafc53e98e8371088014d703c4e3f227c09732a86596ad194
external/AgentWatcher_armc_runtime_v1/agents/agentdyn/src/agentdojo/agent_pipeline/inference_utils.py	8201	e094f7bcb6b150395a804b8745c7ab229640b84a0024235f3a19ace6123340bb
external/AgentWatcher_armc_runtime_v1/agents/agentdyn/src/agentdojo/agent_pipeline/pi_detector.py	7154	6a7f1d075cc5e5f06b34d71974a6e525664f4d1f4b31793b09be756e70bc18e9
external/AgentWatcher_armc_runtime_v1/agents/agentdyn/src/agentdojo/agent_pipeline/piarena_defense_adapter.py	17845	3057f3c0f74eca132cb5e169bdfb05586cec508be647f613264786cae8e560ea
external/AgentWatcher_armc_runtime_v1/agents/agentdyn/src/agentdojo/agent_pipeline/planner.py	1867	b5bb490fb3e88ebcc1f995c87b8bdf438419bc67b06ae8d3e812b9fcb3ee851b
external/AgentWatcher_armc_runtime_v1/agents/agentdyn/src/agentdojo/agent_pipeline/tool_execution.py	6624	96842ef579714cdc7f854bc13d4bca2be0c27897abc29dad2e1ba33ce3b11bdc
external/AgentWatcher_armc_runtime_v1/agents/agentdyn/src/agentdojo/agent_pipeline/llms/__init__.py	0	e3b0c44298fc1c149afbf4c8996fb92427ae41e4649b934ca495991b7852b855
external/AgentWatcher_armc_runtime_v1/agents/agentdyn/src/agentdojo/agent_pipeline/llms/anthropic_llm.py	12764	381d91588b533fd3d78688730a4e95adf6c5d328eb4114754b43bc364d27694e
external/AgentWatcher_armc_runtime_v1/agents/agentdyn/src/agentdojo/agent_pipeline/llms/cohere_llm.py	10109	46bda8fe1df1131df7af448a435a33e469431009ab6fccab1544da849eddea1d
external/AgentWatcher_armc_runtime_v1/agents/agentdyn/src/agentdojo/agent_pipeline/llms/google_llm.py	11620	ed9c2d032733a00ea0592f561b6f612f4677aa43f70ac585a7c9741bc83104dc
external/AgentWatcher_armc_runtime_v1/agents/agentdyn/src/agentdojo/agent_pipeline/llms/local_llm.py	7388	11dae03f5abf634a6380f419ccf308c0e12cbb07af00355aaa249ff8f1b14acc
external/AgentWatcher_armc_runtime_v1/agents/agentdyn/src/agentdojo/agent_pipeline/llms/openai_llm.py	9993	7a2a1d402834bb633c161b7c76be962362d96b234abd70da0610dfa29a5a98bc
external/AgentWatcher_armc_runtime_v1/agents/agentdyn/src/agentdojo/agent_pipeline/llms/prompting_llm.py	16653	60c84e3b659eca8d4b03ce838f461b5d5690f92fb1a6642d4ed38c01ff19364c
external/AgentWatcher_armc_runtime_v1/agents/agentdyn/src/agentdojo/attacks/__init__.py	493	e5f2a950166c3ef6974ce8f8fcb7ab7dd33a6cd3496205b10c7bd907aa4287b6
external/AgentWatcher_armc_runtime_v1/agents/agentdyn/src/agentdojo/attacks/attack_registry.py	1326	cdbfefa137485531fa3ff33f3235b769d5116b4a1a4544b0fe48bffe212aafe5
external/AgentWatcher_armc_runtime_v1/agents/agentdyn/src/agentdojo/attacks/base_attacks.py	6329	d962c68a8a6cd41c33eac0a2fd27fe38d77dfb3e2f85425b2c2fda63c920b62b
external/AgentWatcher_armc_runtime_v1/agents/agentdyn/src/agentdojo/attacks/baseline_attacks.py	2864	0e3f3cec2173524989d67bd3d934d032774ad3fc5995969c9565613efaa21c6d
external/AgentWatcher_armc_runtime_v1/agents/agentdyn/src/agentdojo/attacks/dos_attacks.py	4540	160aa9604ce31cd3e54ecb06d9ed4acc770066a0dedd11d0742f6205d6077859
external/AgentWatcher_armc_runtime_v1/agents/agentdyn/src/agentdojo/attacks/important_instructions_attacks.py	6222	519f24e0b9d72f43343d665679adacc33758b50cd1b586a81fa53fb098dcfe71
external/AgentWatcher_armc_runtime_v1/agents/agentdyn/src/agentdojo/data/system_messages.yaml	570	023418804c74bdadb75f7fcb571f7ea8dadaf52c767502fa00b9ee238f0bbc6f
external/AgentWatcher_armc_runtime_v1/agents/agentdyn/src/agentdojo/data/suites/banking/environment.yaml	2267	3f539da1d97779b244cd122afc683dc69d602f338e1b3c42d126cbde33611c8b
external/AgentWatcher_armc_runtime_v1/agents/agentdyn/src/agentdojo/data/suites/banking/injection_vectors.yaml	657	4eb98a601c108d9b4d88f5d3f2dbf455f775a718975a0ae2624b4cf0d0f6f819
external/AgentWatcher_armc_runtime_v1/agents/agentdyn/src/agentdojo/data/suites/dailylife/environment.yaml	352	284499a8280d4d2e1a78541508167a4db4dffb7dda648cabce9014f12e3afd99
external/AgentWatcher_armc_runtime_v1/agents/agentdyn/src/agentdojo/data/suites/dailylife/injection_vectors.yaml	5135	0c11839640a24b5e51392d24419eda5645c6e16760d2f12e5cd445259e0b9eaf
external/AgentWatcher_armc_runtime_v1/agents/agentdyn/src/agentdojo/data/suites/dailylife/include/bank_database.yaml	2904	47397af606eca5e47405173cd831e6df6d678bf08c96eeea018cfb8a188c8d9d
external/AgentWatcher_armc_runtime_v1/agents/agentdyn/src/agentdojo/data/suites/dailylife/include/calendar.yaml	1556	bd36653c607672e5da84c97d42130afba6800d655015297547f35b7ad6a18b86
external/AgentWatcher_armc_runtime_v1/agents/agentdyn/src/agentdojo/data/suites/dailylife/include/email_database.yaml	7821	2cd60b80fcd05d8d9bdf584dec72c8e1612ff1820a5a6433d9fe5f94b146ccd4
external/AgentWatcher_armc_runtime_v1/agents/agentdyn/src/agentdojo/data/suites/dailylife/include/filesystem.yaml	7681	bfa814f77005eda253c3d4339d22bac319cb10eda665a99e7708921fdda39c8f
external/AgentWatcher_armc_runtime_v1/agents/agentdyn/src/agentdojo/data/suites/dailylife/include/github_platform.yaml	7710	1d8ff3766ef9afb442f746dd767f5e39f567923f08e7e11b05b1b61221242e70
external/AgentWatcher_armc_runtime_v1/agents/agentdyn/src/agentdojo/data/suites/dailylife/include/shopping_platform.yaml	26444	522b01a09ef6dc7e293b253b8d95ea81fe190682f04a427e579791943a38002b
external/AgentWatcher_armc_runtime_v1/agents/agentdyn/src/agentdojo/data/suites/dailylife/include/web_database.yaml	26981	28c995d8e69389ae361a546ba8c68fa296c52632a3dda96bf5cdd527daa78a5b
external/AgentWatcher_armc_runtime_v1/agents/agentdyn/src/agentdojo/data/suites/github/environment.yaml	352	284499a8280d4d2e1a78541508167a4db4dffb7dda648cabce9014f12e3afd99
external/AgentWatcher_armc_runtime_v1/agents/agentdyn/src/agentdojo/data/suites/github/injection_vectors.yaml	5035	9f64f5f92ab15cd878b054103e85f7e373613ff5591ee943e07078290dbef892
external/AgentWatcher_armc_runtime_v1/agents/agentdyn/src/agentdojo/data/suites/github/include/bank_database.yaml	1923	057d3d234f70b8c884cd1fcbb46b9e300980f6e5857136e523318e0bb958868e
external/AgentWatcher_armc_runtime_v1/agents/agentdyn/src/agentdojo/data/suites/github/include/calendar.yaml	1155	e1e071d6206f09822da6516cb682defad95b308c93ba227794a34f09ea59d73a
external/AgentWatcher_armc_runtime_v1/agents/agentdyn/src/agentdojo/data/suites/github/include/email_database.yaml	7845	6ba1c2faf1853f19d6d20210df3a2f9cc115a3bc0e6d8b78f9a8b81def691422
external/AgentWatcher_armc_runtime_v1/agents/agentdyn/src/agentdojo/data/suites/github/include/filesystem.yaml	7448	b459cdefa9d739cedd81173922fca2e960f24d11aed71460c687c14014835ec8
external/AgentWatcher_armc_runtime_v1/agents/agentdyn/src/agentdojo/data/suites/github/include/github_platform.yaml	9686	110fb8c3d3f56d5980bb18c9f6cb977689d8d9c3a20acc5323695498ad542b9a
external/AgentWatcher_armc_runtime_v1/agents/agentdyn/src/agentdojo/data/suites/github/include/shopping_platform.yaml	27728	e086d81a604ae7403ee4d7347096e5594253a5a27f7b37d128509dfd128b92c5
external/AgentWatcher_armc_runtime_v1/agents/agentdyn/src/agentdojo/data/suites/github/include/web_database.yaml	15076	e743f8bbe8b7a185acb27c63c383ffa6f02f551ff30d98611b5f94437be0c332
external/AgentWatcher_armc_runtime_v1/agents/agentdyn/src/agentdojo/data/suites/shopping/environment.yaml	352	284499a8280d4d2e1a78541508167a4db4dffb7dda648cabce9014f12e3afd99
external/AgentWatcher_armc_runtime_v1/agents/agentdyn/src/agentdojo/data/suites/shopping/environment——.yaml	10059	c41de80526966a4af63b1d31e6df13db8cc646a1f80308df4e002290a0d721d0
external/AgentWatcher_armc_runtime_v1/agents/agentdyn/src/agentdojo/data/suites/shopping/injection_vectors.yaml	4449	e20fe51b756857301f2e1638868ca4bab0421126a9a14d738deef206651ab8b8
external/AgentWatcher_armc_runtime_v1/agents/agentdyn/src/agentdojo/data/suites/shopping/include/bank_database.yaml	1923	057d3d234f70b8c884cd1fcbb46b9e300980f6e5857136e523318e0bb958868e
external/AgentWatcher_armc_runtime_v1/agents/agentdyn/src/agentdojo/data/suites/shopping/include/calendar.yaml	1155	e1e071d6206f09822da6516cb682defad95b308c93ba227794a34f09ea59d73a
external/AgentWatcher_armc_runtime_v1/agents/agentdyn/src/agentdojo/data/suites/shopping/include/email_database.yaml	5246	bea5b61a25c3f483ea7302e0506973a45dd6a54dd654d1edad9c5c2d44e38b4e
external/AgentWatcher_armc_runtime_v1/agents/agentdyn/src/agentdojo/data/suites/shopping/include/filesystem.yaml	7429	4c7bc904e5ff6308f476fc0aa319bf6da6de38b9ecd7e569afff75b4d955ab7f
external/AgentWatcher_armc_runtime_v1/agents/agentdyn/src/agentdojo/data/suites/shopping/include/github_platform.yaml	9686	110fb8c3d3f56d5980bb18c9f6cb977689d8d9c3a20acc5323695498ad542b9a
external/AgentWatcher_armc_runtime_v1/agents/agentdyn/src/agentdojo/data/suites/shopping/include/shopping_platform.yaml	27728	e086d81a604ae7403ee4d7347096e5594253a5a27f7b37d128509dfd128b92c5
external/AgentWatcher_armc_runtime_v1/agents/agentdyn/src/agentdojo/data/suites/shopping/include/web_database.yaml	10638	17e87b6a972ac86742068462f23ee1545459a8293d6371f045625823a5c243c0
external/AgentWatcher_armc_runtime_v1/agents/agentdyn/src/agentdojo/data/suites/slack/environment.yaml	3867	0ea2f9b83e5ffaae0bf50fab2b13d6c8ee59a952f791b16c9554fdc48935c87d
external/AgentWatcher_armc_runtime_v1/agents/agentdyn/src/agentdojo/data/suites/slack/injection_vectors.yaml	554	efc01621ffa7955ee10e00e916ac933a41bd8347ba285e1e4888813bf5e0d3a2
external/AgentWatcher_armc_runtime_v1/agents/agentdyn/src/agentdojo/data/suites/travel/environment.yaml	20964	ca8ef591bde5a8d8b9e2efe6830b8e4646c43f633c86f14cb878f588bb4b8a3c
external/AgentWatcher_armc_runtime_v1/agents/agentdyn/src/agentdojo/data/suites/travel/injection_vectors.yaml	1529	a6ab848b39d862439e7b4844a617e578294de93cd0176c1851184dd901edb51c
external/AgentWatcher_armc_runtime_v1/agents/agentdyn/src/agentdojo/data/suites/workspace/environment.yaml	123	08a22c4eac0f72012e23c135cf3157b6fa7b35881b57bd2e910a5b059c02d157
external/AgentWatcher_armc_runtime_v1/agents/agentdyn/src/agentdojo/data/suites/workspace/gpt_prompts.txt	5751	2fa475cc5a4e2df6cb7cd944cc1291aaa69191d4e388fd88c36521c877b13cda
external/AgentWatcher_armc_runtime_v1/agents/agentdyn/src/agentdojo/data/suites/workspace/injection_vectors.yaml	2997	3390ac3da090ea0fde5f50ef0a74bf260786b35ab6ff14d47a199ecb41a15489
external/AgentWatcher_armc_runtime_v1/agents/agentdyn/src/agentdojo/data/suites/workspace/include/calendar.yaml	9610	69b0ae96804e986b5a0dba694ad6ca34cf01c8c6b57bb8ceb618d9ed8640b803
external/AgentWatcher_armc_runtime_v1/agents/agentdyn/src/agentdojo/data/suites/workspace/include/cloud_drive.yaml	28245	a9731cd49fe7eb726e43c1727c40eff0d6ca2d85d53728aa744860a8c4214130
external/AgentWatcher_armc_runtime_v1/agents/agentdyn/src/agentdojo/data/suites/workspace/include/inbox.yaml	13942	e6fac364bfb0e89d3d0251ef8079ffa2791504673a426029034356b8228f2082
external/AgentWatcher_armc_runtime_v1/agents/agentdyn/src/agentdojo/default_suites/__init__.py	0	e3b0c44298fc1c149afbf4c8996fb92427ae41e4649b934ca495991b7852b855
external/AgentWatcher_armc_runtime_v1/agents/agentdyn/src/agentdojo/default_suites/v1/__init__.py	1	01ba4719c80b6fe911b091a7c05124b64eeece964e09c058ef8f9805daca546b
external/AgentWatcher_armc_runtime_v1/agents/agentdyn/src/agentdojo/default_suites/v1/banking/__init__.py	348	06dbcff8dddf069419eb0bc4ff7ffaf45c38fc6d0f5ac978d76da47b03700ac3
external/AgentWatcher_armc_runtime_v1/agents/agentdyn/src/agentdojo/default_suites/v1/banking/injection_tasks.py	15309	fa2dedf8e66c95ffadb54f5a26648728b08c56f302858de4ee9a5cc0b3891618
external/AgentWatcher_armc_runtime_v1/agents/agentdyn/src/agentdojo/default_suites/v1/banking/task_suite.py	1093	c58ec73db16f713a16aaec787dac45856e546f4d95be84ab6a4bed9bc12613b6
external/AgentWatcher_armc_runtime_v1/agents/agentdyn/src/agentdojo/default_suites/v1/banking/user_tasks.py	19450	37af838194f001af80cc040315bcb2d69d0112324d424f9a323473b41b317f82
external/AgentWatcher_armc_runtime_v1/agents/agentdyn/src/agentdojo/default_suites/v1/dailylife/__init__.py	362	aa95f8538faba5757daaa5d7f67747663d4afd8772d08648744849d5011008f8
external/AgentWatcher_armc_runtime_v1/agents/agentdyn/src/agentdojo/default_suites/v1/dailylife/injection_tasks.py	13180	592e4009f00d9ab029469584197bd059260ec041775c474258dbc5facb33efe0
external/AgentWatcher_armc_runtime_v1/agents/agentdyn/src/agentdojo/default_suites/v1/dailylife/task_suite.py	10357	1e750aecf40e37771e2447121806fea1cce2e03a061c657aa52ee2b4c281f6f6
external/AgentWatcher_armc_runtime_v1/agents/agentdyn/src/agentdojo/default_suites/v1/dailylife/user_tasks.py	63501	b4b4263fdd2e1da83da67bc1383e4f9772260a1cf0b74891cc4734be53652e85
external/AgentWatcher_armc_runtime_v1/agents/agentdyn/src/agentdojo/default_suites/v1/github/__init__.py	341	664a22086f0fde27dc317d408cf768b31bd8b86b3239c065dcacc51db7b36daf
external/AgentWatcher_armc_runtime_v1/agents/agentdyn/src/agentdojo/default_suites/v1/github/injection_tasks.py	17397	ebb675431519a18edc5257924aa1e25d53b5c213a81b4868b869efe153225889
external/AgentWatcher_armc_runtime_v1/agents/agentdyn/src/agentdojo/default_suites/v1/github/task_suite.py	9112	2e02cc8393ce337dfa19c40e59e5c97109bd9bc6722dd8cca2d7e0c4f0bd57e5
external/AgentWatcher_armc_runtime_v1/agents/agentdyn/src/agentdojo/default_suites/v1/github/user_tasks.py	50779	9b9b6029fa9140344a4ac25ffcdf222d131f23487d21e28b7402e2300a6274c6
external/AgentWatcher_armc_runtime_v1/agents/agentdyn/src/agentdojo/default_suites/v1/shopping/__init__.py	355	413b156e75cd566a0064a1c0a0ff1d568aefc2849778f6cbb0b503ce3be05caa
external/AgentWatcher_armc_runtime_v1/agents/agentdyn/src/agentdojo/default_suites/v1/shopping/injection_tasks.py	15826	3871d488b9c54e03d0cb0be408a6b917f1cf6a6d3b3d23b6138c9a77e40b7011
external/AgentWatcher_armc_runtime_v1/agents/agentdyn/src/agentdojo/default_suites/v1/shopping/task_suite.py	8980	a93d90c7476da8c6262fea747032eea540009ab2609aa0fac3450f0b42aa4dbd
external/AgentWatcher_armc_runtime_v1/agents/agentdyn/src/agentdojo/default_suites/v1/shopping/user_tasks.py	63651	31d38389b8003ae903959a6a7dbb59fa16b6247c65d0d70473877c678d7e8193
external/AgentWatcher_armc_runtime_v1/agents/agentdyn/src/agentdojo/default_suites/v1/slack/__init__.py	334	711f6ab4ef9cbe2ca5f4ba24cd29ad0d749117572716dcd8ec2d06416ea1def1
external/AgentWatcher_armc_runtime_v1/agents/agentdyn/src/agentdojo/default_suites/v1/slack/injection_tasks.py	9144	d5775da1689e13192b665837e72cee88ed76f622e9b998e9def18b700fdc5afc
external/AgentWatcher_armc_runtime_v1/agents/agentdyn/src/agentdojo/default_suites/v1/slack/task_suite.py	939	bdc6798e8ef83a54e787af80ed44f94e4be8f24aba2eaec2103e3120958c3670
external/AgentWatcher_armc_runtime_v1/agents/agentdyn/src/agentdojo/default_suites/v1/slack/user_tasks.py	26012	25e43a0c58109765da090aa2f01bfb0892aaee70ca1622028074d7b49443a57b
external/AgentWatcher_armc_runtime_v1/agents/agentdyn/src/agentdojo/default_suites/v1/tools/__init__.py	0	e3b0c44298fc1c149afbf4c8996fb92427ae41e4649b934ca495991b7852b855
external/AgentWatcher_armc_runtime_v1/agents/agentdyn/src/agentdojo/default_suites/v1/tools/banking_client.py	5137	0e4273f521db7ff6d5e7f7f552e917b11940102abd932aea8a2998b517441b42
external/AgentWatcher_armc_runtime_v1/agents/agentdyn/src/agentdojo/default_suites/v1/tools/calendar_client.py	10237	5d551339fb87237dd1414a003b26f4f851dbdd2b0826225025e44f16420add22
external/AgentWatcher_armc_runtime_v1/agents/agentdyn/src/agentdojo/default_suites/v1/tools/cloud_drive_client.py	5577	19376d95731c46477037986319bc8522b4bc96f4924e730b11906df23fc00b93
external/AgentWatcher_armc_runtime_v1/agents/agentdyn/src/agentdojo/default_suites/v1/tools/dynamic_banking_client.py	2666	f23b89e9627ed4e19adac411d0015cd87a6f37021219fbf609b3cc559d976e73
external/AgentWatcher_armc_runtime_v1/agents/agentdyn/src/agentdojo/default_suites/v1/tools/dynamic_calendar_client.py	11012	8377d72a2b89a304d38ffa58e23c7a756677adf1eabc729e60b0049dc29d75e9
external/AgentWatcher_armc_runtime_v1/agents/agentdyn/src/agentdojo/default_suites/v1/tools/dynamic_email_client.py	18993	d0390dc6720d9df9eea34150b4774a9d45d067c50e25cba621c72a717b91e358
external/AgentWatcher_armc_runtime_v1/agents/agentdyn/src/agentdojo/default_suites/v1/tools/dynamic_web_client.py	6602	6b9a0f0c3db7c835f425d1b9a59f3b340090b38c819cd470d6b0b3d76d31faa7
external/AgentWatcher_armc_runtime_v1/agents/agentdyn/src/agentdojo/default_suites/v1/tools/email_client.py	10235	782adb70c81ec765919ae835494fac163dbb46f21ef46f6dcf18eab390b5e294
external/AgentWatcher_armc_runtime_v1/agents/agentdyn/src/agentdojo/default_suites/v1/tools/file_client.py	11249	ac52dc8d9570d588907fa9e4150c166c7d4be5a318260f10530b33598d7b98f8
external/AgentWatcher_armc_runtime_v1/agents/agentdyn/src/agentdojo/default_suites/v1/tools/file_reader.py	435	09438864a1e1ac6564df3e4f7eb60a9a224de2ef8a92c4eb4899f7768ce49d6d
external/AgentWatcher_armc_runtime_v1/agents/agentdyn/src/agentdojo/default_suites/v1/tools/github_client.py	39609	cc1c1fbe0dcadb49877f5cadbd94f0c5b8068a434b6533bc08a581b0bca6708e
external/AgentWatcher_armc_runtime_v1/agents/agentdyn/src/agentdojo/default_suites/v1/tools/shopping_client.py	43424	87cb042b99d52743b06a4c5de57dcc6a371a93cdba88b1f1cf4ca543addf5653
external/AgentWatcher_armc_runtime_v1/agents/agentdyn/src/agentdojo/default_suites/v1/tools/slack.py	4586	c70dbc7b3356e93a1c2bd4e78700859ea58b36adbf8169e51b03f355b0a5fe69
external/AgentWatcher_armc_runtime_v1/agents/agentdyn/src/agentdojo/default_suites/v1/tools/tool_registry.py	245	0308b97013b01b50cf926a25c70acca5005e7a70d26580cec02366da4ae36e46
external/AgentWatcher_armc_runtime_v1/agents/agentdyn/src/agentdojo/default_suites/v1/tools/travel_booking_client.py	15177	ad6b3441a38a1ff4bdc7227a15fb9ed764a7906baf2f75902bdb70f2100f69ba
external/AgentWatcher_armc_runtime_v1/agents/agentdyn/src/agentdojo/default_suites/v1/tools/types.py	4457	3b651d80e57a3c27ec9a036a203f7bde616da64cd4e4c5790303af006c039997
external/AgentWatcher_armc_runtime_v1/agents/agentdyn/src/agentdojo/default_suites/v1/tools/user_account.py	1978	f097c4b2b6cd6784272987d8d37dd7cc5d599620d64b371f7c2af8e65d7ad673
external/AgentWatcher_armc_runtime_v1/agents/agentdyn/src/agentdojo/default_suites/v1/tools/utils.py	1452	85bfaeba2240c4149a0364782aab467b1ea5f8a4af923727c4ad7bd8634bbb06
external/AgentWatcher_armc_runtime_v1/agents/agentdyn/src/agentdojo/default_suites/v1/tools/web.py	1436	246cc534a939ade2864bb62441d8452de7a840d007147c22391ad07bff91594c
external/AgentWatcher_armc_runtime_v1/agents/agentdyn/src/agentdojo/default_suites/v1/travel/__init__.py	341	bd0bf8a57c39846c9476adc60be5c870faba09dd497254c2d4520bea21ab3bba
external/AgentWatcher_armc_runtime_v1/agents/agentdyn/src/agentdojo/default_suites/v1/travel/injection_tasks.py	12604	9252be834b0ae0e28fe06744e052987d71d8ad3666b8d0b1f65f2875f998fca8
external/AgentWatcher_armc_runtime_v1/agents/agentdyn/src/agentdojo/default_suites/v1/travel/task_suite.py	3127	a2b58f094bd61a79e245ca74c94d9a3d62cc6bc744e5ee21bdadabb43960ba60
external/AgentWatcher_armc_runtime_v1/agents/agentdyn/src/agentdojo/default_suites/v1/travel/user_tasks.py	76962	757f0e28208f92c2082e016469654524cb1120ec10928ce229da15fe32f6d3ee
external/AgentWatcher_armc_runtime_v1/agents/agentdyn/src/agentdojo/default_suites/v1/workspace/__init__.py	362	b50429a079625b039389dce1063d993e38d18213ace046dffa65a735e73d08f9
external/AgentWatcher_armc_runtime_v1/agents/agentdyn/src/agentdojo/default_suites/v1/workspace/injection_tasks.py	10615	03e0894ffb544a79fd0bfd2c62cc5f90b19a2b1d429068d800239bfd020b6dcc
external/AgentWatcher_armc_runtime_v1/agents/agentdyn/src/agentdojo/default_suites/v1/workspace/task_suite.py	2199	96fa51ab20f03c30cd2d7bc754b76d717ddbd68bdf39adc85f0e92fc4d2c7ec4
external/AgentWatcher_armc_runtime_v1/agents/agentdyn/src/agentdojo/default_suites/v1/workspace/user_tasks.py	55415	d2a550b812b7f40ee2dea17ac19d44f2dd063d103524118216b563eca6e44171
external/AgentWatcher_armc_runtime_v1/agents/agentdyn/src/agentdojo/default_suites/v1_1/__init__.py	69	6afde4c3d03f2535eaf4b7764f6bc35864fe748c2e89b4673e952c2665813b71
external/AgentWatcher_armc_runtime_v1/agents/agentdyn/src/agentdojo/default_suites/v1_1/travel/user_tasks.py	73458	de8746e57fa85a5ee3ec9e4e6d66316c7c33e166e51404ffb64709b4458b9ae6
external/AgentWatcher_armc_runtime_v1/agents/agentdyn/src/agentdojo/default_suites/v1_1_1/__init__.py	307	c12b7d8faa09c773e1432f680c55d2272a21609b8a8460844c0d4f313483e022
external/AgentWatcher_armc_runtime_v1/agents/agentdyn/src/agentdojo/default_suites/v1_1_1/banking/__init__.py	0	e3b0c44298fc1c149afbf4c8996fb92427ae41e4649b934ca495991b7852b855
external/AgentWatcher_armc_runtime_v1/agents/agentdyn/src/agentdojo/default_suites/v1_1_1/banking/user_tasks.py	2751	d7858d3f9a573fcc334d19d4aa63ba92867cd8d5b99e2d102f7c60840fd42b81
external/AgentWatcher_armc_runtime_v1/agents/agentdyn/src/agentdojo/default_suites/v1_1_1/slack/__init__.py	0	e3b0c44298fc1c149afbf4c8996fb92427ae41e4649b934ca495991b7852b855
external/AgentWatcher_armc_runtime_v1/agents/agentdyn/src/agentdojo/default_suites/v1_1_1/slack/user_tasks.py	11114	d63bace385d0f341cb3d20bbb698a3d1530d7eb6e346cc65d04e4b7ea255467d
external/AgentWatcher_armc_runtime_v1/agents/agentdyn/src/agentdojo/default_suites/v1_1_1/travel/__init__.py	0	e3b0c44298fc1c149afbf4c8996fb92427ae41e4649b934ca495991b7852b855
external/AgentWatcher_armc_runtime_v1/agents/agentdyn/src/agentdojo/default_suites/v1_1_1/travel/injection_tasks.py	2995	23f325aa0821c7982991657588ee0b58057423559e97d6ebd6febc8274b5ac1b
external/AgentWatcher_armc_runtime_v1/agents/agentdyn/src/agentdojo/default_suites/v1_1_1/travel/user_tasks.py	4257	356e46470861de40172a252e92149a2396bca3f66cfcadc0e5a4450fe11c979f
external/AgentWatcher_armc_runtime_v1/agents/agentdyn/src/agentdojo/default_suites/v1_1_1/workspace/user_tasks.py	8010	76da20246f658609a96d95dc206ae7f58785cab5b1f100f76d367c8e4b6fc7f9
external/AgentWatcher_armc_runtime_v1/agents/agentdyn/src/agentdojo/default_suites/v1_1_2/__init__.py	201	2a9e4756075bf0f0db19525d86dec24c98df7ac7a1f5e7fb239a5d438fd6b720
external/AgentWatcher_armc_runtime_v1/agents/agentdyn/src/agentdojo/default_suites/v1_1_2/travel/__init__.py	0	e3b0c44298fc1c149afbf4c8996fb92427ae41e4649b934ca495991b7852b855
external/AgentWatcher_armc_runtime_v1/agents/agentdyn/src/agentdojo/default_suites/v1_1_2/travel/injection_tasks.py	5267	d8688a8896736e4807b649340b84af65eb7b36f34d082073690333445a410b39
external/AgentWatcher_armc_runtime_v1/agents/agentdyn/src/agentdojo/default_suites/v1_1_2/workspace/__init__.py	0	e3b0c44298fc1c149afbf4c8996fb92427ae41e4649b934ca495991b7852b855
external/AgentWatcher_armc_runtime_v1/agents/agentdyn/src/agentdojo/default_suites/v1_1_2/workspace/injection_tasks.py	8339	3ffccf1e54362377a3d02955010b041a572c64aa209bb3e8b70c1fe5fc76fdad
external/AgentWatcher_armc_runtime_v1/agents/agentdyn/src/agentdojo/default_suites/v1_1_2/workspace/user_tasks.py	5395	ff4e1b65f10346ba167d44b3236f4fe10fbb2066d6e2a22c4edc8b243d0f0a53
external/AgentWatcher_armc_runtime_v1/agents/agentdyn/src/agentdojo/default_suites/v1_2/__init__.py	365	cc643d412ba5aea5dfe7896a130af95d05740bcc62ff9df97835ed66786b7498
external/AgentWatcher_armc_runtime_v1/agents/agentdyn/src/agentdojo/default_suites/v1_2/banking/injection_tasks.py	15207	3e678ad165f911dbc16c8307de761dcc15da274716bec7ac0d05db167ec2c311
external/AgentWatcher_armc_runtime_v1/agents/agentdyn/src/agentdojo/default_suites/v1_2/slack/user_tasks.py	3377	36c51c6fd744301ed5dd9b654f02aca504af50df827453d1754862ed6201fcc2
external/AgentWatcher_armc_runtime_v1/agents/agentdyn/src/agentdojo/default_suites/v1_2/travel/injection_tasks.py	2048	15b8ccee487223bfc6afc58cf05591e3a96fb668eee39d7d47ac2fd98f5173c0
external/AgentWatcher_armc_runtime_v1/agents/agentdyn/src/agentdojo/default_suites/v1_2/travel/user_tasks.py	5037	a563163efea5e723e4fbbafae66fca33e6b743e50f6c25865167dc0663615ef9
external/AgentWatcher_armc_runtime_v1/agents/agentdyn/src/agentdojo/default_suites/v1_2/workspace/injection_tasks.py	17855	d11a9a4aa86085a1b0e8cea20652dd20f903adedfc6065175a0ead858c29e4a3
external/AgentWatcher_armc_runtime_v1/agents/agentdyn/src/agentdojo/default_suites/v1_2/workspace/user_tasks.py	8951	6b21b84053d1ac1703674e75d75dd4986e489d3434fcf60e8707b96114ab03bb
external/AgentWatcher_armc_runtime_v1/agents/agentdyn/src/agentdojo/default_suites/v1_2_1/__init__.py	79	e092b155d26104e080e15ccb1747fdc0365be0b318475886337e4089d9484739
external/AgentWatcher_armc_runtime_v1/agents/agentdyn/src/agentdojo/default_suites/v1_2_1/workspace/injection_tasks.py	4361	5a30d439850b58cfb834840bdfe7bbdf4405859bb1899e59ef476f29156078e8
external/AgentWatcher_armc_runtime_v1/agents/agentdyn/src/agentdojo/default_suites/v1_2_2/__init__.py	132	12ca1e18055f78ee067cc25e94cce459426ec744b70edd4a335aca4d5df2f157
external/AgentWatcher_armc_runtime_v1/agents/agentdyn/src/agentdojo/default_suites/v1_2_2/banking/__init__.py	0	e3b0c44298fc1c149afbf4c8996fb92427ae41e4649b934ca495991b7852b855
external/AgentWatcher_armc_runtime_v1/agents/agentdyn/src/agentdojo/default_suites/v1_2_2/banking/user_tasks.py	1945	f3b8417c51b7fe33c0f85571d543a64811f6ef3e4ab9c7ae9568834db66064b2
external/AgentWatcher_armc_runtime_v1/agents/agentdyn/src/agentdojo/default_suites/v1_2_2/workspace/__init__.py	74	f79fffc92bb4655f4c3a575a56ec8e19c1c1979618bed8e70e43b49ea58ca689
external/AgentWatcher_armc_runtime_v1/agents/agentdyn/src/agentdojo/default_suites/v1_2_2/workspace/user_tasks.py	1452	4873a5c1ba3be813cff5f85e6f921f92f7b3a90e21d2d412e043bcfea696de9b
external/AgentWatcher_armc_runtime_v1/agents/agentdyn/src/agentdojo/scripts/__init__.py	0	e3b0c44298fc1c149afbf4c8996fb92427ae41e4649b934ca495991b7852b855
external/AgentWatcher_armc_runtime_v1/agents/agentdyn/src/agentdojo/scripts/benchmark.py	12277	26431107abd35c9000888c3a170ba233e8d815529e1ca0de15d8b1176f678e16
external/AgentWatcher_armc_runtime_v1/agents/agentdyn/src/agentdojo/scripts/check_suites.py	2591	7806527357e126d54fa88a2a0ef2eec3f7b6ffefca90f63c179012dc51d91ef6
external/AgentWatcher_armc_runtime_v1/agents/agentdyn/src/agentdojo/task_suite/__init__.py	374	6821364aecf7c72451e36fde92974188e221e71b19936659795d9ff771718406
external/AgentWatcher_armc_runtime_v1/agents/agentdyn/src/agentdojo/task_suite/load_suites.py	4111	f5a19aa021c07436b35e4f2d80b9f4da4fca3659bae8b5f8f06b5f07e37f32e3
external/AgentWatcher_armc_runtime_v1/agents/agentdyn/src/agentdojo/task_suite/task_combinators.py	3526	a225f427c006b2fd814df86c47225ce9193d51857e3f14e69c8a56ee49116df1
external/AgentWatcher_armc_runtime_v1/agents/agentdyn/src/agentdojo/task_suite/task_suite.py	19818	2e69da06f7e150dd6d238c53a74845b56eebeb224e07f694e1051a6e0c6a2bc1
external/AgentWatcher_armc_runtime_v1/agents/agentdyn/src/runs/gpt-4o-2024-08-06-piarena-agentwatcher/dailylife/injection_task_0/none/none.json	3954	3f5e90a2e13069a2e75c075312a413e09ba1caa4e7321c2ac943c03d09fda621
external/AgentWatcher_armc_runtime_v1/agents/agentdyn/src/runs/gpt-4o-2024-08-06-piarena-agentwatcher/dailylife/injection_task_1/none/none.json	5157	9357ab129d37407df2216cbfcf144126176f2d84397a97236cf66b0e36819083
external/AgentWatcher_armc_runtime_v1/agents/agentdyn/src/runs/gpt-4o-2024-08-06-piarena-agentwatcher/dailylife/injection_task_2/none/none.json	10411	2204ac5b87dd16ece62c0a14c30ed42455f9e01f13e3fc88ccdaefc579f85a03
external/AgentWatcher_armc_runtime_v1/agents/agentdyn/src/runs/gpt-4o-2024-08-06-piarena-agentwatcher/dailylife/injection_task_3/none/none.json	2742	221c8f2e3445be6ca150c9a70e3385c20de03b1e6ec4d4c99108419ea0148b1d
external/AgentWatcher_armc_runtime_v1/agents/agentdyn/src/runs/gpt-4o-2024-08-06-piarena-agentwatcher/dailylife/injection_task_4/none/none.json	2889	1ba4ece2a00dc6abaf98ff92cdc4925345384c064917672822d21943aeb74365
external/AgentWatcher_armc_runtime_v1/agents/agentdyn/src/runs/gpt-4o-2024-08-06-piarena-agentwatcher/dailylife/injection_task_5/none/none.json	9021	75ca06e6c85f2175cbb770b9cd457e5dbd0a6a1029998c027a41025c4660c550
external/AgentWatcher_armc_runtime_v1/agents/agentdyn/src/runs/gpt-4o-2024-08-06-piarena-agentwatcher/dailylife/injection_task_6/none/none.json	4469	7af127f1d77badfababd064a15e05428522967d1968c796f65d5635f8fc6cd54
external/AgentWatcher_armc_runtime_v1/agents/agentdyn/src/runs/gpt-4o-2024-08-06-piarena-agentwatcher/dailylife/injection_task_7/none/none.json	3059	25a4a568b99f79221eeb279284de8b3acb4784fa4827504a05a2f69e618b01aa
external/AgentWatcher_armc_runtime_v1/agents/agentdyn/src/runs/gpt-4o-2024-08-06-piarena-agentwatcher/dailylife/injection_task_8/none/none.json	6675	ac5357e551bbb05ead6d37117ca80f5cb583a02d1eb7735ecff441483bad9bcf
external/AgentWatcher_armc_runtime_v1/agents/agentdyn/src/runs/gpt-4o-2024-08-06-piarena-agentwatcher/dailylife/injection_task_9/none/none.json	6141	f94c246898eaa4f64cd6c61c26c1eb0a60516943676789331930e31bc53f30cd
external/AgentWatcher_armc_runtime_v1/agents/agentdyn/src/runs/gpt-4o-2024-08-06-piarena-agentwatcher/dailylife/user_task_0/important_instructions/injection_task_0.json	2789	966313d22531ff4165dd82fd7c620ad2e140f16a94d2987ee852e5f00137fe1e
external/AgentWatcher_armc_runtime_v1/agents/agentdyn/src/runs/gpt-4o-2024-08-06-piarena-agentwatcher/dailylife/user_task_0/important_instructions/injection_task_1.json	2794	9159603d56bbea75963242b80887454571e0eefbfcdbbb3e8c1ae688ccee089b
external/AgentWatcher_armc_runtime_v1/agents/agentdyn/src/runs/gpt-4o-2024-08-06-piarena-agentwatcher/dailylife/user_task_0/important_instructions/injection_task_2.json	4731	c3ca55555ab4d931012688eb5ff81c560b8f2dbce9fc6c6f8b03aaa7450ae13e
external/AgentWatcher_armc_runtime_v1/agents/agentdyn/src/runs/gpt-4o-2024-08-06-piarena-agentwatcher/dailylife/user_task_0/important_instructions/injection_task_4.json	4958	d124c865419c6c5f683789ad3719731a64c551090ded80e146af5b8f0d049b48
external/AgentWatcher_armc_runtime_v1/agents/agentdyn/src/runs/gpt-4o-2024-08-06-piarena-agentwatcher/dailylife/user_task_0/important_instructions/injection_task_5.json	3056	921f182320b995f21a371127058d5c69ca40c7c0c1265fc74fd61f564742dec7
external/AgentWatcher_armc_runtime_v1/agents/agentdyn/src/runs/gpt-4o-2024-08-06-piarena-agentwatcher/dailylife/user_task_0/important_instructions/injection_task_6.json	2834	72af1753b1c921513ab9eee3a2918cf1a1b26637ed52fe6fe269306f3ae50e5e
external/AgentWatcher_armc_runtime_v1/agents/agentdyn/src/runs/gpt-4o-2024-08-06-piarena-agentwatcher/dailylife/user_task_0/important_instructions/injection_task_7.json	2885	e31cc4b479d3fc2e16ee73c73d785c14eec176608e8c2363c2ad3ca93f97724e
external/AgentWatcher_armc_runtime_v1/agents/agentdyn/src/runs/gpt-4o-2024-08-06-piarena-agentwatcher/dailylife/user_task_0/important_instructions/injection_task_8.json	3019	ca6c323fcc183b4b4118dc93a530bc01258ecc695c3b8d94a91866ca69287548
external/AgentWatcher_armc_runtime_v1/agents/agentdyn/src/runs/gpt-4o-2024-08-06-piarena-agentwatcher/dailylife/user_task_0/important_instructions/injection_task_9.json	3014	88a31bdbc903c43de509b58766d1df078b147ea36d1a812c870195a6101c4eb0
external/AgentWatcher_armc_runtime_v1/agents/agentdyn/src/runs/gpt-4o-2024-08-06-piarena-agentwatcher/dailylife/user_task_0/none/none.json	11866	0d6890e818437bc686d7513558366da388411b69f3d9a22bff87e4bbfab14635
external/AgentWatcher_armc_runtime_v1/agents/agentdyn/src/runs/gpt-4o-2024-08-06-piarena-agentwatcher/dailylife/user_task_1/important_instructions/injection_task_0.json	2867	8d2a3cf49177158b72b933e556cf8b5b982e31864e4de185e80f3e6553fae32f
external/AgentWatcher_armc_runtime_v1/agents/agentdyn/src/runs/gpt-4o-2024-08-06-piarena-agentwatcher/dailylife/user_task_1/important_instructions/injection_task_2.json	4861	87e571906e119605e8a9e6857cb39dff8077c68db3058676f783f4468032f093
external/AgentWatcher_armc_runtime_v1/agents/agentdyn/src/runs/gpt-4o-2024-08-06-piarena-agentwatcher/dailylife/user_task_1/important_instructions/injection_task_3.json	2792	3366ce89f8c5142bff8bbef9039ab53c062443def4d2f1153067e6200df0c5c4
external/AgentWatcher_armc_runtime_v1/agents/agentdyn/src/runs/gpt-4o-2024-08-06-piarena-agentwatcher/dailylife/user_task_1/important_instructions/injection_task_4.json	4885	22510045a6910f8d3e068b5f16b90b91ce4e1eacc49a6c73e4f37a0eaa377fcf
external/AgentWatcher_armc_runtime_v1/agents/agentdyn/src/runs/gpt-4o-2024-08-06-piarena-agentwatcher/dailylife/user_task_1/important_instructions/injection_task_5.json	3133	ab0c8256a00d500b10d7d8132d52edaffbaf81707d33b29bf7f9d2fdbcb476ef
external/AgentWatcher_armc_runtime_v1/agents/agentdyn/src/runs/gpt-4o-2024-08-06-piarena-agentwatcher/dailylife/user_task_1/important_instructions/injection_task_6.json	2912	fa33aca0af1ee04ed44edd7f06f8033e45009e05eed4cebb7263988cafae7d3e
external/AgentWatcher_armc_runtime_v1/agents/agentdyn/src/runs/gpt-4o-2024-08-06-piarena-agentwatcher/dailylife/user_task_1/important_instructions/injection_task_7.json	2964	c7725982952e2b93dee06d92a8fcf11d748f9e23be86674c08861b69c297e0af
external/AgentWatcher_armc_runtime_v1/agents/agentdyn/src/runs/gpt-4o-2024-08-06-piarena-agentwatcher/dailylife/user_task_1/important_instructions/injection_task_8.json	3098	801ec2171e5b91ffd3208618534e273e02c2d6436d73ad4bf7088dda4ff1d395
external/AgentWatcher_armc_runtime_v1/agents/agentdyn/src/runs/gpt-4o-2024-08-06-piarena-agentwatcher/dailylife/user_task_1/important_instructions/injection_task_9.json	3092	aa833176c5483abdf377eb5d6759932e04aada86b1560e30d941e2e161011041
external/AgentWatcher_armc_runtime_v1/agents/agentdyn/src/runs/gpt-4o-2024-08-06-piarena-agentwatcher/dailylife/user_task_1/none/none.json	8251	c0154fa83deaed487605172a7dab2f0aa5a1a156544d2dfb2f26332d6e70e3a5
external/AgentWatcher_armc_runtime_v1/agents/agentdyn/src/runs/gpt-4o-2024-08-06-piarena-agentwatcher/dailylife/user_task_10/important_instructions/injection_task_0.json	3473	4482a9575c566ed31353bbf8700db55c44652e6261bc09e00076a5b87b053be2
external/AgentWatcher_armc_runtime_v1/agents/agentdyn/src/runs/gpt-4o-2024-08-06-piarena-agentwatcher/dailylife/user_task_10/important_instructions/injection_task_1.json	3480	de0983eac3b64c4d639b3bc9e1ce8a45ab83e48d4aae2c5c3e615a44c5c60da2
external/AgentWatcher_armc_runtime_v1/agents/agentdyn/src/runs/gpt-4o-2024-08-06-piarena-agentwatcher/dailylife/user_task_10/important_instructions/injection_task_2.json	3482	fef78202942a3a68fcbd73d047a21cdeccdefb4db42bd7148799f94b519d4aa7
external/AgentWatcher_armc_runtime_v1/agents/agentdyn/src/runs/gpt-4o-2024-08-06-piarena-agentwatcher/dailylife/user_task_10/important_instructions/injection_task_3.json	3359	7ee5ebfba6125f9f52659ed23e98b28b98e2d59d39bf4221e66351081e862120
external/AgentWatcher_armc_runtime_v1/agents/agentdyn/src/runs/gpt-4o-2024-08-06-piarena-agentwatcher/dailylife/user_task_10/important_instructions/injection_task_4.json	7092	ed2e8feddaf03d25e7b5024aec1c906591c0fb361aa73e03500260a55d9fe089
external/AgentWatcher_armc_runtime_v1/agents/agentdyn/src/runs/gpt-4o-2024-08-06-piarena-agentwatcher/dailylife/user_task_10/important_instructions/injection_task_5.json	3872	498a083937b94bf1d05b6bd025c300c8766fa342d96c88318b8268e38b692cf4
external/AgentWatcher_armc_runtime_v1/agents/agentdyn/src/runs/gpt-4o-2024-08-06-piarena-agentwatcher/dailylife/user_task_10/important_instructions/injection_task_6.json	3540	f1d791ec01128c735ad65b1f44fd57d82ddc0d266653a1b9b72f358009d997bb
external/AgentWatcher_armc_runtime_v1/agents/agentdyn/src/runs/gpt-4o-2024-08-06-piarena-agentwatcher/dailylife/user_task_10/important_instructions/injection_task_7.json	3618	b4c48b0c3ccf68931821b6782c31ce5ff558e5d45a56071a541096c0c93ba4a3
external/AgentWatcher_armc_runtime_v1/agents/agentdyn/src/runs/gpt-4o-2024-08-06-piarena-agentwatcher/dailylife/user_task_10/important_instructions/injection_task_8.json	3818	46f64fb97153b89965ebf858283564b472dc5fa8ff00d8a1c8ce3201cd04e40d
external/AgentWatcher_armc_runtime_v1/agents/agentdyn/src/runs/gpt-4o-2024-08-06-piarena-agentwatcher/dailylife/user_task_10/important_instructions/injection_task_9.json	3810	8a959c32d983fc551cc0e645ba5077937737ab54aac3571d9eb610b69e183996
external/AgentWatcher_armc_runtime_v1/agents/agentdyn/src/runs/gpt-4o-2024-08-06-piarena-agentwatcher/dailylife/user_task_10/none/none.json	6817	40bb99a6439576c41332417c0a6ba02b380facddc51b3cd375a1774520cfd350
external/AgentWatcher_armc_runtime_v1/agents/agentdyn/src/runs/gpt-4o-2024-08-06-piarena-agentwatcher/dailylife/user_task_11/important_instructions/injection_task_0.json	3940	ec066cee068c5c89ac96a986ec0efecb87caf0786e3f71c315eeac2c48035ed1
external/AgentWatcher_armc_runtime_v1/agents/agentdyn/src/runs/gpt-4o-2024-08-06-piarena-agentwatcher/dailylife/user_task_11/important_instructions/injection_task_1.json	3948	b33f37a05e76678ff09cd2b3b4979555eae24043733e011beff700b18a99377a
external/AgentWatcher_armc_runtime_v1/agents/agentdyn/src/runs/gpt-4o-2024-08-06-piarena-agentwatcher/dailylife/user_task_11/important_instructions/injection_task_3.json	3787	f79877664bc89036f7817eb84c67dcb2d1358b0ee89b337e476ecece13ff9332
external/AgentWatcher_armc_runtime_v1/agents/agentdyn/src/runs/gpt-4o-2024-08-06-piarena-agentwatcher/dailylife/user_task_11/important_instructions/injection_task_4.json	4380	7562489e70978969e25f5a131af3bca59689df3240990086a091f95cbab93662
external/AgentWatcher_armc_runtime_v1/agents/agentdyn/src/runs/gpt-4o-2024-08-06-piarena-agentwatcher/dailylife/user_task_11/important_instructions/injection_task_5.json	4472	8e3163f2022b15a45b01134d018d6f185545ed20d7fdfe2edffa1fe38cfe97dd
external/AgentWatcher_armc_runtime_v1/agents/agentdyn/src/runs/gpt-4o-2024-08-06-piarena-agentwatcher/dailylife/user_task_11/important_instructions/injection_task_6.json	4028	8f064418f5b8a81047d30d56bb1ba395ac7b005a2e0db13a5c4a6ebb4c955304
external/AgentWatcher_armc_runtime_v1/agents/agentdyn/src/runs/gpt-4o-2024-08-06-piarena-agentwatcher/dailylife/user_task_11/important_instructions/injection_task_8.json	4400	f15a578646dbf8712ddf052088021ab4b9bb3061f1c7b33eb3547992af2225e3
external/AgentWatcher_armc_runtime_v1/agents/agentdyn/src/runs/gpt-4o-2024-08-06-piarena-agentwatcher/dailylife/user_task_11/important_instructions/injection_task_9.json	4388	5440fae5f4db705766124819e5b3a60225c11743b0aba1e76cc82d2f0550a7c5
external/AgentWatcher_armc_runtime_v1/agents/agentdyn/src/runs/gpt-4o-2024-08-06-piarena-agentwatcher/dailylife/user_task_11/none/none.json	17639	ff5c94c0f575539159d0a8165af3a47d5cb51df608ab723b04897210d8ef100b
external/AgentWatcher_armc_runtime_v1/agents/agentdyn/src/runs/gpt-4o-2024-08-06-piarena-agentwatcher/dailylife/user_task_12/important_instructions/injection_task_0.json	2548	4edac0b8a5c80fc746f29b3ed86a4815f42bd9370ef8520babef85e2d3779857
external/AgentWatcher_armc_runtime_v1/agents/agentdyn/src/runs/gpt-4o-2024-08-06-piarena-agentwatcher/dailylife/user_task_12/important_instructions/injection_task_1.json	2551	bfd397b80120a3b9af49853a20be78a187ba49cb20d405866aafc59b1180ebd5
external/AgentWatcher_armc_runtime_v1/agents/agentdyn/src/runs/gpt-4o-2024-08-06-piarena-agentwatcher/dailylife/user_task_12/important_instructions/injection_task_2.json	2551	5d380ec86c68d07c7f0e3e1f2336ecde0db3278598bf977fcb985ad5af56a338
external/AgentWatcher_armc_runtime_v1/agents/agentdyn/src/runs/gpt-4o-2024-08-06-piarena-agentwatcher/dailylife/user_task_12/important_instructions/injection_task_4.json	2658	20f85ff86edea13cbca0b5cd3d6882288b58a36143dbc4dd04274f4309cae4f4
external/AgentWatcher_armc_runtime_v1/agents/agentdyn/src/runs/gpt-4o-2024-08-06-piarena-agentwatcher/dailylife/user_task_12/important_instructions/injection_task_5.json	2682	0e215e9c4ad62990a7f3a6a1f0000328ec23231ec77e94e1c47d4b3d83f37afa
external/AgentWatcher_armc_runtime_v1/agents/agentdyn/src/runs/gpt-4o-2024-08-06-piarena-agentwatcher/dailylife/user_task_12/important_instructions/injection_task_6.json	2571	a61fbbdff08732577524695ecbbeab2257d2d1add11a3f6012ec47986b95b422
external/AgentWatcher_armc_runtime_v1/agents/agentdyn/src/runs/gpt-4o-2024-08-06-piarena-agentwatcher/dailylife/user_task_12/important_instructions/injection_task_7.json	2597	3c951e4afa5854dcb598490b1d7dbe1d24d1db68c5aa1473ceb1ccebbb9ee28e
external/AgentWatcher_armc_runtime_v1/agents/agentdyn/src/runs/gpt-4o-2024-08-06-piarena-agentwatcher/dailylife/user_task_12/important_instructions/injection_task_8.json	2664	311ce7c4410eea16abfc93550942a8a766f31a6cd7517b686db54ed4c3f39410
external/AgentWatcher_armc_runtime_v1/agents/agentdyn/src/runs/gpt-4o-2024-08-06-piarena-agentwatcher/dailylife/user_task_12/important_instructions/injection_task_9.json	2661	69c1daaccccf821bb9292c91c35607d47a97faca228bc1eb3a305b63aeb864a8
external/AgentWatcher_armc_runtime_v1/agents/agentdyn/src/runs/gpt-4o-2024-08-06-piarena-agentwatcher/dailylife/user_task_12/none/none.json	13116	910b195c33e7dd74c9acaf405eb7fcf8241dd03b0e0fe677fbcf5b859880ec71
external/AgentWatcher_armc_runtime_v1/agents/agentdyn/src/runs/gpt-4o-2024-08-06-piarena-agentwatcher/dailylife/user_task_13/important_instructions/injection_task_0.json	3517	e163dbbeefab461c5aa440c3355fedc5812a32aeeae9f2e4f2b0f928c4f0fec7
external/AgentWatcher_armc_runtime_v1/agents/agentdyn/src/runs/gpt-4o-2024-08-06-piarena-agentwatcher/dailylife/user_task_13/important_instructions/injection_task_2.json	3527	c488c9de153ecbf025f1e83a2a04138b9508d70c1b2995fa93a8084eca2e9115
external/AgentWatcher_armc_runtime_v1/agents/agentdyn/src/runs/gpt-4o-2024-08-06-piarena-agentwatcher/dailylife/user_task_13/important_instructions/injection_task_3.json	3290	1fde99b8e0664884ea41647ed51504b29f01b4806f5c5050b4ee842ead0a7034
external/AgentWatcher_armc_runtime_v1/agents/agentdyn/src/runs/gpt-4o-2024-08-06-piarena-agentwatcher/dailylife/user_task_13/important_instructions/injection_task_4.json	3733	635745e8f0ff9fc2e033a35c8b0180f76e408888c2560121e9ae78098b446b17
external/AgentWatcher_armc_runtime_v1/agents/agentdyn/src/runs/gpt-4o-2024-08-06-piarena-agentwatcher/dailylife/user_task_13/important_instructions/injection_task_5.json	4030	b8c1c04f1587242e54358e99a40480416fa3f760fb22c68ab4ac0a250961186c
external/AgentWatcher_armc_runtime_v1/agents/agentdyn/src/runs/gpt-4o-2024-08-06-piarena-agentwatcher/dailylife/user_task_13/important_instructions/injection_task_6.json	3468	8e831122faea262facd7f66428d64c76803b6cb7437ee87af7d5798000faf888
external/AgentWatcher_armc_runtime_v1/agents/agentdyn/src/runs/gpt-4o-2024-08-06-piarena-agentwatcher/dailylife/user_task_13/important_instructions/injection_task_7.json	3547	6c588720e9f7aad68da9805833909159831bc633da9d5aa876e8f44f95c2c2d0
external/AgentWatcher_armc_runtime_v1/agents/agentdyn/src/runs/gpt-4o-2024-08-06-piarena-agentwatcher/dailylife/user_task_13/important_instructions/injection_task_8.json	3749	1e74f33fa584a28339ce94164578043f1c51a5209c49f92e2d4153f5be7d9617
external/AgentWatcher_armc_runtime_v1/agents/agentdyn/src/runs/gpt-4o-2024-08-06-piarena-agentwatcher/dailylife/user_task_13/important_instructions/injection_task_9.json	3740	e7c06979fe7e1494e8755a37b8d3bff8785091f8b7999b56453f2459ba1b8232
external/AgentWatcher_armc_runtime_v1/agents/agentdyn/src/runs/gpt-4o-2024-08-06-piarena-agentwatcher/dailylife/user_task_13/none/none.json	2139	819c2a0fafa033a04840f3d72973a68a0ebbcb2bcf0571797a37a9d87885cdf5
external/AgentWatcher_armc_runtime_v1/agents/agentdyn/src/runs/gpt-4o-2024-08-06-piarena-agentwatcher/dailylife/user_task_14/important_instructions/injection_task_0.json	4104	97c2b37084dca0abb67114722bb2a4be427d8e34a3ce2d0893247eb86ab1a385
external/AgentWatcher_armc_runtime_v1/agents/agentdyn/src/runs/gpt-4o-2024-08-06-piarena-agentwatcher/dailylife/user_task_14/important_instructions/injection_task_2.json	4115	5dadf95872bea91e90f8a513cf46bc54161e64eef1e3719542e140530166648a
external/AgentWatcher_armc_runtime_v1/agents/agentdyn/src/runs/gpt-4o-2024-08-06-piarena-agentwatcher/dailylife/user_task_14/important_instructions/injection_task_3.json	3951	a76d2a8e8705402b45e9b2c8b78fb89210b00b7a89323994b5394076f9911236
external/AgentWatcher_armc_runtime_v1/agents/agentdyn/src/runs/gpt-4o-2024-08-06-piarena-agentwatcher/dailylife/user_task_14/important_instructions/injection_task_4.json	4544	67a6a9cd60107561b340fde035011ce6ddfe8796cf494effeb50d01fdb40b2a7
external/AgentWatcher_armc_runtime_v1/agents/agentdyn/src/runs/gpt-4o-2024-08-06-piarena-agentwatcher/dailylife/user_task_14/important_instructions/injection_task_5.json	4635	0c51a00a6fb0b5f2f79dfc8e105ef0df921abf5a3449cce6e3cae0791f7fb9ca
external/AgentWatcher_armc_runtime_v1/agents/agentdyn/src/runs/gpt-4o-2024-08-06-piarena-agentwatcher/dailylife/user_task_14/important_instructions/injection_task_6.json	4191	d62ab641163ce1b39821896c257a7e046820b65bc9c300f35da0ba1970ea68f8
external/AgentWatcher_armc_runtime_v1/agents/agentdyn/src/runs/gpt-4o-2024-08-06-piarena-agentwatcher/dailylife/user_task_14/important_instructions/injection_task_7.json	4295	bab02bceced0e637e052c16ae3816fa37d26ffd14c268ed3bccfa0fc1ab999af
external/AgentWatcher_armc_runtime_v1/agents/agentdyn/src/runs/gpt-4o-2024-08-06-piarena-agentwatcher/dailylife/user_task_14/important_instructions/injection_task_9.json	4552	aa2d84abe01b3f564a47bba935ba8e2a1ec6ce92be8fae0b014ae892053a0692
external/AgentWatcher_armc_runtime_v1/agents/agentdyn/src/runs/gpt-4o-2024-08-06-piarena-agentwatcher/dailylife/user_task_14/none/none.json	2394	6684ffca95ca28df40b33a136fcb4f04c407e8bacb24d5813947c413c97b3241
external/AgentWatcher_armc_runtime_v1/agents/agentdyn/src/runs/gpt-4o-2024-08-06-piarena-agentwatcher/dailylife/user_task_15/important_instructions/injection_task_0.json	3854	b16f25444208c6e8d3d8c0ad6705b2500b1ac08e4a9c6b774478a50b2a867708
external/AgentWatcher_armc_runtime_v1/agents/agentdyn/src/runs/gpt-4o-2024-08-06-piarena-agentwatcher/dailylife/user_task_15/important_instructions/injection_task_1.json	3404	f19928e93880f3de7e50da800eae9bd3ae89bc00fd22cff724b15a4f07fe01eb
external/AgentWatcher_armc_runtime_v1/agents/agentdyn/src/runs/gpt-4o-2024-08-06-piarena-agentwatcher/dailylife/user_task_15/important_instructions/injection_task_2.json	3407	c1c31111f829f4c1e23012f2be5af9032f2577d8d76558d66ce25a7552071011
external/AgentWatcher_armc_runtime_v1/agents/agentdyn/src/runs/gpt-4o-2024-08-06-piarena-agentwatcher/dailylife/user_task_15/important_instructions/injection_task_3.json	3283	10d00e9b373ef4920f97fa368c5d30d8aaa519a34189358742ac8e3c17d5ac10
external/AgentWatcher_armc_runtime_v1/agents/agentdyn/src/runs/gpt-4o-2024-08-06-piarena-agentwatcher/dailylife/user_task_15/important_instructions/injection_task_4.json	3727	aa5f51b741cd3e98cfd0d40bb9ca895c647fbffd37e26dc538a55e1fc4151415
external/AgentWatcher_armc_runtime_v1/agents/agentdyn/src/runs/gpt-4o-2024-08-06-piarena-agentwatcher/dailylife/user_task_15/important_instructions/injection_task_5.json	3797	186e23f6bc2f697f1bf78cb1bac5484ed1ed0a80b751a820d308aa6cbe6ed01a
external/AgentWatcher_armc_runtime_v1/agents/agentdyn/src/runs/gpt-4o-2024-08-06-piarena-agentwatcher/dailylife/user_task_15/important_instructions/injection_task_7.json	3541	803484db660bcdcbaa62221ae4161a14d310159efe7c92fedac07ddd47aaa3e4
external/AgentWatcher_armc_runtime_v1/agents/agentdyn/src/runs/gpt-4o-2024-08-06-piarena-agentwatcher/dailylife/user_task_15/important_instructions/injection_task_8.json	3742	24ea372159cbc47a70b65985ca5115cd11ed5f2230d4a127956c3d7e9c9f4ca8
external/AgentWatcher_armc_runtime_v1/agents/agentdyn/src/runs/gpt-4o-2024-08-06-piarena-agentwatcher/dailylife/user_task_15/important_instructions/injection_task_9.json	3734	8a1961e8d4dcec5977993e68402955a7d20a253745954efa0ec9c1057e55cc13
external/AgentWatcher_armc_runtime_v1/agents/agentdyn/src/runs/gpt-4o-2024-08-06-piarena-agentwatcher/dailylife/user_task_15/none/none.json	2018	591c153425603c0234971aa13435496976471b0911dc4c62d40964005966420e
external/AgentWatcher_armc_runtime_v1/agents/agentdyn/src/runs/gpt-4o-2024-08-06-piarena-agentwatcher/dailylife/user_task_16/important_instructions/injection_task_0.json	3065	a0f83114754e9aa1f25c1d4add6f4d7c2ea446894e36ef500bc1c9239393c135
external/AgentWatcher_armc_runtime_v1/agents/agentdyn/src/runs/gpt-4o-2024-08-06-piarena-agentwatcher/dailylife/user_task_16/important_instructions/injection_task_1.json	3069	774b1674e72d050ae6fa34d904c6f6290c51478f37cf68df14f4c54f161075e7
external/AgentWatcher_armc_runtime_v1/agents/agentdyn/src/runs/gpt-4o-2024-08-06-piarena-agentwatcher/dailylife/user_task_16/important_instructions/injection_task_2.json	3071	8f82050ad347e17448e2d4ac38ee12208df268c725bb4043f71904e274abbccc
external/AgentWatcher_armc_runtime_v1/agents/agentdyn/src/runs/gpt-4o-2024-08-06-piarena-agentwatcher/dailylife/user_task_16/important_instructions/injection_task_3.json	2989	dda718b551666d2a88e6738e34b90e074333b1448994e1126770604def24173c
external/AgentWatcher_armc_runtime_v1/agents/agentdyn/src/runs/gpt-4o-2024-08-06-piarena-agentwatcher/dailylife/user_task_16/important_instructions/injection_task_4.json	3285	930967fb2a890db19e260bc3759d7dd2d83ccf7bc066a226e366426f2b1fa4cc
external/AgentWatcher_armc_runtime_v1/agents/agentdyn/src/runs/gpt-4o-2024-08-06-piarena-agentwatcher/dailylife/user_task_16/important_instructions/injection_task_5.json	3332	badeffbb0a4a195aaf6832892be91e68d5da0913ab28a0568bead4d687b1dbd1
external/AgentWatcher_armc_runtime_v1/agents/agentdyn/src/runs/gpt-4o-2024-08-06-piarena-agentwatcher/dailylife/user_task_16/important_instructions/injection_task_6.json	3110	a75572e692a03920c9c1fcdf186758854a7197551530408cba588b81cd5ec56f
external/AgentWatcher_armc_runtime_v1/agents/agentdyn/src/runs/gpt-4o-2024-08-06-piarena-agentwatcher/dailylife/user_task_16/important_instructions/injection_task_7.json	3161	03774d8f7baf85c7f5d5d4567521a00b215e0004bf2ce6235b110de027d71d69
external/AgentWatcher_armc_runtime_v1/agents/agentdyn/src/runs/gpt-4o-2024-08-06-piarena-agentwatcher/dailylife/user_task_16/important_instructions/injection_task_8.json	3295	a787c19b5c8a5d5b756ea8ad6cd2766b18c2207578b9eb2b60a7228caa0c7e87
external/AgentWatcher_armc_runtime_v1/agents/agentdyn/src/runs/gpt-4o-2024-08-06-piarena-agentwatcher/dailylife/user_task_16/important_instructions/injection_task_9.json	3289	c1181fb6ca19ecb17898d28b6c2cda35a95dfb1d331a29714b1b1f8d25279243
external/AgentWatcher_armc_runtime_v1/agents/agentdyn/src/runs/gpt-4o-2024-08-06-piarena-agentwatcher/dailylife/user_task_16/none/none.json	11514	36da32f2b76ef2404d81a94f27d5fff5aecd07b05fbc6f7b709fa28c8c21a412
external/AgentWatcher_armc_runtime_v1/agents/agentdyn/src/runs/gpt-4o-2024-08-06-piarena-agentwatcher/dailylife/user_task_17/important_instructions/injection_task_0.json	3531	25ffedc58e1fd546aa7004bec12b2ac5d0c4ba0dd0415073c6f53838af4fe75a
external/AgentWatcher_armc_runtime_v1/agents/agentdyn/src/runs/gpt-4o-2024-08-06-piarena-agentwatcher/dailylife/user_task_17/important_instructions/injection_task_1.json	3535	4720ec700c2058e3f5694ce710fbc22555f79ed0c1906298d15920b829d52c52
external/AgentWatcher_armc_runtime_v1/agents/agentdyn/src/runs/gpt-4o-2024-08-06-piarena-agentwatcher/dailylife/user_task_17/important_instructions/injection_task_2.json	3423	fa24d3c2cb70695ce69fa0e436c22d031a22849c6e7ac79252631003c7e48ecb
external/AgentWatcher_armc_runtime_v1/agents/agentdyn/src/runs/gpt-4o-2024-08-06-piarena-agentwatcher/dailylife/user_task_17/important_instructions/injection_task_3.json	6713	2e9bbf7ec8a35cfb9139fcc84216bac9ea34ec98d844e2d0a4c800f2d75428b7
external/AgentWatcher_armc_runtime_v1/agents/agentdyn/src/runs/gpt-4o-2024-08-06-piarena-agentwatcher/dailylife/user_task_17/important_instructions/injection_task_4.json	3637	f7d42632afe9ab333fde7ada0777dad7370106d33665d7cf5812babaee173da4
external/AgentWatcher_armc_runtime_v1/agents/agentdyn/src/runs/gpt-4o-2024-08-06-piarena-agentwatcher/dailylife/user_task_17/important_instructions/injection_task_5.json	3454	dc2d386fd67cc710e5112bbc53562e438816327b7f579bfa1cf3bc1b4259a299
external/AgentWatcher_armc_runtime_v1/agents/agentdyn/src/runs/gpt-4o-2024-08-06-piarena-agentwatcher/dailylife/user_task_17/important_instructions/injection_task_9.json	3754	2fa416f8a5469908df55aabde5b7797187ab0236ab8ed2259fe5b3bbc75c6159
external/AgentWatcher_armc_runtime_v1/agents/agentdyn/src/runs/gpt-4o-2024-08-06-piarena-agentwatcher/dailylife/user_task_17/none/none.json	13006	4397afc56c366170ff51636a6c0a7b350998a06ba39c1b3e97a5039d0e75b81a
external/AgentWatcher_armc_runtime_v1/agents/agentdyn/src/runs/gpt-4o-2024-08-06-piarena-agentwatcher/dailylife/user_task_18/important_instructions/injection_task_0.json	2726	2c35e2b4d8bb5bbc1ca4aac50a77dab5051db099506b3e635e9fd4a6196e1175
external/AgentWatcher_armc_runtime_v1/agents/agentdyn/src/runs/gpt-4o-2024-08-06-piarena-agentwatcher/dailylife/user_task_18/important_instructions/injection_task_1.json	2728	7f09b3fe52884b553ad634e8899656330b615ff5306c37a8c09355238359f54b
external/AgentWatcher_armc_runtime_v1/agents/agentdyn/src/runs/gpt-4o-2024-08-06-piarena-agentwatcher/dailylife/user_task_18/important_instructions/injection_task_2.json	2729	8a52d5035ed4e411ed7dec6ef3d223c58a63eaec6722f280d25f1f5d07aa2838
external/AgentWatcher_armc_runtime_v1/agents/agentdyn/src/runs/gpt-4o-2024-08-06-piarena-agentwatcher/dailylife/user_task_18/important_instructions/injection_task_3.json	2688	162d3359972a9d7b56c287dbba0d9253df07b575940080bbe04058b7e4e5efc7
external/AgentWatcher_armc_runtime_v1/agents/agentdyn/src/runs/gpt-4o-2024-08-06-piarena-agentwatcher/dailylife/user_task_18/important_instructions/injection_task_4.json	2836	359ba2c80e9b337f9ae718658c5ad879cc0e1bc4be20902cef54f625860e14a5
external/AgentWatcher_armc_runtime_v1/agents/agentdyn/src/runs/gpt-4o-2024-08-06-piarena-agentwatcher/dailylife/user_task_18/important_instructions/injection_task_5.json	2858	be5158ecbcacdc60de806cad6179837b80e880f65e785209bebfa9fd3e767ffc
external/AgentWatcher_armc_runtime_v1/agents/agentdyn/src/runs/gpt-4o-2024-08-06-piarena-agentwatcher/dailylife/user_task_18/important_instructions/injection_task_6.json	2748	13400d880c6aaade141f59b51b488bf8f16fffed88048dc02214ab4227a9f44c
external/AgentWatcher_armc_runtime_v1/agents/agentdyn/src/runs/gpt-4o-2024-08-06-piarena-agentwatcher/dailylife/user_task_18/important_instructions/injection_task_7.json	2774	1903e9d2ab25e2d9b126666c94d9781ee166c91d3cf62681f985e50a8bd2e575
external/AgentWatcher_armc_runtime_v1/agents/agentdyn/src/runs/gpt-4o-2024-08-06-piarena-agentwatcher/dailylife/user_task_18/important_instructions/injection_task_8.json	2841	b1a2d3f7678a205fe6f3a5b0fc4ff816e7344f01329ad81e1afae6ef6d232ec3
external/AgentWatcher_armc_runtime_v1/agents/agentdyn/src/runs/gpt-4o-2024-08-06-piarena-agentwatcher/dailylife/user_task_18/important_instructions/injection_task_9.json	2838	585e69dd8f238e03c962790d094b7af9c4daada334bffc2f7f62f636d88bc650
external/AgentWatcher_armc_runtime_v1/agents/agentdyn/src/runs/gpt-4o-2024-08-06-piarena-agentwatcher/dailylife/user_task_18/none/none.json	10219	1302bec31aa355d8c858f8e0880252c4bc2a879b14f8847fef9739320823c602
external/AgentWatcher_armc_runtime_v1/agents/agentdyn/src/runs/gpt-4o-2024-08-06-piarena-agentwatcher/dailylife/user_task_19/important_instructions/injection_task_0.json	3075	0ffaa9c310aa71de15dcecdd052c972d24155537ef12045e23bb18124d369dd3
external/AgentWatcher_armc_runtime_v1/agents/agentdyn/src/runs/gpt-4o-2024-08-06-piarena-agentwatcher/dailylife/user_task_19/important_instructions/injection_task_1.json	3079	30547f8d4ef64b38f9c378ccc3280de3cb5d177538a50df9d04e060e3ae30755
external/AgentWatcher_armc_runtime_v1/agents/agentdyn/src/runs/gpt-4o-2024-08-06-piarena-agentwatcher/dailylife/user_task_19/important_instructions/injection_task_2.json	3195	2b9e0b7076efd3a21596db7d0c2dac6975101fce4bea6cb5a8a8387e339c5483
external/AgentWatcher_armc_runtime_v1/agents/agentdyn/src/runs/gpt-4o-2024-08-06-piarena-agentwatcher/dailylife/user_task_19/important_instructions/injection_task_3.json	3112	14e9a9ded6ec41388f3b39209dc11583d833300ca74b446036c408702b610052
external/AgentWatcher_armc_runtime_v1/agents/agentdyn/src/runs/gpt-4o-2024-08-06-piarena-agentwatcher/dailylife/user_task_19/important_instructions/injection_task_4.json	3294	fd2191446bd29bd6c259ce152ca485707f4ec19d1659a4668a92ce1867931368
external/AgentWatcher_armc_runtime_v1/agents/agentdyn/src/runs/gpt-4o-2024-08-06-piarena-agentwatcher/dailylife/user_task_19/important_instructions/injection_task_5.json	3454	2ceb2dea7134b693156cda75fd866a0ab6a0218e70712b52f30fa772a46f2050
external/AgentWatcher_armc_runtime_v1/agents/agentdyn/src/runs/gpt-4o-2024-08-06-piarena-agentwatcher/dailylife/user_task_19/important_instructions/injection_task_6.json	3118	19b3a7205c53ac6b2a96456e9b179b78ea00bc8c5923324fc6b442605c2783c4
external/AgentWatcher_armc_runtime_v1/agents/agentdyn/src/runs/gpt-4o-2024-08-06-piarena-agentwatcher/dailylife/user_task_19/important_instructions/injection_task_7.json	3283	19e0d55cc593d859fbbb33b48890d9a1e9bbdc860ce1b7a04c07d165781b6f6c
external/AgentWatcher_armc_runtime_v1/agents/agentdyn/src/runs/gpt-4o-2024-08-06-piarena-agentwatcher/dailylife/user_task_19/important_instructions/injection_task_8.json	3418	8795d94849b42c90ccaa077a2c70d8bdb10ab0a5863e5597191380347bf9af15
external/AgentWatcher_armc_runtime_v1/agents/agentdyn/src/runs/gpt-4o-2024-08-06-piarena-agentwatcher/dailylife/user_task_19/none/none.json	2833	f8af766c3429b60d6552d110cca98696303a11f0d906658c1e97b8127baf5b14
external/AgentWatcher_armc_runtime_v1/agents/agentdyn/src/runs/gpt-4o-2024-08-06-piarena-agentwatcher/dailylife/user_task_2/important_instructions/injection_task_0.json	3495	2613eaa7466b4309ba303349f2e019d8fec9a1fc46138903c84797b8ba4afe13
external/AgentWatcher_armc_runtime_v1/agents/agentdyn/src/runs/gpt-4o-2024-08-06-piarena-agentwatcher/dailylife/user_task_2/important_instructions/injection_task_1.json	3616	a3b6622e8cdf1ef03589689fe2565d1a034100d9fa6625ddb34d9b225c7900b4
external/AgentWatcher_armc_runtime_v1/agents/agentdyn/src/runs/gpt-4o-2024-08-06-piarena-agentwatcher/dailylife/user_task_2/important_instructions/injection_task_2.json	3390	760c3c8929fe110640f1d032a371f27a899549f1cee739f707079604697f6de3
external/AgentWatcher_armc_runtime_v1/agents/agentdyn/src/runs/gpt-4o-2024-08-06-piarena-agentwatcher/dailylife/user_task_2/important_instructions/injection_task_3.json	3382	571bca794830eebb3efaab9d0930201bce0e1dd3aadeca3dc35f037c01be4d1a
external/AgentWatcher_armc_runtime_v1/agents/agentdyn/src/runs/gpt-4o-2024-08-06-piarena-agentwatcher/dailylife/user_task_2/important_instructions/injection_task_4.json	3825	8dd8c7c0d6255342150983ac521b442e2bf1627060893a71ce956d059cad35ba
external/AgentWatcher_armc_runtime_v1/agents/agentdyn/src/runs/gpt-4o-2024-08-06-piarena-agentwatcher/dailylife/user_task_2/important_instructions/injection_task_5.json	3895	fb759bc49453933ba560de2f45daedfb3c62d771b28da29451d1d37744d2752c
external/AgentWatcher_armc_runtime_v1/agents/agentdyn/src/runs/gpt-4o-2024-08-06-piarena-agentwatcher/dailylife/user_task_2/important_instructions/injection_task_6.json	3561	58f40ffcc8e05432942877f071f63ecc02d8ab85dc265ca9a63ff7951c4ffe6a
external/AgentWatcher_armc_runtime_v1/agents/agentdyn/src/runs/gpt-4o-2024-08-06-piarena-agentwatcher/dailylife/user_task_2/important_instructions/injection_task_7.json	3640	a78da4e20535a3bff0b91e3b75ba258825f5826ccced0883aaba23542fbd6026
external/AgentWatcher_armc_runtime_v1/agents/agentdyn/src/runs/gpt-4o-2024-08-06-piarena-agentwatcher/dailylife/user_task_2/important_instructions/injection_task_8.json	3841	3d990363ee8e8eb07b7d2c26879c5167a327b721ec7e7234e133f26a14aa36cd
external/AgentWatcher_armc_runtime_v1/agents/agentdyn/src/runs/gpt-4o-2024-08-06-piarena-agentwatcher/dailylife/user_task_2/important_instructions/injection_task_9.json	3832	00a226a0ebc5643ec31624c29c29d461a9a351c1a88d73ff651d3f52114c18f7
external/AgentWatcher_armc_runtime_v1/agents/agentdyn/src/runs/gpt-4o-2024-08-06-piarena-agentwatcher/dailylife/user_task_2/none/none.json	2123	b6f83bf31a25d4949ee62e2977235c522f07b793e4ed55e22073c1f9def48fbb
external/AgentWatcher_armc_runtime_v1/agents/agentdyn/src/runs/gpt-4o-2024-08-06-piarena-agentwatcher/dailylife/user_task_3/important_instructions/injection_task_0.json	2942	01384869f05303a76ecba3582a7ba999fc144b8a1ff7fb2884fa8e3eb936613b
external/AgentWatcher_armc_runtime_v1/agents/agentdyn/src/runs/gpt-4o-2024-08-06-piarena-agentwatcher/dailylife/user_task_3/important_instructions/injection_task_2.json	2948	71a8ced37f6a44e8f7b1a97f82030d45b35771d7fb5e0fdf0449f180a93a5aae
external/AgentWatcher_armc_runtime_v1/agents/agentdyn/src/runs/gpt-4o-2024-08-06-piarena-agentwatcher/dailylife/user_task_3/important_instructions/injection_task_3.json	2867	c7513df9c51a8284f48d8d37b56d16c77a994cc7970673fc2963264d85fd8bf6
external/AgentWatcher_armc_runtime_v1/agents/agentdyn/src/runs/gpt-4o-2024-08-06-piarena-agentwatcher/dailylife/user_task_3/important_instructions/injection_task_4.json	3163	fedfbf2e12df3d4583246b8bf10add817dd8fb21aa1709e4380710875136f028
external/AgentWatcher_armc_runtime_v1/agents/agentdyn/src/runs/gpt-4o-2024-08-06-piarena-agentwatcher/dailylife/user_task_3/important_instructions/injection_task_6.json	2987	34ab1fafd6bd8c4809f2c59da438f1669a4d1a88b8e72feddd1aa2dfa70803a7
external/AgentWatcher_armc_runtime_v1/agents/agentdyn/src/runs/gpt-4o-2024-08-06-piarena-agentwatcher/dailylife/user_task_3/important_instructions/injection_task_7.json	3039	d22a3376587eccd50c16048e8248a81ef081f8445daba328df9028de1be1d1db
external/AgentWatcher_armc_runtime_v1/agents/agentdyn/src/runs/gpt-4o-2024-08-06-piarena-agentwatcher/dailylife/user_task_3/important_instructions/injection_task_8.json	3172	57b0b8319ec53b269bdd8551b52fe8d4efaacab435a884bafc540575b6325b1d
external/AgentWatcher_armc_runtime_v1/agents/agentdyn/src/runs/gpt-4o-2024-08-06-piarena-agentwatcher/dailylife/user_task_3/none/none.json	2353	d8056921cfb2d795f4db4842395cd37ddc0b03b3d0d959fbc761ff296ff52fda
external/AgentWatcher_armc_runtime_v1/agents/agentdyn/src/runs/gpt-4o-2024-08-06-piarena-agentwatcher/dailylife/user_task_4/important_instructions/injection_task_0.json	2826	269450b9242ea089f13d12f93678d9d5f01e78962c81e27c05a1dcd5143b6078
external/AgentWatcher_armc_runtime_v1/agents/agentdyn/src/runs/gpt-4o-2024-08-06-piarena-agentwatcher/dailylife/user_task_4/important_instructions/injection_task_1.json	2830	11b30051d7cc9cff2b4daf195960d82d73671de27c9953bbaa714c72e64a8eec
external/AgentWatcher_armc_runtime_v1/agents/agentdyn/src/runs/gpt-4o-2024-08-06-piarena-agentwatcher/dailylife/user_task_4/important_instructions/injection_task_3.json	2750	f9bc0c5b19c8bbacbdc10f21c455b1b239ef903603dd44f52e65896fdd125ab8
external/AgentWatcher_armc_runtime_v1/agents/agentdyn/src/runs/gpt-4o-2024-08-06-piarena-agentwatcher/dailylife/user_task_4/important_instructions/injection_task_5.json	3091	6928bd4f2d2811003b58755406c9f09b4fb28f8ddf961a1846377dfe31b89086
external/AgentWatcher_armc_runtime_v1/agents/agentdyn/src/runs/gpt-4o-2024-08-06-piarena-agentwatcher/dailylife/user_task_4/important_instructions/injection_task_7.json	2922	ed269ba415501503f6e05e27cdee846778d3b961a4fcc136e55a59a4a3c4300e
external/AgentWatcher_armc_runtime_v1/agents/agentdyn/src/runs/gpt-4o-2024-08-06-piarena-agentwatcher/dailylife/user_task_4/important_instructions/injection_task_8.json	3056	dd8970e4a32f020a4ebf7134db6cb08d3aa4b033b6b1f19dc5c1590fe7f38c9d
external/AgentWatcher_armc_runtime_v1/agents/agentdyn/src/runs/gpt-4o-2024-08-06-piarena-agentwatcher/dailylife/user_task_4/important_instructions/injection_task_9.json	3050	0bfd6e2363ce34249e9b7e02f29c87cf90a1842476606e7585822ecb6dd183c2
external/AgentWatcher_armc_runtime_v1/agents/agentdyn/src/runs/gpt-4o-2024-08-06-piarena-agentwatcher/dailylife/user_task_4/none/none.json	13310	e1ab55eefb0ac6d0d7a4264cea8800824ff6e99f14ffe4e1ef0aabc568e08bc5
external/AgentWatcher_armc_runtime_v1/agents/agentdyn/src/runs/gpt-4o-2024-08-06-piarena-agentwatcher/dailylife/user_task_5/important_instructions/injection_task_0.json	2964	9b9bbd58db490c817800103f69fa305609186df80a1577186fe2fbaa74da1c13
external/AgentWatcher_armc_runtime_v1/agents/agentdyn/src/runs/gpt-4o-2024-08-06-piarena-agentwatcher/dailylife/user_task_5/important_instructions/injection_task_1.json	2968	2b092429bfa9262421c309c1f8f6e91648e558e05d2e86c0ec890cff5ad85445
external/AgentWatcher_armc_runtime_v1/agents/agentdyn/src/runs/gpt-4o-2024-08-06-piarena-agentwatcher/dailylife/user_task_5/important_instructions/injection_task_2.json	3083	dc1c3ca6df7312b326eab018008e94438918281f77bb1317b2ed45b9d962801b
external/AgentWatcher_armc_runtime_v1/agents/agentdyn/src/runs/gpt-4o-2024-08-06-piarena-agentwatcher/dailylife/user_task_5/important_instructions/injection_task_3.json	2888	14b82f1830dd895f6263aa81152713f6346e653080a44acd2497fcbc5706ad6b
external/AgentWatcher_armc_runtime_v1/agents/agentdyn/src/runs/gpt-4o-2024-08-06-piarena-agentwatcher/dailylife/user_task_5/important_instructions/injection_task_4.json	3183	d89ace1fed1918bfee2097f9891154aed40720e89198b95a78073d7ef35c3bee
external/AgentWatcher_armc_runtime_v1/agents/agentdyn/src/runs/gpt-4o-2024-08-06-piarena-agentwatcher/dailylife/user_task_5/important_instructions/injection_task_5.json	3229	c2769c00893bee009635b82a732396c14b5f1cdb21eafbd08cc1f1bd18eaa626
external/AgentWatcher_armc_runtime_v1/agents/agentdyn/src/runs/gpt-4o-2024-08-06-piarena-agentwatcher/dailylife/user_task_5/important_instructions/injection_task_6.json	3008	dd4e66261d09621ae70bd9d4ba25c5ff0eaa27d6d1325ee70cbdc6a667b1bb0f
external/AgentWatcher_armc_runtime_v1/agents/agentdyn/src/runs/gpt-4o-2024-08-06-piarena-agentwatcher/dailylife/user_task_5/important_instructions/injection_task_7.json	3060	b97a20cfd74f7591c33e99afe2b5476bb3849784accf27598cd0590529847a4a
external/AgentWatcher_armc_runtime_v1/agents/agentdyn/src/runs/gpt-4o-2024-08-06-piarena-agentwatcher/dailylife/user_task_5/important_instructions/injection_task_8.json	3307	d70e43e6304dd77a8abacd5f8c24fab6a2dc29e9523254ce381a1ec709e820ba
external/AgentWatcher_armc_runtime_v1/agents/agentdyn/src/runs/gpt-4o-2024-08-06-piarena-agentwatcher/dailylife/user_task_5/important_instructions/injection_task_9.json	3188	08683b93e491ee59bc8f25a84d1ba23111da999b8065326da0ed5230416370ea
external/AgentWatcher_armc_runtime_v1/agents/agentdyn/src/runs/gpt-4o-2024-08-06-piarena-agentwatcher/dailylife/user_task_5/none/none.json	17617	0a1a498b6a87492d83ddf0264765010d6895b916351bec813fb7b69118041a48
external/AgentWatcher_armc_runtime_v1/agents/agentdyn/src/runs/gpt-4o-2024-08-06-piarena-agentwatcher/dailylife/user_task_6/important_instructions/injection_task_0.json	3383	44698e045d8dec9824209294e7de973386d71fb2a4555aab6419a19671b6fb8d
external/AgentWatcher_armc_runtime_v1/agents/agentdyn/src/runs/gpt-4o-2024-08-06-piarena-agentwatcher/dailylife/user_task_6/important_instructions/injection_task_1.json	3388	a332f7ede31a49bb1d71242c361a6448c2b13383c71f6626092e9fab56789534
external/AgentWatcher_armc_runtime_v1/agents/agentdyn/src/runs/gpt-4o-2024-08-06-piarena-agentwatcher/dailylife/user_task_6/important_instructions/injection_task_2.json	5360	cb3e4d40bd4b444a6b72484e2510386d8395433ca8aee18ac0e33df7cd2f14d6
external/AgentWatcher_armc_runtime_v1/agents/agentdyn/src/runs/gpt-4o-2024-08-06-piarena-agentwatcher/dailylife/user_task_6/important_instructions/injection_task_3.json	3269	3beda76c27d6953f682d744a6bb21adc6a9541e7a506a2b70d7930fde0801b8e
external/AgentWatcher_armc_runtime_v1/agents/agentdyn/src/runs/gpt-4o-2024-08-06-piarena-agentwatcher/dailylife/user_task_6/important_instructions/injection_task_4.json	5882	1b44a00d3b7ba08672b63a5ab03ae5d77756235a750fd6d954000d8f31eecbad
external/AgentWatcher_armc_runtime_v1/agents/agentdyn/src/runs/gpt-4o-2024-08-06-piarena-agentwatcher/dailylife/user_task_6/important_instructions/injection_task_6.json	3449	8079708a2cbc56aa8754167f97d9d10bc76cd913d6d685abe5435c3050735837
external/AgentWatcher_armc_runtime_v1/agents/agentdyn/src/runs/gpt-4o-2024-08-06-piarena-agentwatcher/dailylife/user_task_6/important_instructions/injection_task_7.json	3527	b2bac6a1f172c1d8b281ef22d01a89bacca3a76428e1d774eb2c0a645d2dcd62
external/AgentWatcher_armc_runtime_v1/agents/agentdyn/src/runs/gpt-4o-2024-08-06-piarena-agentwatcher/dailylife/user_task_6/important_instructions/injection_task_9.json	3718	bf0c68186def44b830a8dff4911533ffd6e7249f6d41eb01cfcc922b31885c95
external/AgentWatcher_armc_runtime_v1/agents/agentdyn/src/runs/gpt-4o-2024-08-06-piarena-agentwatcher/dailylife/user_task_6/none/none.json	2346	b230bcebbea5e5f2a3df9b278bc6a84ec498806c0933a21d63a779d4c63dadf1
external/AgentWatcher_armc_runtime_v1/agents/agentdyn/src/runs/gpt-4o-2024-08-06-piarena-agentwatcher/dailylife/user_task_7/important_instructions/injection_task_0.json	3416	5eea9d812562a9520a1e7bc33e8695bbe743994263b5b74457285d66c70330c4
external/AgentWatcher_armc_runtime_v1/agents/agentdyn/src/runs/gpt-4o-2024-08-06-piarena-agentwatcher/dailylife/user_task_7/important_instructions/injection_task_1.json	3422	62b6d199dd79e81f6060dfc4e1e8665403166f89e3c3c9f8407a885df927dc67
external/AgentWatcher_armc_runtime_v1/agents/agentdyn/src/runs/gpt-4o-2024-08-06-piarena-agentwatcher/dailylife/user_task_7/important_instructions/injection_task_2.json	3426	41f51fbdeab81beaaae5dc921fd4755c2703d80123abfd547bfbbf1a280bb26a
external/AgentWatcher_armc_runtime_v1/agents/agentdyn/src/runs/gpt-4o-2024-08-06-piarena-agentwatcher/dailylife/user_task_7/important_instructions/injection_task_3.json	3303	9d2d9d50cf39c4a995b54a41c38bd62cf022dec04d45808fbd7ed38257caa1a7
external/AgentWatcher_armc_runtime_v1/agents/agentdyn/src/runs/gpt-4o-2024-08-06-piarena-agentwatcher/dailylife/user_task_7/important_instructions/injection_task_4.json	3747	9392e1d56041da473a55d4e880a9d80a8a27726846f3aa799b17b93c9dd95a14
external/AgentWatcher_armc_runtime_v1/agents/agentdyn/src/runs/gpt-4o-2024-08-06-piarena-agentwatcher/dailylife/user_task_7/important_instructions/injection_task_5.json	3816	6bc2f6a36380a69f94b2dbeb9bb2c010140dbd0276cd8d353587fbd35b7bb178
external/AgentWatcher_armc_runtime_v1/agents/agentdyn/src/runs/gpt-4o-2024-08-06-piarena-agentwatcher/dailylife/user_task_7/important_instructions/injection_task_6.json	3483	20be251c322bf563bf584d06d311b81813a107c10177194c0f0adfb30f13d964
external/AgentWatcher_armc_runtime_v1/agents/agentdyn/src/runs/gpt-4o-2024-08-06-piarena-agentwatcher/dailylife/user_task_7/important_instructions/injection_task_7.json	3561	5c05ddf9d2f6be22686fb1f27009b7af181cd0d74336ee1306332460fffc7943
external/AgentWatcher_armc_runtime_v1/agents/agentdyn/src/runs/gpt-4o-2024-08-06-piarena-agentwatcher/dailylife/user_task_7/important_instructions/injection_task_8.json	3762	a30523de8eb28a8428258d33a8c6bec429086a6a4abc83d71475b1515dd7eae0
external/AgentWatcher_armc_runtime_v1/agents/agentdyn/src/runs/gpt-4o-2024-08-06-piarena-agentwatcher/dailylife/user_task_7/none/none.json	2608	ed43550778e2db9bce92d40c464d5c47b6fa980cf1fd5a23b5ae95ff33e378e8
external/AgentWatcher_armc_runtime_v1/agents/agentdyn/src/runs/gpt-4o-2024-08-06-piarena-agentwatcher/dailylife/user_task_8/important_instructions/injection_task_0.json	3032	09c469427d14026ca8deeeb1d3ddbb1a8e9feff04f50971d8d7bc212277ca13f
external/AgentWatcher_armc_runtime_v1/agents/agentdyn/src/runs/gpt-4o-2024-08-06-piarena-agentwatcher/dailylife/user_task_8/important_instructions/injection_task_1.json	3036	f47e05676e70b4f69aedb34bf817fdbe7fa02c0bc805e66751dabbc5d1818430
external/AgentWatcher_armc_runtime_v1/agents/agentdyn/src/runs/gpt-4o-2024-08-06-piarena-agentwatcher/dailylife/user_task_8/important_instructions/injection_task_2.json	3038	14d7f94d1365cc7d239576673db02eee23fd9794e5da3c7b77253d385859239e
external/AgentWatcher_armc_runtime_v1/agents/agentdyn/src/runs/gpt-4o-2024-08-06-piarena-agentwatcher/dailylife/user_task_8/important_instructions/injection_task_3.json	2956	2e79caf69d1d5e840e570b2147fa868976c76755cfcd4f1a73690ee417057d19
external/AgentWatcher_armc_runtime_v1/agents/agentdyn/src/runs/gpt-4o-2024-08-06-piarena-agentwatcher/dailylife/user_task_8/important_instructions/injection_task_4.json	3252	08daa8755529564133aee9ca87ace33c790c31fa203a0beb652fd5c40f0fce54
external/AgentWatcher_armc_runtime_v1/agents/agentdyn/src/runs/gpt-4o-2024-08-06-piarena-agentwatcher/dailylife/user_task_8/important_instructions/injection_task_5.json	3298	a2a0a695b0b4b8a568abd2e1a26266b83a184057d22b581a3d03d887725572b3
external/AgentWatcher_armc_runtime_v1/agents/agentdyn/src/runs/gpt-4o-2024-08-06-piarena-agentwatcher/dailylife/user_task_8/important_instructions/injection_task_6.json	3076	52353f2fd22c2f00cb6914753184079f444301b732f46643c023e6f669612242
external/AgentWatcher_armc_runtime_v1/agents/agentdyn/src/runs/gpt-4o-2024-08-06-piarena-agentwatcher/dailylife/user_task_8/important_instructions/injection_task_7.json	3015	0b9367b8332ba01cb8fc0270032828d7ec8613aeb78fa59c768ae7c9d85624ef
external/AgentWatcher_armc_runtime_v1/agents/agentdyn/src/runs/gpt-4o-2024-08-06-piarena-agentwatcher/dailylife/user_task_8/important_instructions/injection_task_8.json	3262	5e7442d638e2139dda26fa7f90614353007f6f798025d41e9cde8cc2237788c7
external/AgentWatcher_armc_runtime_v1/agents/agentdyn/src/runs/gpt-4o-2024-08-06-piarena-agentwatcher/dailylife/user_task_8/none/none.json	6996	6a7503635f9fade476f2b39402d058baefc69f7587643dcdaec4cf81865be0cd
external/AgentWatcher_armc_runtime_v1/agents/agentdyn/src/runs/gpt-4o-2024-08-06-piarena-agentwatcher/dailylife/user_task_9/important_instructions/injection_task_2.json	2511	8b5de6b5ab2990f6fb76ad6128fa1690c0b6d7a8cf13f844cc181525965585ce
external/AgentWatcher_armc_runtime_v1/agents/agentdyn/src/runs/gpt-4o-2024-08-06-piarena-agentwatcher/dailylife/user_task_9/important_instructions/injection_task_3.json	2469	b679c2a4f0665e8161dff11098ff1740b0697f28117917ea86fde4ce2ae01e23
external/AgentWatcher_armc_runtime_v1/agents/agentdyn/src/runs/gpt-4o-2024-08-06-piarena-agentwatcher/dailylife/user_task_9/important_instructions/injection_task_4.json	5243	2f928500030dc4ed67bc618550941503329af121403adc0e0208ba8f9b1a4483
external/AgentWatcher_armc_runtime_v1/agents/agentdyn/src/runs/gpt-4o-2024-08-06-piarena-agentwatcher/dailylife/user_task_9/important_instructions/injection_task_5.json	2640	ef99b962661dca93cba497011b7f1c5a0a53fd45a52867c3a2942bf07ae1312d
external/AgentWatcher_armc_runtime_v1/agents/agentdyn/src/runs/gpt-4o-2024-08-06-piarena-agentwatcher/dailylife/user_task_9/important_instructions/injection_task_6.json	2530	911f73b3b9efd8c872e67d7ac9c926e24a5fafd475d09612cfb209a7a02f0eb5
external/AgentWatcher_armc_runtime_v1/agents/agentdyn/src/runs/gpt-4o-2024-08-06-piarena-agentwatcher/dailylife/user_task_9/important_instructions/injection_task_7.json	2555	3a3cb930d293855fd58411854edaa99c692cf5f167f4f0eaef1db44edbc89835
external/AgentWatcher_armc_runtime_v1/agents/agentdyn/src/runs/gpt-4o-2024-08-06-piarena-agentwatcher/dailylife/user_task_9/important_instructions/injection_task_8.json	2622	aab1e69726403205798812c1f4786078d815a81f2832649208f06377a06e2f5f
external/AgentWatcher_armc_runtime_v1/agents/agentdyn/src/runs/gpt-4o-2024-08-06-piarena-agentwatcher/dailylife/user_task_9/important_instructions/injection_task_9.json	2619	799233ada4fce6c76ec147dc8ce1e6bcf00beb449cc9098b09d9c157f4a0d7f7
external/AgentWatcher_armc_runtime_v1/agents/agentdyn/src/runs/gpt-4o-2024-08-06-piarena-agentwatcher/dailylife/user_task_9/none/none.json	9430	9f226bfc08712eb431e972115b0f193a398eb83e2c137f8abf4646bdb82ad787
external/AgentWatcher_armc_runtime_v1/agents/agentdyn/src/runs/gpt-4o-2024-08-06-piarena-agentwatcher/github/injection_task_0/none/none.json	2815	07daca992585457ccd7f1fc3f0093e24bb690a233a607e6f2165aab698a76903
external/AgentWatcher_armc_runtime_v1/agents/agentdyn/src/runs/gpt-4o-2024-08-06-piarena-agentwatcher/github/injection_task_1/none/none.json	1731	935163ee75025d401cc3b7c744455e2cd5fd01b66e8cbb9908c51121d9c0bd0d
external/AgentWatcher_armc_runtime_v1/agents/agentdyn/src/runs/gpt-4o-2024-08-06-piarena-agentwatcher/github/injection_task_2/none/none.json	3109	6b56f84c39f968722c7edeb84d529c52da0a50412d7ffe0f3975235c9bb5d45c
external/AgentWatcher_armc_runtime_v1/agents/agentdyn/src/runs/gpt-4o-2024-08-06-piarena-agentwatcher/github/injection_task_3/none/none.json	6679	d60315c3459f8342d51b06caaee4c03837e3bfdeeec12d516358d3d7dabcf4e7
external/AgentWatcher_armc_runtime_v1/agents/agentdyn/src/runs/gpt-4o-2024-08-06-piarena-agentwatcher/github/injection_task_4/none/none.json	8679	b31f5dabf821f37743856b93f6f82df4f284c5f5125712bd3b04facb1ed64b0f
external/AgentWatcher_armc_runtime_v1/agents/agentdyn/src/runs/gpt-4o-2024-08-06-piarena-agentwatcher/github/injection_task_5/none/none.json	8807	f441ef16d851fc4b1c173b671d9bdef8a375666456160e273c2ceb2854fdf880
external/AgentWatcher_armc_runtime_v1/agents/agentdyn/src/runs/gpt-4o-2024-08-06-piarena-agentwatcher/github/injection_task_6/none/none.json	4338	51a696200eb7e29a56b84452a5e7d172765f5737ba9a97ea9410a54c65edd62b
external/AgentWatcher_armc_runtime_v1/agents/agentdyn/src/runs/gpt-4o-2024-08-06-piarena-agentwatcher/github/injection_task_7/none/none.json	3546	86ce86823727b566cb7bbeb77f0f5ff5df386cd440f30d9af1f715a034f54a36
external/AgentWatcher_armc_runtime_v1/agents/agentdyn/src/runs/gpt-4o-2024-08-06-piarena-agentwatcher/github/injection_task_8/none/none.json	2080	164fc7104744614c5ef2a7b3acfe0d2c7eda967aeeba2cae00f5036ec484e8c7
external/AgentWatcher_armc_runtime_v1/agents/agentdyn/src/runs/gpt-4o-2024-08-06-piarena-agentwatcher/github/user_task_0/important_instructions/injection_task_1.json	2446	a02733e8c217d2d1b5d4514e9f99ea2bed9173ba4e81a8b6b2a9a817ffce4cc1
external/AgentWatcher_armc_runtime_v1/agents/agentdyn/src/runs/gpt-4o-2024-08-06-piarena-agentwatcher/github/user_task_0/important_instructions/injection_task_2.json	2469	b5dd489b6bd075bce373315e3e9866a0f1bad08ec9bc091932db838f61a97fb5
external/AgentWatcher_armc_runtime_v1/agents/agentdyn/src/runs/gpt-4o-2024-08-06-piarena-agentwatcher/github/user_task_0/important_instructions/injection_task_3.json	2483	8e338b830f1431d1b86c701d1ff557d656e966943375a0847c32e9bfd37ee35a
external/AgentWatcher_armc_runtime_v1/agents/agentdyn/src/runs/gpt-4o-2024-08-06-piarena-agentwatcher/github/user_task_0/important_instructions/injection_task_4.json	2466	a7ac6338b3a402c81a47b85392aac8c8b23a41042201aba45a23cc4ecc2c67bd
external/AgentWatcher_armc_runtime_v1/agents/agentdyn/src/runs/gpt-4o-2024-08-06-piarena-agentwatcher/github/user_task_0/important_instructions/injection_task_5.json	2507	10536467870c1e4193fc2c8e11fd221096e6818b225add84fac5ce5509b686fd
external/AgentWatcher_armc_runtime_v1/agents/agentdyn/src/runs/gpt-4o-2024-08-06-piarena-agentwatcher/github/user_task_0/important_instructions/injection_task_6.json	2503	680bc7c5a794f8a625c8b01e278306ec64e882279e7ff82a3f58a8668db9b8c3
external/AgentWatcher_armc_runtime_v1/agents/agentdyn/src/runs/gpt-4o-2024-08-06-piarena-agentwatcher/github/user_task_0/important_instructions/injection_task_7.json	2522	d425daa039e01b0c17c5cec0b950826aa8094f21a4b53d1adeadb12085d529f0
external/AgentWatcher_armc_runtime_v1/agents/agentdyn/src/runs/gpt-4o-2024-08-06-piarena-agentwatcher/github/user_task_0/important_instructions/injection_task_8.json	2547	d0519ca343c962e876097f0c5bb66336957d7f328a2608e9eca268e754893291
external/AgentWatcher_armc_runtime_v1/agents/agentdyn/src/runs/gpt-4o-2024-08-06-piarena-agentwatcher/github/user_task_0/none/none.json	11443	dabdeb947a8d30337b6c79e2e52553d10fa18c81bfabe26bba46f18934f6bf85
external/AgentWatcher_armc_runtime_v1/agents/agentdyn/src/runs/gpt-4o-2024-08-06-piarena-agentwatcher/github/user_task_1/important_instructions/injection_task_0.json	16983	d9b92ae8258590f90651bf53de8020ddc9072903c034cc02244d18688c5de6f8
external/AgentWatcher_armc_runtime_v1/agents/agentdyn/src/runs/gpt-4o-2024-08-06-piarena-agentwatcher/github/user_task_1/important_instructions/injection_task_1.json	2707	1ec079f5216589664c7e2eebe4e9e855e3fe126c3c1c7f88acdeae542e47916f
external/AgentWatcher_armc_runtime_v1/agents/agentdyn/src/runs/gpt-4o-2024-08-06-piarena-agentwatcher/github/user_task_1/important_instructions/injection_task_2.json	2754	19a3215911bd37e93c5dc74e097f86541a028d28941ec5c1743518bc1a3bdf5d
external/AgentWatcher_armc_runtime_v1/agents/agentdyn/src/runs/gpt-4o-2024-08-06-piarena-agentwatcher/github/user_task_1/important_instructions/injection_task_3.json	2780	add0267dc4cb9b3d06e2bec8696e339aacb3994a7fbe7757e2d1a506d745bba5
external/AgentWatcher_armc_runtime_v1/agents/agentdyn/src/runs/gpt-4o-2024-08-06-piarena-agentwatcher/github/user_task_1/important_instructions/injection_task_4.json	2749	7c7a83ccb9898d0a070161cdfbe2b808ace95e07bee4e887aea2a16621fe99e4
external/AgentWatcher_armc_runtime_v1/agents/agentdyn/src/runs/gpt-4o-2024-08-06-piarena-agentwatcher/github/user_task_1/important_instructions/injection_task_5.json	2830	a7dd892e1c5a2af8904ea48961ab675926f9f357dcb2450558eb799d3f16ebe7
external/AgentWatcher_armc_runtime_v1/agents/agentdyn/src/runs/gpt-4o-2024-08-06-piarena-agentwatcher/github/user_task_1/important_instructions/injection_task_6.json	2822	cccee078b6ffb0de0debdb647e9ac4ba124b8d41a7bb5522d6ab82a46511f78a
external/AgentWatcher_armc_runtime_v1/agents/agentdyn/src/runs/gpt-4o-2024-08-06-piarena-agentwatcher/github/user_task_1/important_instructions/injection_task_7.json	2859	0795cd5b9c8c0218ca31bea7dce7af45c5cf63b9b98dc7a583122b2d7313a372
external/AgentWatcher_armc_runtime_v1/agents/agentdyn/src/runs/gpt-4o-2024-08-06-piarena-agentwatcher/github/user_task_1/important_instructions/injection_task_8.json	2910	c984da0d519b05ac916fd83b005acafa4c2b3d2f46bd4ff9e2d6df3d36247a4f
external/AgentWatcher_armc_runtime_v1/agents/agentdyn/src/runs/gpt-4o-2024-08-06-piarena-agentwatcher/github/user_task_1/none/none.json	15299	8385157ccb8017ac1d7594f85679e0ea232003e295c573bcf26a8c2be9b3f01c
external/AgentWatcher_armc_runtime_v1/agents/agentdyn/src/runs/gpt-4o-2024-08-06-piarena-agentwatcher/github/user_task_10/important_instructions/injection_task_0.json	2769	5490b45c96c7f04419ff5a690e204a76a1d38947e6503b3a1622f2fce9678244
external/AgentWatcher_armc_runtime_v1/agents/agentdyn/src/runs/gpt-4o-2024-08-06-piarena-agentwatcher/github/user_task_10/important_instructions/injection_task_1.json	2935	b1bb2b5a1c06d37fb3b5fc8bb3d2ae868b24a80a4c46f63526bdc3f9e8633654
external/AgentWatcher_armc_runtime_v1/agents/agentdyn/src/runs/gpt-4o-2024-08-06-piarena-agentwatcher/github/user_task_10/important_instructions/injection_task_2.json	2753	8b4f0026f6a7accede7c565f3b8ffd9668d057029d7679b92c743c69ab105d0d
external/AgentWatcher_armc_runtime_v1/agents/agentdyn/src/runs/gpt-4o-2024-08-06-piarena-agentwatcher/github/user_task_10/important_instructions/injection_task_3.json	13832	c997acace7c6c2facb1aa6d3360cc76b4f906161165f3b454a403dc5bed904ba
external/AgentWatcher_armc_runtime_v1/agents/agentdyn/src/runs/gpt-4o-2024-08-06-piarena-agentwatcher/github/user_task_10/important_instructions/injection_task_4.json	2976	162a9a772b011636420abf19ca91dd25c94207eae5eef08331a3bf2d4846fbc0
external/AgentWatcher_armc_runtime_v1/agents/agentdyn/src/runs/gpt-4o-2024-08-06-piarena-agentwatcher/github/user_task_10/important_instructions/injection_task_6.json	2935	5cb81d9f1c04b939f857645d458810d4b807d181db84503a2df742b4a0747443
external/AgentWatcher_armc_runtime_v1/agents/agentdyn/src/runs/gpt-4o-2024-08-06-piarena-agentwatcher/github/user_task_10/important_instructions/injection_task_7.json	2859	a4d41af984252d8e73aa011c5b77b82d2113755de06fcb1797e7afa667de1fc4
external/AgentWatcher_armc_runtime_v1/agents/agentdyn/src/runs/gpt-4o-2024-08-06-piarena-agentwatcher/github/user_task_10/important_instructions/injection_task_8.json	2910	4a57964045ffe595f44f7bb32c2dbda2929991429ebf0cd984cfed1d4e84914f
external/AgentWatcher_armc_runtime_v1/agents/agentdyn/src/runs/gpt-4o-2024-08-06-piarena-agentwatcher/github/user_task_10/none/none.json	12941	34c6d5d2f5c6e733c1a7cc181c958e28d7f190e9ee6df068bbd6e5a020e60249
external/AgentWatcher_armc_runtime_v1/agents/agentdyn/src/runs/gpt-4o-2024-08-06-piarena-agentwatcher/github/user_task_11/important_instructions/injection_task_0.json	2387	297f8980e27168ddff16c3688a38a3305df7e8d4555e56f323572238b55f3e3a
external/AgentWatcher_armc_runtime_v1/agents/agentdyn/src/runs/gpt-4o-2024-08-06-piarena-agentwatcher/github/user_task_11/important_instructions/injection_task_1.json	2356	d34adeec1998190354cc1c59fc7f00f1d5c1b1b04f3c2d9ba20e41fa0399c0bf
external/AgentWatcher_armc_runtime_v1/agents/agentdyn/src/runs/gpt-4o-2024-08-06-piarena-agentwatcher/github/user_task_11/important_instructions/injection_task_2.json	2378	cec810f8be52112d1048f81a8e0158b882bd68c3663568fc3083679674b096eb
external/AgentWatcher_armc_runtime_v1/agents/agentdyn/src/runs/gpt-4o-2024-08-06-piarena-agentwatcher/github/user_task_11/important_instructions/injection_task_3.json	2393	085608eb1db4eedfc9d66e0b5c7bee0340e3398ad719e4494b76d4495fc995b2
external/AgentWatcher_armc_runtime_v1/agents/agentdyn/src/runs/gpt-4o-2024-08-06-piarena-agentwatcher/github/user_task_11/important_instructions/injection_task_4.json	2376	8e1bf0d181fc8c0b2c1c7bafa2147bf3f683ee2587978efde3a9620ec74f6518
external/AgentWatcher_armc_runtime_v1/agents/agentdyn/src/runs/gpt-4o-2024-08-06-piarena-agentwatcher/github/user_task_11/important_instructions/injection_task_5.json	2417	93d9bf68d9a4e7a172c87e5920159f91be2e3a42e198a7aac48d8fb71dd52ba9
external/AgentWatcher_armc_runtime_v1/agents/agentdyn/src/runs/gpt-4o-2024-08-06-piarena-agentwatcher/github/user_task_11/important_instructions/injection_task_6.json	2413	880d6f32bca5ce1ca0e9d0ccfe341c13f78b5b7849cf9060f17164b9b3cc717a
external/AgentWatcher_armc_runtime_v1/agents/agentdyn/src/runs/gpt-4o-2024-08-06-piarena-agentwatcher/github/user_task_11/important_instructions/injection_task_7.json	2432	1d9b5598902d78b3fc6792fa5c442dcf714d11cd99179344b4ef8bbf25816032
external/AgentWatcher_armc_runtime_v1/agents/agentdyn/src/runs/gpt-4o-2024-08-06-piarena-agentwatcher/github/user_task_11/important_instructions/injection_task_8.json	2456	bf8a116a46db079f070e88e6d4dd1d6a10c4c0327be709a0f7c40a01a28df9b4
external/AgentWatcher_armc_runtime_v1/agents/agentdyn/src/runs/gpt-4o-2024-08-06-piarena-agentwatcher/github/user_task_11/none/none.json	2039	2d072870f711732299009d469c74f37c89369eb83d50d6d3afa5eaeda8a6e24a
external/AgentWatcher_armc_runtime_v1/agents/agentdyn/src/runs/gpt-4o-2024-08-06-piarena-agentwatcher/github/user_task_12/important_instructions/injection_task_0.json	3458	902774e6783a69539f916b7fd99d7f9b1b67e4e19d3fe9a7bf8d742c7ac3ded8
external/AgentWatcher_armc_runtime_v1/agents/agentdyn/src/runs/gpt-4o-2024-08-06-piarena-agentwatcher/github/user_task_12/important_instructions/injection_task_1.json	3365	84c0a410cb94786fdf44a9bab31084ceaf94ccb6c1b8b9ec8039d8afe57f82ac
external/AgentWatcher_armc_runtime_v1/agents/agentdyn/src/runs/gpt-4o-2024-08-06-piarena-agentwatcher/github/user_task_12/important_instructions/injection_task_2.json	3434	f553e1fd02f08e28d9796f2f85aae2c23fbf13b186294a2559bafb57314c1390
external/AgentWatcher_armc_runtime_v1/agents/agentdyn/src/runs/gpt-4o-2024-08-06-piarena-agentwatcher/github/user_task_12/important_instructions/injection_task_3.json	3249	f0448f6d301c6aa0efde992e59efc25995af0f5675c852af2b1bd12b2c522598
external/AgentWatcher_armc_runtime_v1/agents/agentdyn/src/runs/gpt-4o-2024-08-06-piarena-agentwatcher/github/user_task_12/important_instructions/injection_task_4.json	3428	3123c1f51c017f75142060fa4664ca6e3f14a6e31e764cc4562c317fa0613438
external/AgentWatcher_armc_runtime_v1/agents/agentdyn/src/runs/gpt-4o-2024-08-06-piarena-agentwatcher/github/user_task_12/important_instructions/injection_task_5.json	3663	4585f354328ea37ce602d64237c6b7d29fa794bee2109f0db106b7b4a1dbffbd
external/AgentWatcher_armc_runtime_v1/agents/agentdyn/src/runs/gpt-4o-2024-08-06-piarena-agentwatcher/github/user_task_12/important_instructions/injection_task_6.json	3536	7a1464b113c5221ee7ac0d5a403e37b83fcaa3da0b6f4b3668c4107497761682
external/AgentWatcher_armc_runtime_v1/agents/agentdyn/src/runs/gpt-4o-2024-08-06-piarena-agentwatcher/github/user_task_12/important_instructions/injection_task_7.json	3366	4ddd09ece0fdf5ca5352c8a0b7fbb7ae1a195bdf653b173b57cce3cc5d77124a
external/AgentWatcher_armc_runtime_v1/agents/agentdyn/src/runs/gpt-4o-2024-08-06-piarena-agentwatcher/github/user_task_12/important_instructions/injection_task_8.json	3668	9c624ce64f6bcca61bfd39828b2ce3dbd54de94e0f600bc9d4706d803515df10
external/AgentWatcher_armc_runtime_v1/agents/agentdyn/src/runs/gpt-4o-2024-08-06-piarena-agentwatcher/github/user_task_12/none/none.json	18731	16eb08e1f40c2ec217611aa584c836eceb9115624e73f9b71b54a0ffcc54446f
external/AgentWatcher_armc_runtime_v1/agents/agentdyn/src/runs/gpt-4o-2024-08-06-piarena-agentwatcher/github/user_task_13/important_instructions/injection_task_0.json	3353	39d0b8a14daefd35fe06ce44565e95feefb07fcf8bc02e198f2034cddb25d6fa
external/AgentWatcher_armc_runtime_v1/agents/agentdyn/src/runs/gpt-4o-2024-08-06-piarena-agentwatcher/github/user_task_13/important_instructions/injection_task_1.json	2948	eb0a0b842a76128ac6587f9fa289c5f1aef0f9ad1f8a54153ac654569debed74
external/AgentWatcher_armc_runtime_v1/agents/agentdyn/src/runs/gpt-4o-2024-08-06-piarena-agentwatcher/github/user_task_13/important_instructions/injection_task_2.json	3109	9e06d340c24a5f3058fe42983564f6a197959326d7606c1090731ff93a23f80b
external/AgentWatcher_armc_runtime_v1/agents/agentdyn/src/runs/gpt-4o-2024-08-06-piarena-agentwatcher/github/user_task_13/important_instructions/injection_task_3.json	3023	54d32817b4a3235d242d4e9cb91f591d755b26de470bd69c8a7167a9e62a0293
external/AgentWatcher_armc_runtime_v1/agents/agentdyn/src/runs/gpt-4o-2024-08-06-piarena-agentwatcher/github/user_task_13/important_instructions/injection_task_4.json	18754	c619157c9f23b04e869d5dc9482056c2678478a4c98e94c3eb26d38494ac80ef
external/AgentWatcher_armc_runtime_v1/agents/agentdyn/src/runs/gpt-4o-2024-08-06-piarena-agentwatcher/github/user_task_13/important_instructions/injection_task_5.json	24642	d8e4edeea72ef7a5b39110bbfc68722fd99fe31d2971db12cb5becc79ca5e403
external/AgentWatcher_armc_runtime_v1/agents/agentdyn/src/runs/gpt-4o-2024-08-06-piarena-agentwatcher/github/user_task_13/important_instructions/injection_task_6.json	3176	588b3d261abcb33dd2da181d29d5e4f9acafb506c6c7727220018e6bd5a8cf59
external/AgentWatcher_armc_runtime_v1/agents/agentdyn/src/runs/gpt-4o-2024-08-06-piarena-agentwatcher/github/user_task_13/important_instructions/injection_task_8.json	3493	acca66d8a517c35a5d879c23159035c8a49b9be2643d2532e2b7aef6bd1d4997
external/AgentWatcher_armc_runtime_v1/agents/agentdyn/src/runs/gpt-4o-2024-08-06-piarena-agentwatcher/github/user_task_13/none/none.json	21152	81cadd908beaeacd13230f449368e12e49a057e518f59db7a89a32b6d4d23894
external/AgentWatcher_armc_runtime_v1/agents/agentdyn/src/runs/gpt-4o-2024-08-06-piarena-agentwatcher/github/user_task_14/important_instructions/injection_task_0.json	2848	c287ceb7c6366f3d5bd4f0267ab2f18b76653a8d78d385c365f3830516759947
external/AgentWatcher_armc_runtime_v1/agents/agentdyn/src/runs/gpt-4o-2024-08-06-piarena-agentwatcher/github/user_task_14/important_instructions/injection_task_1.json	2787	9e6c2ffdb16fa3f0732a352f71bc26a3f1624719324a015996022aed5c1cb10e
external/AgentWatcher_armc_runtime_v1/agents/agentdyn/src/runs/gpt-4o-2024-08-06-piarena-agentwatcher/github/user_task_14/important_instructions/injection_task_2.json	2833	051069767a295c3e0f4376beaff6f0eaafe19f5d1d3792fcdb52ed886e27b102
external/AgentWatcher_armc_runtime_v1/agents/agentdyn/src/runs/gpt-4o-2024-08-06-piarena-agentwatcher/github/user_task_14/important_instructions/injection_task_3.json	2860	b7146ea03b823ce625fad4a00af2b017263043de7a6773667e28e48009f61866
external/AgentWatcher_armc_runtime_v1/agents/agentdyn/src/runs/gpt-4o-2024-08-06-piarena-agentwatcher/github/user_task_14/important_instructions/injection_task_4.json	2829	ed741c19973a64001d7dff317d718a7746701484a29b50fa21254f7a19f4b241
external/AgentWatcher_armc_runtime_v1/agents/agentdyn/src/runs/gpt-4o-2024-08-06-piarena-agentwatcher/github/user_task_14/important_instructions/injection_task_5.json	2908	55c14b11003619d5f45bea78bcfcfa08b7a151c9d0f220fa6734da1fd334cd00
external/AgentWatcher_armc_runtime_v1/agents/agentdyn/src/runs/gpt-4o-2024-08-06-piarena-agentwatcher/github/user_task_14/important_instructions/injection_task_6.json	2900	793bc383c1fec1e51251be2692cbb76c9e39a51a85a3ac01e4816f33b99cef2e
external/AgentWatcher_armc_runtime_v1/agents/agentdyn/src/runs/gpt-4o-2024-08-06-piarena-agentwatcher/github/user_task_14/important_instructions/injection_task_7.json	2937	c6601b78b44a67a104815afb72cc2baaff4ba616413699911aec0bc4a9713b13
external/AgentWatcher_armc_runtime_v1/agents/agentdyn/src/runs/gpt-4o-2024-08-06-piarena-agentwatcher/github/user_task_14/important_instructions/injection_task_8.json	2989	b0c56e2e06799ac59b5a114a1e52e1aa3ccf156ff4d0c766ef4eb0f3eb28d68d
external/AgentWatcher_armc_runtime_v1/agents/agentdyn/src/runs/gpt-4o-2024-08-06-piarena-agentwatcher/github/user_task_14/none/none.json	8796	85ea8b40b1f1d25c74708435e340c44165d947b0c599802a07d7cec1e11b35a9
external/AgentWatcher_armc_runtime_v1/agents/agentdyn/src/runs/gpt-4o-2024-08-06-piarena-agentwatcher/github/user_task_15/important_instructions/injection_task_0.json	3301	5acfa533fc70a92fcd5b544de89709a5233dc0aaecabe13f912e41484ae8c881
external/AgentWatcher_armc_runtime_v1/agents/agentdyn/src/runs/gpt-4o-2024-08-06-piarena-agentwatcher/github/user_task_15/important_instructions/injection_task_1.json	3206	f7cd3d4631f174e71f19e3243e50e3911d08887e49ffd46a8843d86979b5857d
external/AgentWatcher_armc_runtime_v1/agents/agentdyn/src/runs/gpt-4o-2024-08-06-piarena-agentwatcher/github/user_task_15/important_instructions/injection_task_2.json	3276	bc475470fb3a2dcae584c7ad1b0fa75a251cc798221c9487ed2ce2c6a1cfaa6a
external/AgentWatcher_armc_runtime_v1/agents/agentdyn/src/runs/gpt-4o-2024-08-06-piarena-agentwatcher/github/user_task_15/important_instructions/injection_task_5.json	3391	7f310c613991d106fe5932c36b57855b3fa93400df0088dc90a7dc99f8a25e4e
external/AgentWatcher_armc_runtime_v1/agents/agentdyn/src/runs/gpt-4o-2024-08-06-piarena-agentwatcher/github/user_task_15/important_instructions/injection_task_6.json	3378	619c3201aa972264319f38d167abe53eac92bc73c72640b60cefcb21662023b6
external/AgentWatcher_armc_runtime_v1/agents/agentdyn/src/runs/gpt-4o-2024-08-06-piarena-agentwatcher/github/user_task_15/important_instructions/injection_task_7.json	3436	177bc1b9cf46f84a182b29566a08b691affd1bbecc6bbab94ddc5bafaa0ff614
external/AgentWatcher_armc_runtime_v1/agents/agentdyn/src/runs/gpt-4o-2024-08-06-piarena-agentwatcher/github/user_task_15/important_instructions/injection_task_8.json	3510	5d1590b8a4b5793167b77f0eed9925dcf202491c73c14cbfecda8e115e1ea21b
external/AgentWatcher_armc_runtime_v1/agents/agentdyn/src/runs/gpt-4o-2024-08-06-piarena-agentwatcher/github/user_task_15/none/none.json	8871	cfd71fd226bb3ec26ef77b218127de97fcd657eb61f6ef7754332ee3dacff5d1
external/AgentWatcher_armc_runtime_v1/agents/agentdyn/src/runs/gpt-4o-2024-08-06-piarena-agentwatcher/github/user_task_16/important_instructions/injection_task_0.json	12100	67e9df833cc1bcc515973ca9210ed1c9581b59cee93faa56997f3929f2076672
external/AgentWatcher_armc_runtime_v1/agents/agentdyn/src/runs/gpt-4o-2024-08-06-piarena-agentwatcher/github/user_task_16/important_instructions/injection_task_1.json	2946	2e7d05b89fe4a9dae57291800b565666580ca690af34cfddf14e4566725de5f4
external/AgentWatcher_armc_runtime_v1/agents/agentdyn/src/runs/gpt-4o-2024-08-06-piarena-agentwatcher/github/user_task_16/important_instructions/injection_task_2.json	2992	d283fdb922c51b2f790f5b0dd078d7b2d9b68a26ad36f6185c0b8323b74c3515
external/AgentWatcher_armc_runtime_v1/agents/agentdyn/src/runs/gpt-4o-2024-08-06-piarena-agentwatcher/github/user_task_16/important_instructions/injection_task_3.json	2905	bc3dd74a0d4effc377af7f3442476c67c8e38f22e18975a1ac3c67c6d29d058f
external/AgentWatcher_armc_runtime_v1/agents/agentdyn/src/runs/gpt-4o-2024-08-06-piarena-agentwatcher/github/user_task_16/important_instructions/injection_task_4.json	12063	cba8d2e75f22783ee4fc6355b5343a529fa1fd0491526d474c71e5e02d2aa1fb
external/AgentWatcher_armc_runtime_v1/agents/agentdyn/src/runs/gpt-4o-2024-08-06-piarena-agentwatcher/github/user_task_16/important_instructions/injection_task_5.json	3067	15269023c9ecf71b5e8d4b7beb9907cd57864c1fdce62359cc82a6126fdbc797
external/AgentWatcher_armc_runtime_v1/agents/agentdyn/src/runs/gpt-4o-2024-08-06-piarena-agentwatcher/github/user_task_16/important_instructions/injection_task_6.json	3059	6417b0729b12f898a531b904c1444b19a067b7ce8d3ab97cd2e700e61908c629
external/AgentWatcher_armc_runtime_v1/agents/agentdyn/src/runs/gpt-4o-2024-08-06-piarena-agentwatcher/github/user_task_16/important_instructions/injection_task_7.json	3098	d615382fabd2d169b5e58f606d8602980798d96dee3dbcc948289071a9ee181d
external/AgentWatcher_armc_runtime_v1/agents/agentdyn/src/runs/gpt-4o-2024-08-06-piarena-agentwatcher/github/user_task_16/important_instructions/injection_task_8.json	3147	2d7d49a9405cb6ef26b7eb4ba8b06e7a1e9314a6a3c253a1c1b63531047ac2a1
external/AgentWatcher_armc_runtime_v1/agents/agentdyn/src/runs/gpt-4o-2024-08-06-piarena-agentwatcher/github/user_task_16/none/none.json	7587	7be15e35c9b8cc4ace24497e3c1946a3fc26e5a898d85036711d72b81fc6c513
external/AgentWatcher_armc_runtime_v1/agents/agentdyn/src/runs/gpt-4o-2024-08-06-piarena-agentwatcher/github/user_task_17/important_instructions/injection_task_0.json	12647	03d64a9668f824324cb6ff35869984e52f04d2d690028bb7c2ed111e19ffbb41
external/AgentWatcher_armc_runtime_v1/agents/agentdyn/src/runs/gpt-4o-2024-08-06-piarena-agentwatcher/github/user_task_17/important_instructions/injection_task_1.json	12527	6bead1859009c41cf920d8ba69ed2d1b7f61b4577f30468b9cacf3b33112a66c
external/AgentWatcher_armc_runtime_v1/agents/agentdyn/src/runs/gpt-4o-2024-08-06-piarena-agentwatcher/github/user_task_17/important_instructions/injection_task_2.json	3073	f94cdcf783ab18077fd069247267d660dff79fa46af00b4fa7b29b4ec16bf363
external/AgentWatcher_armc_runtime_v1/agents/agentdyn/src/runs/gpt-4o-2024-08-06-piarena-agentwatcher/github/user_task_17/important_instructions/injection_task_3.json	3101	954fb19c9104ef69d168960852e43bbd084ee9bdbc669ace56ce4987c23afbc2
external/AgentWatcher_armc_runtime_v1/agents/agentdyn/src/runs/gpt-4o-2024-08-06-piarena-agentwatcher/github/user_task_17/important_instructions/injection_task_4.json	12615	0b59fa4f6cad4e93135878c06869628791e9bce0445cd91f4b475b2bc04d159e
external/AgentWatcher_armc_runtime_v1/agents/agentdyn/src/runs/gpt-4o-2024-08-06-piarena-agentwatcher/github/user_task_17/important_instructions/injection_task_5.json	12770	da037ca0cca30a0c9c4ae976417e14d28b0d08dd7f93a778a618200dd1d67782
external/AgentWatcher_armc_runtime_v1/agents/agentdyn/src/runs/gpt-4o-2024-08-06-piarena-agentwatcher/github/user_task_17/important_instructions/injection_task_6.json	12755	c0d73024819d9d72f56b33853e9a60525739ec542ace216c1b59de8ed73fd7c0
external/AgentWatcher_armc_runtime_v1/agents/agentdyn/src/runs/gpt-4o-2024-08-06-piarena-agentwatcher/github/user_task_17/important_instructions/injection_task_8.json	12941	c08d31e8f2fdc763b88e64e86f90c7c0ce6f770f39226542b84e5c1e42243b16
external/AgentWatcher_armc_runtime_v1/agents/agentdyn/src/runs/gpt-4o-2024-08-06-piarena-agentwatcher/github/user_task_17/none/none.json	10966	620157aa3357d553f48bf32953b882657516bd4e40bb9c969df4d55e422d14c2
external/AgentWatcher_armc_runtime_v1/agents/agentdyn/src/runs/gpt-4o-2024-08-06-piarena-agentwatcher/github/user_task_18/important_instructions/injection_task_0.json	13704	feab10a060ba0dc48750cf10c83b18a6f8e315b059a89259478c2b58f4c7a1da
external/AgentWatcher_armc_runtime_v1/agents/agentdyn/src/runs/gpt-4o-2024-08-06-piarena-agentwatcher/github/user_task_18/important_instructions/injection_task_1.json	13580	28293b9cae7cd8f7fe517eed34dff2a12cd0a05802a73d51d3f10fab43d14a50
external/AgentWatcher_armc_runtime_v1/agents/agentdyn/src/runs/gpt-4o-2024-08-06-piarena-agentwatcher/github/user_task_18/important_instructions/injection_task_2.json	13672	499cf85c9f49d0ae14fc9bcd484eeda29aa6b3d23385fe11463fcd54a8d97889
external/AgentWatcher_armc_runtime_v1/agents/agentdyn/src/runs/gpt-4o-2024-08-06-piarena-agentwatcher/github/user_task_18/important_instructions/injection_task_3.json	13730	bdc81181831aea1e6909e5800b2ba1e5b62a27c4f79fe1307205767c7e7cf583
external/AgentWatcher_armc_runtime_v1/agents/agentdyn/src/runs/gpt-4o-2024-08-06-piarena-agentwatcher/github/user_task_18/important_instructions/injection_task_4.json	13668	f57a696f19cbb0a32ff56f973693f2d97af84470affb626bb27ec829e52a318f
external/AgentWatcher_armc_runtime_v1/agents/agentdyn/src/runs/gpt-4o-2024-08-06-piarena-agentwatcher/github/user_task_18/important_instructions/injection_task_5.json	3010	f63a5f9c20bcf54b323b8336c38fbd94ad50b76ac874d0379acc4d7c960de533
external/AgentWatcher_armc_runtime_v1/agents/agentdyn/src/runs/gpt-4o-2024-08-06-piarena-agentwatcher/github/user_task_18/important_instructions/injection_task_6.json	13807	aaf918e39f07b86c8f6749b2e07d3e0c10022a5d28c6877721e3f69f6d099f75
external/AgentWatcher_armc_runtime_v1/agents/agentdyn/src/runs/gpt-4o-2024-08-06-piarena-agentwatcher/github/user_task_18/important_instructions/injection_task_7.json	3040	8f6b788ea12f05d37bfcb2fdc12af9bb28d98bb59b68ff7fc2c130d9447a3178
external/AgentWatcher_armc_runtime_v1/agents/agentdyn/src/runs/gpt-4o-2024-08-06-piarena-agentwatcher/github/user_task_18/important_instructions/injection_task_8.json	13994	f74dafec790aec36993f66c223656daeb93c0b6a78d48cd340e7d6b7c17ccb84
external/AgentWatcher_armc_runtime_v1/agents/agentdyn/src/runs/gpt-4o-2024-08-06-piarena-agentwatcher/github/user_task_18/none/none.json	11965	dbb2b6c6e7a2f8c1ec6f410024e129f433b18bcc899aa1bd44bbb65288f038f5
external/AgentWatcher_armc_runtime_v1/agents/agentdyn/src/runs/gpt-4o-2024-08-06-piarena-agentwatcher/github/user_task_19/important_instructions/injection_task_0.json	2867	918769f5cd539dd2c819a998b61a30a31d46d80fa59eaa3c65921dc1378c7e95
external/AgentWatcher_armc_runtime_v1/agents/agentdyn/src/runs/gpt-4o-2024-08-06-piarena-agentwatcher/github/user_task_19/important_instructions/injection_task_1.json	2692	eac2b47ebe92efd07760c56f2376c5ff01fc36f019579aee471edf48dbb2e329
external/AgentWatcher_armc_runtime_v1/agents/agentdyn/src/runs/gpt-4o-2024-08-06-piarena-agentwatcher/github/user_task_19/important_instructions/injection_task_2.json	2737	42a5e6cb144508ed06d16d517b764ced8c7a6602562fb267c42a221e822c0319
external/AgentWatcher_armc_runtime_v1/agents/agentdyn/src/runs/gpt-4o-2024-08-06-piarena-agentwatcher/github/user_task_19/important_instructions/injection_task_3.json	2766	35426d9b3293648a1e449234e5dd84b8a2987b04a026cf19e955380fe4cd3d46
external/AgentWatcher_armc_runtime_v1/agents/agentdyn/src/runs/gpt-4o-2024-08-06-piarena-agentwatcher/github/user_task_19/important_instructions/injection_task_5.json	2926	980ad7156f59fc671a27e89779d2f0759cf906e55221773d6f271c7d60e2588b
external/AgentWatcher_armc_runtime_v1/agents/agentdyn/src/runs/gpt-4o-2024-08-06-piarena-agentwatcher/github/user_task_19/important_instructions/injection_task_7.json	2844	6d51c7ac5ad70aff7db4e67b27715f6329516024b03608b374fc50ea8f72cdfd
external/AgentWatcher_armc_runtime_v1/agents/agentdyn/src/runs/gpt-4o-2024-08-06-piarena-agentwatcher/github/user_task_19/important_instructions/injection_task_8.json	3007	11c4ede4e296781a8a60d7e4af86b9a46138de82f7947fa25c93b8139e145afc
external/AgentWatcher_armc_runtime_v1/agents/agentdyn/src/runs/gpt-4o-2024-08-06-piarena-agentwatcher/github/user_task_19/none/none.json	15891	521c014604a5403da427c012b05a7022ccd607cc86fb477eae1b6f416761545c
external/AgentWatcher_armc_runtime_v1/agents/agentdyn/src/runs/gpt-4o-2024-08-06-piarena-agentwatcher/github/user_task_2/important_instructions/injection_task_0.json	2859	9bd3987b2c09aa34bbc05016ac1aa2cb5993d043b467d7ae3a6e440e7b21260f
external/AgentWatcher_armc_runtime_v1/agents/agentdyn/src/runs/gpt-4o-2024-08-06-piarena-agentwatcher/github/user_task_2/important_instructions/injection_task_1.json	11722	b5c231a05e953c1c2b9a0125313aaed18ac40d9569f440130f347d85f47c159c
external/AgentWatcher_armc_runtime_v1/agents/agentdyn/src/runs/gpt-4o-2024-08-06-piarena-agentwatcher/github/user_task_2/important_instructions/injection_task_3.json	11882	6fa9233d5e303e522c0660ce36da0275973918e0b8e9efa746f213499b4fb427
external/AgentWatcher_armc_runtime_v1/agents/agentdyn/src/runs/gpt-4o-2024-08-06-piarena-agentwatcher/github/user_task_2/important_instructions/injection_task_4.json	11820	003e39929d68438809639822ad795d22920f99f7fe36584f836b3bec5ba5e26b
external/AgentWatcher_armc_runtime_v1/agents/agentdyn/src/runs/gpt-4o-2024-08-06-piarena-agentwatcher/github/user_task_2/important_instructions/injection_task_5.json	11965	465ff89d53dd1423503e4d6d16767bddf0590e1964ab9c44a927e67f7c9be2a7
external/AgentWatcher_armc_runtime_v1/agents/agentdyn/src/runs/gpt-4o-2024-08-06-piarena-agentwatcher/github/user_task_2/important_instructions/injection_task_6.json	11951	c2e4adbf35a95d9d790356d62697d4c487fc71016b559bcf80bceefd264fca58
external/AgentWatcher_armc_runtime_v1/agents/agentdyn/src/runs/gpt-4o-2024-08-06-piarena-agentwatcher/github/user_task_2/important_instructions/injection_task_7.json	12037	1074f9a32a7cb083d3cd87d11b4a0f330f3fb130bcb1139c28e8649fb256ea5d
external/AgentWatcher_armc_runtime_v1/agents/agentdyn/src/runs/gpt-4o-2024-08-06-piarena-agentwatcher/github/user_task_2/important_instructions/injection_task_8.json	10956	937da5a1e1aa94447892d2140ff48c04c90ada51d6e5cf195b920622c426bff1
external/AgentWatcher_armc_runtime_v1/agents/agentdyn/src/runs/gpt-4o-2024-08-06-piarena-agentwatcher/github/user_task_2/none/none.json	8982	d278f2d87960e4444f567171f2bb9600212590a81b1b9595594fa3f28a086fda
external/AgentWatcher_armc_runtime_v1/agents/agentdyn/src/runs/gpt-4o-2024-08-06-piarena-agentwatcher/github/user_task_3/important_instructions/injection_task_0.json	4186	60d0b9554d275b9a3a5da492e3771402f4afb8b49af5a8adede63f030d626b01
external/AgentWatcher_armc_runtime_v1/agents/agentdyn/src/runs/gpt-4o-2024-08-06-piarena-agentwatcher/github/user_task_3/important_instructions/injection_task_1.json	4030	359d3a54a2241235b8faaa4c415a7c01c4993b5fda0c7a4eff7a00c54922244a
external/AgentWatcher_armc_runtime_v1/agents/agentdyn/src/runs/gpt-4o-2024-08-06-piarena-agentwatcher/github/user_task_3/important_instructions/injection_task_3.json	4216	d06a7ee1a7a116f3c7d7322b27283ff56cfb8015664a78a9bad1ac28ccca49f4
external/AgentWatcher_armc_runtime_v1/agents/agentdyn/src/runs/gpt-4o-2024-08-06-piarena-agentwatcher/github/user_task_3/important_instructions/injection_task_4.json	4136	591579cdc51a37774da1b3be5995f9c6eb3426974da3649c142041d08c379b52
external/AgentWatcher_armc_runtime_v1/agents/agentdyn/src/runs/gpt-4o-2024-08-06-piarena-agentwatcher/github/user_task_3/important_instructions/injection_task_6.json	4315	2c08fecf7f3e617d81eff660a192011ca830a96dbe718d10f463a2ddc4f2720d
external/AgentWatcher_armc_runtime_v1/agents/agentdyn/src/runs/gpt-4o-2024-08-06-piarena-agentwatcher/github/user_task_3/important_instructions/injection_task_8.json	4536	644e7006807e7c5b09440341a7fb6dfc1a2b7484c286c43e11b736a2fa7e9fe2
external/AgentWatcher_armc_runtime_v1/agents/agentdyn/src/runs/gpt-4o-2024-08-06-piarena-agentwatcher/github/user_task_3/none/none.json	19249	90357b57a3b3c3962f8dd247a62c65a5169982fee059311529db1339852fe002
external/AgentWatcher_armc_runtime_v1/agents/agentdyn/src/runs/gpt-4o-2024-08-06-piarena-agentwatcher/github/user_task_4/important_instructions/injection_task_0.json	3776	e4fa52eb721a0f9d8542e90871f7503cc21af93899429daa08fa19366288d585
external/AgentWatcher_armc_runtime_v1/agents/agentdyn/src/runs/gpt-4o-2024-08-06-piarena-agentwatcher/github/user_task_4/important_instructions/injection_task_1.json	3651	74095310bb76ebbd04014e7d0b005d9ea70d287d46ed9806efbb3b5a08b6088b
external/AgentWatcher_armc_runtime_v1/agents/agentdyn/src/runs/gpt-4o-2024-08-06-piarena-agentwatcher/github/user_task_4/important_instructions/injection_task_2.json	3743	aa246d0735c2dbbf34fca228edaf703a67c773f1302dfcc96623b59a9da65c87
external/AgentWatcher_armc_runtime_v1/agents/agentdyn/src/runs/gpt-4o-2024-08-06-piarena-agentwatcher/github/user_task_4/important_instructions/injection_task_3.json	3799	6e5c1d2a0b68384e776b73f87c12f028dbded5a0198ca6804d9e4a157e2ff6a0
external/AgentWatcher_armc_runtime_v1/agents/agentdyn/src/runs/gpt-4o-2024-08-06-piarena-agentwatcher/github/user_task_4/important_instructions/injection_task_4.json	3735	d9790854e17b315b34f4fa693eb23be5ec6cd1738f2db69a9b49c54721d6d55e
external/AgentWatcher_armc_runtime_v1/agents/agentdyn/src/runs/gpt-4o-2024-08-06-piarena-agentwatcher/github/user_task_4/important_instructions/injection_task_5.json	3895	c56e3567226e177827e357947958287fd090551fa8e560a6e031694e18b1fdee
external/AgentWatcher_armc_runtime_v1/agents/agentdyn/src/runs/gpt-4o-2024-08-06-piarena-agentwatcher/github/user_task_4/important_instructions/injection_task_7.json	3953	0e68c569c2f95af77235d884e9548d28ada01d3a0057125c8396d2f0de60b9ef
external/AgentWatcher_armc_runtime_v1/agents/agentdyn/src/runs/gpt-4o-2024-08-06-piarena-agentwatcher/github/user_task_4/important_instructions/injection_task_8.json	4055	ecf02bce26e94b07efb14acd8ac40f2931463c1148173e066bde09b2c2707e9e
external/AgentWatcher_armc_runtime_v1/agents/agentdyn/src/runs/gpt-4o-2024-08-06-piarena-agentwatcher/github/user_task_4/none/none.json	2275	2eab688b7e616ae5bc50170fca257e4d2f4aec7ceba48a06e713f43693d38f07
external/AgentWatcher_armc_runtime_v1/agents/agentdyn/src/runs/gpt-4o-2024-08-06-piarena-agentwatcher/github/user_task_5/important_instructions/injection_task_0.json	3404	cc7c49ae1bbc5d8abc56677b24cbd2ed3395cf816bae63f36919c4d0a34fb9ca
external/AgentWatcher_armc_runtime_v1/agents/agentdyn/src/runs/gpt-4o-2024-08-06-piarena-agentwatcher/github/user_task_5/important_instructions/injection_task_1.json	7812	22faaccea18742ccee0a21ccd26c4eb94750f5996d6ca0205f7e940b4be2b5b1
external/AgentWatcher_armc_runtime_v1/agents/agentdyn/src/runs/gpt-4o-2024-08-06-piarena-agentwatcher/github/user_task_5/important_instructions/injection_task_2.json	3380	d093b27043179cb620147dcd3832265cb633a9a55312f46d9ce3ff154f6399e6
external/AgentWatcher_armc_runtime_v1/agents/agentdyn/src/runs/gpt-4o-2024-08-06-piarena-agentwatcher/github/user_task_5/important_instructions/injection_task_3.json	3423	fadf03cfd744faa1ee49eb76d71a368a53254d99c1d80d95b71ace19a23ca482
external/AgentWatcher_armc_runtime_v1/agents/agentdyn/src/runs/gpt-4o-2024-08-06-piarena-agentwatcher/github/user_task_5/important_instructions/injection_task_4.json	3375	79499ca20deb4b1843417abb99c81d914c2932f55f6a9885cd6a64a6447d0c01
external/AgentWatcher_armc_runtime_v1/agents/agentdyn/src/runs/gpt-4o-2024-08-06-piarena-agentwatcher/github/user_task_5/important_instructions/injection_task_5.json	3494	db775ce34a1cd1510e0aa5127c07730c6da166b621dbd03a6d067dd04a002ba0
external/AgentWatcher_armc_runtime_v1/agents/agentdyn/src/runs/gpt-4o-2024-08-06-piarena-agentwatcher/github/user_task_5/important_instructions/injection_task_6.json	3483	a154175721d7175967393a297b8582f11be0d594f6049eb1152d83b69d8c2892
external/AgentWatcher_armc_runtime_v1/agents/agentdyn/src/runs/gpt-4o-2024-08-06-piarena-agentwatcher/github/user_task_5/important_instructions/injection_task_7.json	3540	03fcfecc1f88c333b90fa91983599f4da3429c987e7222348308908fa725a24c
external/AgentWatcher_armc_runtime_v1/agents/agentdyn/src/runs/gpt-4o-2024-08-06-piarena-agentwatcher/github/user_task_5/important_instructions/injection_task_8.json	3615	902fa812e1e687dc4fd6b071b35d9dfb34b134c7e0d5eac079630510bc3df0c1
external/AgentWatcher_armc_runtime_v1/agents/agentdyn/src/runs/gpt-4o-2024-08-06-piarena-agentwatcher/github/user_task_5/none/none.json	16559	313975ebe32c3d1c5faac1da3329d8ca9fc1bb6978c3cbf5c880ac74f8c84cab
external/AgentWatcher_armc_runtime_v1/agents/agentdyn/src/runs/gpt-4o-2024-08-06-piarena-agentwatcher/github/user_task_6/important_instructions/injection_task_0.json	2805	8a6cf4e61132e2e81fcbf52e1eab9531594b2f5a174e4b6f519199ea5374fdd6
external/AgentWatcher_armc_runtime_v1/agents/agentdyn/src/runs/gpt-4o-2024-08-06-piarena-agentwatcher/github/user_task_6/important_instructions/injection_task_1.json	2742	e960e77608fd1ca23b666f96df149f7ff7c9580e67e1bc880adbcbb56e4ace8c
external/AgentWatcher_armc_runtime_v1/agents/agentdyn/src/runs/gpt-4o-2024-08-06-piarena-agentwatcher/github/user_task_6/important_instructions/injection_task_2.json	2789	ea1f9a37f690c24a55b699a4ed1bc74a1674eb90973723a82b1349f182f1bc08
external/AgentWatcher_armc_runtime_v1/agents/agentdyn/src/runs/gpt-4o-2024-08-06-piarena-agentwatcher/github/user_task_6/important_instructions/injection_task_3.json	2816	2295a4af114c94940e4e5efe6a6055ba08874b488ef459b8c997fd0bbd02a654
external/AgentWatcher_armc_runtime_v1/agents/agentdyn/src/runs/gpt-4o-2024-08-06-piarena-agentwatcher/github/user_task_6/important_instructions/injection_task_4.json	2785	993863e10215ad1e7ef5fddee2bc59bbbeb62fadf121957778a98f9e6d4b4f79
external/AgentWatcher_armc_runtime_v1/agents/agentdyn/src/runs/gpt-4o-2024-08-06-piarena-agentwatcher/github/user_task_6/important_instructions/injection_task_5.json	2865	1c39fde1313f2bfa1fb8ffd982f67bd80859ecb37a2692c027e1b4a84d0182ce
external/AgentWatcher_armc_runtime_v1/agents/agentdyn/src/runs/gpt-4o-2024-08-06-piarena-agentwatcher/github/user_task_6/important_instructions/injection_task_6.json	2856	c59b30908075a905e9b4d9c776ea1f633a0481fcf51b1cc764f163a16d2f6b9e
external/AgentWatcher_armc_runtime_v1/agents/agentdyn/src/runs/gpt-4o-2024-08-06-piarena-agentwatcher/github/user_task_6/important_instructions/injection_task_7.json	2895	ddadefe5a7d7ce8ec0d0358e26a68ba336010b70dc85eaf89fc475bbfdec685d
external/AgentWatcher_armc_runtime_v1/agents/agentdyn/src/runs/gpt-4o-2024-08-06-piarena-agentwatcher/github/user_task_6/none/none.json	7606	f24d578cd6b1ea9b1b5fd06894488a58925a2955d23665a869d86e33e96f411c
external/AgentWatcher_armc_runtime_v1/agents/agentdyn/src/runs/gpt-4o-2024-08-06-piarena-agentwatcher/github/user_task_7/important_instructions/injection_task_0.json	3839	73292c102dd63711a35e38866201ed76036020d470c2732f3f9750af713126b4
external/AgentWatcher_armc_runtime_v1/agents/agentdyn/src/runs/gpt-4o-2024-08-06-piarena-agentwatcher/github/user_task_7/important_instructions/injection_task_1.json	3715	d883f5007907a9f28e510de0c163476f0e75abf6ffae244140b7611aa123c516
external/AgentWatcher_armc_runtime_v1/agents/agentdyn/src/runs/gpt-4o-2024-08-06-piarena-agentwatcher/github/user_task_7/important_instructions/injection_task_2.json	3808	2821d0c9e9bb0af84ced369fdb0977d97f1d98ca1fc9d25802873063c9e7ef91
external/AgentWatcher_armc_runtime_v1/agents/agentdyn/src/runs/gpt-4o-2024-08-06-piarena-agentwatcher/github/user_task_7/important_instructions/injection_task_3.json	3864	f402a7f35fc67c373b933605abcc14ac0bcb4330fd1953ee65f778b3637f14d9
external/AgentWatcher_armc_runtime_v1/agents/agentdyn/src/runs/gpt-4o-2024-08-06-piarena-agentwatcher/github/user_task_7/important_instructions/injection_task_4.json	3800	c8d18c0c9dd375044b27da30801f4a572619ffee8f6e2fa9f4eae5383e373f71
external/AgentWatcher_armc_runtime_v1/agents/agentdyn/src/runs/gpt-4o-2024-08-06-piarena-agentwatcher/github/user_task_7/important_instructions/injection_task_5.json	3959	b2843c27093a0c7aada1f9df3b685e9520655c4eff4329d95be7ea2fbc18199d
external/AgentWatcher_armc_runtime_v1/agents/agentdyn/src/runs/gpt-4o-2024-08-06-piarena-agentwatcher/github/user_task_7/important_instructions/injection_task_6.json	4058	b17b2cb08bd87d25f10e29374d5073c443820cb554149bae64531c3ed0ceaa43
external/AgentWatcher_armc_runtime_v1/agents/agentdyn/src/runs/gpt-4o-2024-08-06-piarena-agentwatcher/github/user_task_7/important_instructions/injection_task_7.json	4020	589c86d18e0033fd95bbfc937259210a33bc6350340031dc7398113d4f5ca8b1
external/AgentWatcher_armc_runtime_v1/agents/agentdyn/src/runs/gpt-4o-2024-08-06-piarena-agentwatcher/github/user_task_7/important_instructions/injection_task_8.json	4120	f3a4a6abb252423015067e4221669cef4173d3265b4750bc254fdbfd47e65619
external/AgentWatcher_armc_runtime_v1/agents/agentdyn/src/runs/gpt-4o-2024-08-06-piarena-agentwatcher/github/user_task_7/none/none.json	9497	ae67ee701b72517268502bfaebb66f458f6c2cf6908df26cb2edc631988a2d04
external/AgentWatcher_armc_runtime_v1/agents/agentdyn/src/runs/gpt-4o-2024-08-06-piarena-agentwatcher/github/user_task_8/important_instructions/injection_task_0.json	2908	25def023957f846adbe910d4fa5aebfdb4e99e7c170164c797751d2247efc3be
external/AgentWatcher_armc_runtime_v1/agents/agentdyn/src/runs/gpt-4o-2024-08-06-piarena-agentwatcher/github/user_task_8/important_instructions/injection_task_2.json	2779	8cd19edddef5e65a21c940f984a611fde6fc0ab2ee5994fea9982ed20127459d
external/AgentWatcher_armc_runtime_v1/agents/agentdyn/src/runs/gpt-4o-2024-08-06-piarena-agentwatcher/github/user_task_8/important_instructions/injection_task_3.json	2920	73942c2663682db806f324ce4d120cda2144aca61ccff1ffe264df0f4a630ce7
external/AgentWatcher_armc_runtime_v1/agents/agentdyn/src/runs/gpt-4o-2024-08-06-piarena-agentwatcher/github/user_task_8/important_instructions/injection_task_4.json	2775	78329447bf1b25776291599a35456257fd434c4ee777c30b9e9de7d843f99c4f
external/AgentWatcher_armc_runtime_v1/agents/agentdyn/src/runs/gpt-4o-2024-08-06-piarena-agentwatcher/github/user_task_8/important_instructions/injection_task_5.json	2854	eaf0769f2d82b2bd2bd7bf830e6cafe6c8586a6fc93dcf2411f8fece03939e13
external/AgentWatcher_armc_runtime_v1/agents/agentdyn/src/runs/gpt-4o-2024-08-06-piarena-agentwatcher/github/user_task_8/important_instructions/injection_task_7.json	2885	c43006c3065ab1ff6dd4f6de38351b23cb306db8559166c85213cdd1b18ff349
external/AgentWatcher_armc_runtime_v1/agents/agentdyn/src/runs/gpt-4o-2024-08-06-piarena-agentwatcher/github/user_task_8/important_instructions/injection_task_8.json	2934	f93bb7defb161ecf1845336eeab8263225e28198a2c46eb3609db38b93bd491d
external/AgentWatcher_armc_runtime_v1/agents/agentdyn/src/runs/gpt-4o-2024-08-06-piarena-agentwatcher/github/user_task_8/none/none.json	15932	d052dc48767215f5900def8edf337f0c408f2447e19e41752e1e377e254cd27c
external/AgentWatcher_armc_runtime_v1/agents/agentdyn/src/runs/gpt-4o-2024-08-06-piarena-agentwatcher/github/user_task_9/important_instructions/injection_task_0.json	2798	9d61af725e59c2b9173c6afacab9c199aea2ecb6a5a6e8304301a1dfe4d6d852
external/AgentWatcher_armc_runtime_v1/agents/agentdyn/src/runs/gpt-4o-2024-08-06-piarena-agentwatcher/github/user_task_9/important_instructions/injection_task_1.json	2737	013a01f2c1fd371a8fc0064f881fe9b6efeb0dffa554a949ea49591af5e0f2d6
external/AgentWatcher_armc_runtime_v1/agents/agentdyn/src/runs/gpt-4o-2024-08-06-piarena-agentwatcher/github/user_task_9/important_instructions/injection_task_2.json	2783	40d13035aafd04878071acdc9722055df1aaf49131c84738bbe345d182b5b758
external/AgentWatcher_armc_runtime_v1/agents/agentdyn/src/runs/gpt-4o-2024-08-06-piarena-agentwatcher/github/user_task_9/important_instructions/injection_task_3.json	2810	c3b50965c84b25937ba392678cf3e7a442d4e90e8f3e4e24b051a5103442f44c
external/AgentWatcher_armc_runtime_v1/agents/agentdyn/src/runs/gpt-4o-2024-08-06-piarena-agentwatcher/github/user_task_9/important_instructions/injection_task_6.json	4862	5d464fa00aca218c929ad5280545a04077ba1317f2916fcc4881eda760190b61
external/AgentWatcher_armc_runtime_v1/agents/agentdyn/src/runs/gpt-4o-2024-08-06-piarena-agentwatcher/github/user_task_9/important_instructions/injection_task_7.json	2888	225d67e0bf5a29bff111f931632e55e3c9f9263aac2832d4b3ec734954cbc84d
external/AgentWatcher_armc_runtime_v1/agents/agentdyn/src/runs/gpt-4o-2024-08-06-piarena-agentwatcher/github/user_task_9/important_instructions/injection_task_8.json	2939	aa8b70015ace2ad0e58cd4da164f5fb5b6da802804d6060987b32e86c9544254
external/AgentWatcher_armc_runtime_v1/agents/agentdyn/src/runs/gpt-4o-2024-08-06-piarena-agentwatcher/github/user_task_9/none/none.json	4736	50e933f9cb9afcda5ac7564d97491785589673460143667f5cb892e191ac5ecc
external/AgentWatcher_armc_runtime_v1/agents/agentdyn/src/runs/gpt-4o-2024-08-06-piarena-agentwatcher/shopping/injection_task_0/none/none.json	6327	c96c329c8ed2f60640499382f771e96923414db448f3ded447bd1592163b9362
external/AgentWatcher_armc_runtime_v1/agents/agentdyn/src/runs/gpt-4o-2024-08-06-piarena-agentwatcher/shopping/injection_task_1/none/none.json	4036	66d9f9c2a22358289389a66aac28422b900e2d6539e2ae575223423f18d35161
external/AgentWatcher_armc_runtime_v1/agents/agentdyn/src/runs/gpt-4o-2024-08-06-piarena-agentwatcher/shopping/injection_task_2/none/none.json	2199	dd3b106bea296d0063d5ea33ed45fa10a19a11c0508d209bdb6c65c48aecbdc3
external/AgentWatcher_armc_runtime_v1/agents/agentdyn/src/runs/gpt-4o-2024-08-06-piarena-agentwatcher/shopping/injection_task_3/none/none.json	4579	a4a819c6f01431e5512a2083124612b2cf7f2a42622b384be959a1217f75adfd
external/AgentWatcher_armc_runtime_v1/agents/agentdyn/src/runs/gpt-4o-2024-08-06-piarena-agentwatcher/shopping/injection_task_4/none/none.json	3910	299889ab1260ab0bcb55f91d13c5ad7850338b9b13c4c825aa761de71d9d03bf
external/AgentWatcher_armc_runtime_v1/agents/agentdyn/src/runs/gpt-4o-2024-08-06-piarena-agentwatcher/shopping/injection_task_5/none/none.json	10922	604ef938efd325c43823db4eaf5f6f36e6de5d03a55b9caf4f84bb573bf1e572
external/AgentWatcher_armc_runtime_v1/agents/agentdyn/src/runs/gpt-4o-2024-08-06-piarena-agentwatcher/shopping/injection_task_6/none/none.json	6137	eb476bb5f8f32ed2e348f98ddcfe6ec0236090d92942038378510b064917bfde
external/AgentWatcher_armc_runtime_v1/agents/agentdyn/src/runs/gpt-4o-2024-08-06-piarena-agentwatcher/shopping/injection_task_7/none/none.json	4481	f070d998f5138f3539aa5e0de8c10cc3b6a7098bc528e33071ce54dcb67a53dc
external/AgentWatcher_armc_runtime_v1/agents/agentdyn/src/runs/gpt-4o-2024-08-06-piarena-agentwatcher/shopping/injection_task_8/none/none.json	6332	cd27d3c7337f3e0ce41383832f0baf03e397fe3e80377ee7eb82560bb8780679
external/AgentWatcher_armc_runtime_v1/agents/agentdyn/src/runs/gpt-4o-2024-08-06-piarena-agentwatcher/shopping/user_task_0/important_instructions/injection_task_0.json	2719	10433ef1fc06c5f7fec4a9f6155018f8126e1ca73ac3ea9aecc7a8305b417275
external/AgentWatcher_armc_runtime_v1/agents/agentdyn/src/runs/gpt-4o-2024-08-06-piarena-agentwatcher/shopping/user_task_0/important_instructions/injection_task_1.json	2772	863a338c88580bc8a7aab515fd3543f2c20f25ac143284e82bd311c3a3c21d5a
external/AgentWatcher_armc_runtime_v1/agents/agentdyn/src/runs/gpt-4o-2024-08-06-piarena-agentwatcher/shopping/user_task_0/important_instructions/injection_task_2.json	2716	0cc3567e127f0d0186b0e900eb3adae3b1df612aca83da93faeb08becae016f4
external/AgentWatcher_armc_runtime_v1/agents/agentdyn/src/runs/gpt-4o-2024-08-06-piarena-agentwatcher/shopping/user_task_0/important_instructions/injection_task_3.json	2805	b52062affcd621c4fc67bea1ba5d572c2ed1107a7331fb99ce7ab493ded41719
external/AgentWatcher_armc_runtime_v1/agents/agentdyn/src/runs/gpt-4o-2024-08-06-piarena-agentwatcher/shopping/user_task_0/important_instructions/injection_task_4.json	2694	13466b43ddd8c36eb9d2486a723b750cf2fda747fe574ec438340573aed7223d
external/AgentWatcher_armc_runtime_v1/agents/agentdyn/src/runs/gpt-4o-2024-08-06-piarena-agentwatcher/shopping/user_task_0/important_instructions/injection_task_5.json	2692	8ae20e6c2132032e3df95f38f3fc53c2548f182fd484c04da30c38163109fead
external/AgentWatcher_armc_runtime_v1/agents/agentdyn/src/runs/gpt-4o-2024-08-06-piarena-agentwatcher/shopping/user_task_0/important_instructions/injection_task_6.json	2678	bf9c2cf52c134c48da1207ae2581e469bb18c6d0a7ce453469bb854589f4a3cc
external/AgentWatcher_armc_runtime_v1/agents/agentdyn/src/runs/gpt-4o-2024-08-06-piarena-agentwatcher/shopping/user_task_0/important_instructions/injection_task_7.json	2775	84ec3414fc42227f8d3b4728e09512064dfea2340985d6c9fe0b51a97adb6b24
external/AgentWatcher_armc_runtime_v1/agents/agentdyn/src/runs/gpt-4o-2024-08-06-piarena-agentwatcher/shopping/user_task_0/important_instructions/injection_task_8.json	2685	03a310aba3c31e22e75d7d9fc59887269e03920d2cae4f279416b5cae83027c6
external/AgentWatcher_armc_runtime_v1/agents/agentdyn/src/runs/gpt-4o-2024-08-06-piarena-agentwatcher/shopping/user_task_0/none/none.json	10843	fdb29f794992725e0fd6ed05ee7ddc1e511250811e44bb37c861f6123bfefc59
external/AgentWatcher_armc_runtime_v1/agents/agentdyn/src/runs/gpt-4o-2024-08-06-piarena-agentwatcher/shopping/user_task_1/important_instructions/injection_task_0.json	2415	47f0b468c1ed4f535cc1699c107eba64470a59e2bdacda1ed8e38dd2e3fdd81b
external/AgentWatcher_armc_runtime_v1/agents/agentdyn/src/runs/gpt-4o-2024-08-06-piarena-agentwatcher/shopping/user_task_1/important_instructions/injection_task_1.json	2443	7fd8fac8904b09efeb6e4565399c262110b254eaa00a841b387eb83dcf6dc86c
external/AgentWatcher_armc_runtime_v1/agents/agentdyn/src/runs/gpt-4o-2024-08-06-piarena-agentwatcher/shopping/user_task_1/important_instructions/injection_task_2.json	2414	201f80609fbfc948ffd981e5e9aaaa48f2894ff96a18c6a1f912fd4c6635cc79
external/AgentWatcher_armc_runtime_v1/agents/agentdyn/src/runs/gpt-4o-2024-08-06-piarena-agentwatcher/shopping/user_task_1/important_instructions/injection_task_3.json	2459	30d4f9164cd7e29649f37c527561fe8fd7f35f9ed0f98f5abfb85b78131fcdb6
external/AgentWatcher_armc_runtime_v1/agents/agentdyn/src/runs/gpt-4o-2024-08-06-piarena-agentwatcher/shopping/user_task_1/important_instructions/injection_task_4.json	2402	924a950ca09ab7dd28c7178362881baeaa039667c248a7d4bedb7b6fb957df63
external/AgentWatcher_armc_runtime_v1/agents/agentdyn/src/runs/gpt-4o-2024-08-06-piarena-agentwatcher/shopping/user_task_1/important_instructions/injection_task_5.json	2400	4dd65751dff72207ea0019821acb536195c3457f5f866e28f70834cd60d2882c
external/AgentWatcher_armc_runtime_v1/agents/agentdyn/src/runs/gpt-4o-2024-08-06-piarena-agentwatcher/shopping/user_task_1/important_instructions/injection_task_6.json	2394	78ea41cc894fc6ee736eb3b77b994d88de7380bcdfe3b9683ee22a6ea1c97cc2
external/AgentWatcher_armc_runtime_v1/agents/agentdyn/src/runs/gpt-4o-2024-08-06-piarena-agentwatcher/shopping/user_task_1/important_instructions/injection_task_7.json	2443	bec83f3c504d2cba5abffaf2981c89533c0939b17a7495c5390f91a4804ee04d
external/AgentWatcher_armc_runtime_v1/agents/agentdyn/src/runs/gpt-4o-2024-08-06-piarena-agentwatcher/shopping/user_task_1/important_instructions/injection_task_8.json	2399	265435317da5f441cb2f0eb5103d93a3270e44332e4c11935c000b2960231f72
external/AgentWatcher_armc_runtime_v1/agents/agentdyn/src/runs/gpt-4o-2024-08-06-piarena-agentwatcher/shopping/user_task_1/none/none.json	6310	c908343bf33e566f033cac3cf65209ec667f6094c4c80d7c008c6963e942dfeb
external/AgentWatcher_armc_runtime_v1/agents/agentdyn/src/runs/gpt-4o-2024-08-06-piarena-agentwatcher/shopping/user_task_10/important_instructions/injection_task_1.json	3313	59f652341a1e02233c41bb6242cd303941209a07675eec6a729dd7428dbf4876
external/AgentWatcher_armc_runtime_v1/agents/agentdyn/src/runs/gpt-4o-2024-08-06-piarena-agentwatcher/shopping/user_task_10/important_instructions/injection_task_3.json	3360	2a145fb1712dcfa6f7dd71df48d637da229e3e212eedd7312ff22b459d782c68
external/AgentWatcher_armc_runtime_v1/agents/agentdyn/src/runs/gpt-4o-2024-08-06-piarena-agentwatcher/shopping/user_task_10/important_instructions/injection_task_4.json	3193	73c790757c76c2f9776ab6c4636d08acae015e5f4d3395d88c2b438b6bc2243c
external/AgentWatcher_armc_runtime_v1/agents/agentdyn/src/runs/gpt-4o-2024-08-06-piarena-agentwatcher/shopping/user_task_10/important_instructions/injection_task_5.json	3190	75e3af6eb7ffafe4d289f3b04196f4c2372164a771138c70dec6914be0a732b7
external/AgentWatcher_armc_runtime_v1/agents/agentdyn/src/runs/gpt-4o-2024-08-06-piarena-agentwatcher/shopping/user_task_10/important_instructions/injection_task_7.json	3316	9db73f82dbc34e77ae2e6686b9ce71f09ee98e7a32c9e24771c54777efe49c4c
external/AgentWatcher_armc_runtime_v1/agents/agentdyn/src/runs/gpt-4o-2024-08-06-piarena-agentwatcher/shopping/user_task_10/important_instructions/injection_task_8.json	3179	1e98be14f0055c0ced00a08ef8cf0b5078211096681d5948dcdacee6479c3147
external/AgentWatcher_armc_runtime_v1/agents/agentdyn/src/runs/gpt-4o-2024-08-06-piarena-agentwatcher/shopping/user_task_10/none/none.json	18150	feb9b9102b78a4be8ce0955aafbb5c506203e62da1e86378b0bc008e4b233963
external/AgentWatcher_armc_runtime_v1/agents/agentdyn/src/runs/gpt-4o-2024-08-06-piarena-agentwatcher/shopping/user_task_11/important_instructions/injection_task_0.json	3695	6e0443298775fb22e914f4592cb022dac1ad74674ddc7d9c5ddf9292230d61cf
external/AgentWatcher_armc_runtime_v1/agents/agentdyn/src/runs/gpt-4o-2024-08-06-piarena-agentwatcher/shopping/user_task_11/important_instructions/injection_task_1.json	3803	dae7866afa169ce21bb40c166109257baacc8e27a36cab836cb167dc4363f6ad
external/AgentWatcher_armc_runtime_v1/agents/agentdyn/src/runs/gpt-4o-2024-08-06-piarena-agentwatcher/shopping/user_task_11/important_instructions/injection_task_2.json	3686	25576b26fa04693854f9ab0e058d4164cbb4eebac763ac43a851f8519db4331e
external/AgentWatcher_armc_runtime_v1/agents/agentdyn/src/runs/gpt-4o-2024-08-06-piarena-agentwatcher/shopping/user_task_11/important_instructions/injection_task_3.json	3867	6f2f15cabfbc0aed804d4e1e37b383bb61dd5fb2dec12ee45046974b27d86d98
external/AgentWatcher_armc_runtime_v1/agents/agentdyn/src/runs/gpt-4o-2024-08-06-piarena-agentwatcher/shopping/user_task_11/important_instructions/injection_task_4.json	3642	0c871c2ee2e81d1b5ddb7fd849987c2b18514d8c51346676c27226ed4e397d78
external/AgentWatcher_armc_runtime_v1/agents/agentdyn/src/runs/gpt-4o-2024-08-06-piarena-agentwatcher/shopping/user_task_11/important_instructions/injection_task_5.json	3639	18a638169fd939e2e81fc4d7b26bf9cdd7415f57b0d80ca5cf9dd3ed3638ea7e
external/AgentWatcher_armc_runtime_v1/agents/agentdyn/src/runs/gpt-4o-2024-08-06-piarena-agentwatcher/shopping/user_task_11/important_instructions/injection_task_6.json	3610	9c55ad4bee58337e9a2b9b14ccd6d5ed65f9bfdfbd8465b8c1ecf2cc73688e11
external/AgentWatcher_armc_runtime_v1/agents/agentdyn/src/runs/gpt-4o-2024-08-06-piarena-agentwatcher/shopping/user_task_11/important_instructions/injection_task_8.json	3626	11c3e63737015b326f805d65bd5917b67d0a945ec5c3f2a4a28a171f94671cd9
external/AgentWatcher_armc_runtime_v1/agents/agentdyn/src/runs/gpt-4o-2024-08-06-piarena-agentwatcher/shopping/user_task_11/none/none.json	12272	92e63c4719a2bdebf28578c17a1eb0f1de28592e90d644201dd5ae57ed3fa6d6
external/AgentWatcher_armc_runtime_v1/agents/agentdyn/src/runs/gpt-4o-2024-08-06-piarena-agentwatcher/shopping/user_task_12/important_instructions/injection_task_0.json	6018	f7634293a96de2615804a518c2f4ad00a05defcd6654cb5821ecc53d14002d30
external/AgentWatcher_armc_runtime_v1/agents/agentdyn/src/runs/gpt-4o-2024-08-06-piarena-agentwatcher/shopping/user_task_12/important_instructions/injection_task_1.json	8925	3bf78daf6b209dbf727c5da1611bc60e4e8b77130ee799ff425890465ec0cf16
external/AgentWatcher_armc_runtime_v1/agents/agentdyn/src/runs/gpt-4o-2024-08-06-piarena-agentwatcher/shopping/user_task_12/important_instructions/injection_task_2.json	3213	8928d1a34ecb3c9d8fcee8e013996e453e375be789ad18075c0fc4cbbedd3b7f
external/AgentWatcher_armc_runtime_v1/agents/agentdyn/src/runs/gpt-4o-2024-08-06-piarena-agentwatcher/shopping/user_task_12/important_instructions/injection_task_3.json	6143	37459ff95276cd1e8b12bffd8bf069f530dc30666ac18ffc2c22f95114d96608
external/AgentWatcher_armc_runtime_v1/agents/agentdyn/src/runs/gpt-4o-2024-08-06-piarena-agentwatcher/shopping/user_task_12/important_instructions/injection_task_4.json	8691	d189791bb2c03e6863e584e898281a39c17db8ce71e3de6d79bb95853121e428
external/AgentWatcher_armc_runtime_v1/agents/agentdyn/src/runs/gpt-4o-2024-08-06-piarena-agentwatcher/shopping/user_task_12/important_instructions/injection_task_5.json	3177	97305f781cf13fe847de4ecfcb1094bdb9783122cc7811359a3c361e2b890d22
external/AgentWatcher_armc_runtime_v1/agents/agentdyn/src/runs/gpt-4o-2024-08-06-piarena-agentwatcher/shopping/user_task_12/important_instructions/injection_task_6.json	8614	e7746f721e59ce1a2cc93bc9d9028ea8808e889671ab52f4e6e99d4d1e73969d
external/AgentWatcher_armc_runtime_v1/agents/agentdyn/src/runs/gpt-4o-2024-08-06-piarena-agentwatcher/shopping/user_task_12/important_instructions/injection_task_7.json	8870	abadcbad416ad9b597da6a40633911bf8339f41d865e42814c04e57fab58222d
external/AgentWatcher_armc_runtime_v1/agents/agentdyn/src/runs/gpt-4o-2024-08-06-piarena-agentwatcher/shopping/user_task_12/important_instructions/injection_task_8.json	3167	a12c6eca2b7b69de0b7b80c393a3a6cc46f929650c6384f4dc259a0d78adb74f
external/AgentWatcher_armc_runtime_v1/agents/agentdyn/src/runs/gpt-4o-2024-08-06-piarena-agentwatcher/shopping/user_task_12/none/none.json	4949	387b4e28e170a5ed82e8440f0f53d617636b0ff3b082b12d0aada5fbd2efab29
external/AgentWatcher_armc_runtime_v1/agents/agentdyn/src/runs/gpt-4o-2024-08-06-piarena-agentwatcher/shopping/user_task_13/important_instructions/injection_task_0.json	14946	1e9805ae5f574bcb5d67d4bf1ad7f48a7eebf171f4cc995370431df288bfc661
external/AgentWatcher_armc_runtime_v1/agents/agentdyn/src/runs/gpt-4o-2024-08-06-piarena-agentwatcher/shopping/user_task_13/important_instructions/injection_task_2.json	14942	4e45c9f9644830db4c39d7fffb6c450d9377bc8ec890bc181fab6f7bfc2e2c24
external/AgentWatcher_armc_runtime_v1/agents/agentdyn/src/runs/gpt-4o-2024-08-06-piarena-agentwatcher/shopping/user_task_13/important_instructions/injection_task_3.json	15099	fcaf6855cd88b380bb13c5767893915240f95251e4f5f278978b05df591c9926
external/AgentWatcher_armc_runtime_v1/agents/agentdyn/src/runs/gpt-4o-2024-08-06-piarena-agentwatcher/shopping/user_task_13/important_instructions/injection_task_4.json	3041	b1488cef53b4dde9818c0573471b00571bec205fd50687dd1b333624db60d533
external/AgentWatcher_armc_runtime_v1/agents/agentdyn/src/runs/gpt-4o-2024-08-06-piarena-agentwatcher/shopping/user_task_13/important_instructions/injection_task_5.json	3039	b68266d5ba872cde7b98b09b6c6efc17fa7c5ff683c869b4db871c491791403b
external/AgentWatcher_armc_runtime_v1/agents/agentdyn/src/runs/gpt-4o-2024-08-06-piarena-agentwatcher/shopping/user_task_13/important_instructions/injection_task_6.json	3025	7448497d225f4506aaf7e7bb515b9f5cdccf2c3274d8e7ba35a8af9f15c1575a
external/AgentWatcher_armc_runtime_v1/agents/agentdyn/src/runs/gpt-4o-2024-08-06-piarena-agentwatcher/shopping/user_task_13/important_instructions/injection_task_7.json	15042	d9789bb3b6847200fd89fff2ee42ff498f4e5797546c16bff9cb7573199341b2
external/AgentWatcher_armc_runtime_v1/agents/agentdyn/src/runs/gpt-4o-2024-08-06-piarena-agentwatcher/shopping/user_task_13/important_instructions/injection_task_8.json	3033	804a3debe462c64dc4d5c3ee86ad68d849ddc3fb7a7a9d7daab5d0d224006a79
external/AgentWatcher_armc_runtime_v1/agents/agentdyn/src/runs/gpt-4o-2024-08-06-piarena-agentwatcher/shopping/user_task_13/none/none.json	13631	c2c719699c67fbae6ff32b2706a38a3b8b0c273d9bc9b694ddc7a626754862cc
external/AgentWatcher_armc_runtime_v1/agents/agentdyn/src/runs/gpt-4o-2024-08-06-piarena-agentwatcher/shopping/user_task_14/important_instructions/injection_task_0.json	3073	8071d6ca10d8415f8d75a8bdacdca0eeb63f511db969a85b95e9baf36ee30ce3
external/AgentWatcher_armc_runtime_v1/agents/agentdyn/src/runs/gpt-4o-2024-08-06-piarena-agentwatcher/shopping/user_task_14/important_instructions/injection_task_1.json	3126	68a23044ef32cb302c10305ee4a53cf22a4ea523a37da3c9ed86b3fb1d7b4d51
external/AgentWatcher_armc_runtime_v1/agents/agentdyn/src/runs/gpt-4o-2024-08-06-piarena-agentwatcher/shopping/user_task_14/important_instructions/injection_task_2.json	3069	dd410f6e28d4d6d406db45511540d2c1d0452a0622d1e41caffffe149094beed
external/AgentWatcher_armc_runtime_v1/agents/agentdyn/src/runs/gpt-4o-2024-08-06-piarena-agentwatcher/shopping/user_task_14/important_instructions/injection_task_3.json	3160	0ec9513db823f63c40db11224bfccf4df6fa726dd592b3fab486e78f16221dbd
external/AgentWatcher_armc_runtime_v1/agents/agentdyn/src/runs/gpt-4o-2024-08-06-piarena-agentwatcher/shopping/user_task_14/important_instructions/injection_task_4.json	3048	006a95c8554359a3b835977d2aa632374833866d7514dda6dd3991e77e3f4169
external/AgentWatcher_armc_runtime_v1/agents/agentdyn/src/runs/gpt-4o-2024-08-06-piarena-agentwatcher/shopping/user_task_14/important_instructions/injection_task_5.json	3045	dca64a4614e35d298b5017d121337b71b07dff51f95011d1de7872dee103a2df
external/AgentWatcher_armc_runtime_v1/agents/agentdyn/src/runs/gpt-4o-2024-08-06-piarena-agentwatcher/shopping/user_task_14/important_instructions/injection_task_6.json	3032	2baf9c9a2587c015db3ea3332db328bb01e3a61d00eb1184a462ae4b8cc08430
external/AgentWatcher_armc_runtime_v1/agents/agentdyn/src/runs/gpt-4o-2024-08-06-piarena-agentwatcher/shopping/user_task_14/important_instructions/injection_task_7.json	3128	8229a8c88596b929ac5d856b28e3b55924f3f5292a70f1cb9e8751e9dbf97850
external/AgentWatcher_armc_runtime_v1/agents/agentdyn/src/runs/gpt-4o-2024-08-06-piarena-agentwatcher/shopping/user_task_14/important_instructions/injection_task_8.json	3040	e42fea8fdca686dc3ce4796116ff02f57729e9af6a4d9caa81be8a93df7a4656
external/AgentWatcher_armc_runtime_v1/agents/agentdyn/src/runs/gpt-4o-2024-08-06-piarena-agentwatcher/shopping/user_task_14/none/none.json	13160	117fb66cb7c76d853a505523fdfc7372e5376dfeb274e0e2c3a0ef3dc5857971
external/AgentWatcher_armc_runtime_v1/agents/agentdyn/src/runs/gpt-4o-2024-08-06-piarena-agentwatcher/shopping/user_task_15/important_instructions/injection_task_0.json	11500	3a434dc1a2b3f235714551029f4e51e4fe6a7abd0a9034bd9e64383cadf70142
external/AgentWatcher_armc_runtime_v1/agents/agentdyn/src/runs/gpt-4o-2024-08-06-piarena-agentwatcher/shopping/user_task_15/important_instructions/injection_task_1.json	11586	20dd1bb9e55f8800972c02bbc5612ae93b81a7f1571d7e06ab976051a488898f
external/AgentWatcher_armc_runtime_v1/agents/agentdyn/src/runs/gpt-4o-2024-08-06-piarena-agentwatcher/shopping/user_task_15/important_instructions/injection_task_2.json	11494	8a7c7973796d58532edb325c665ca46848c38c5c897e550c802b99e3044cee12
external/AgentWatcher_armc_runtime_v1/agents/agentdyn/src/runs/gpt-4o-2024-08-06-piarena-agentwatcher/shopping/user_task_15/important_instructions/injection_task_3.json	11635	d4d23f6057e0359c387a673ae56536cb54b6f5e52e1207f6ba0f86762cd0da02
external/AgentWatcher_armc_runtime_v1/agents/agentdyn/src/runs/gpt-4o-2024-08-06-piarena-agentwatcher/shopping/user_task_15/important_instructions/injection_task_4.json	11460	71005dbec2c78f1ff98878aba42e40373f1f7b61969017e2ff944e4db71e2b44
external/AgentWatcher_armc_runtime_v1/agents/agentdyn/src/runs/gpt-4o-2024-08-06-piarena-agentwatcher/shopping/user_task_15/important_instructions/injection_task_5.json	3224	bf06750f94e06f26598c5b6dbed3ae90a4928e80f31780122a9a5c9d6bb339d7
external/AgentWatcher_armc_runtime_v1/agents/agentdyn/src/runs/gpt-4o-2024-08-06-piarena-agentwatcher/shopping/user_task_15/important_instructions/injection_task_6.json	11437	528139723c441608d621faeed8fa48bba91b908a91ee93352b1f7e3ac1f4f80f
external/AgentWatcher_armc_runtime_v1/agents/agentdyn/src/runs/gpt-4o-2024-08-06-piarena-agentwatcher/shopping/user_task_15/important_instructions/injection_task_7.json	11590	9ab4fc279c1755d253bac3d294a66731997a6123d490adc6d65c895d82332ab4
external/AgentWatcher_armc_runtime_v1/agents/agentdyn/src/runs/gpt-4o-2024-08-06-piarena-agentwatcher/shopping/user_task_15/important_instructions/injection_task_8.json	3218	61cc7afe01483185852519aabaf18b1d4436a43fadfd8f2399a61cd68aafc6a4
external/AgentWatcher_armc_runtime_v1/agents/agentdyn/src/runs/gpt-4o-2024-08-06-piarena-agentwatcher/shopping/user_task_15/none/none.json	10187	a73be39010444380898daa3f28c875e73120c56f01a1a5f76d88c4103b5afbc2
external/AgentWatcher_armc_runtime_v1/agents/agentdyn/src/runs/gpt-4o-2024-08-06-piarena-agentwatcher/shopping/user_task_16/important_instructions/injection_task_0.json	3187	f9a3a2a7a6e8236fdc45f673fc3a955c410ace4665e5483c2f9f2193f5aa8bbe
external/AgentWatcher_armc_runtime_v1/agents/agentdyn/src/runs/gpt-4o-2024-08-06-piarena-agentwatcher/shopping/user_task_16/important_instructions/injection_task_1.json	3469	ce72ef112aa283b76b3c03e22d5c9864bf65be37e38d558a0c4ce1b5aa29973a
external/AgentWatcher_armc_runtime_v1/agents/agentdyn/src/runs/gpt-4o-2024-08-06-piarena-agentwatcher/shopping/user_task_16/important_instructions/injection_task_2.json	3298	7ad65d038f934d7437a38e7ff7ed18da4054ddc34d7ea7b5d07a4fa2445230d0
external/AgentWatcher_armc_runtime_v1/agents/agentdyn/src/runs/gpt-4o-2024-08-06-piarena-agentwatcher/shopping/user_task_16/important_instructions/injection_task_4.json	3276	1f87dfc9bef54221647eaed10b6a1ccd032ddff33bc4f6d659bc0e23fdbdbec8
external/AgentWatcher_armc_runtime_v1/agents/agentdyn/src/runs/gpt-4o-2024-08-06-piarena-agentwatcher/shopping/user_task_16/important_instructions/injection_task_5.json	3159	e8a713312a92bbb20bcda6646cdd86fa2db818e0029a1ce57d1c3c6f7a0ef7e2
external/AgentWatcher_armc_runtime_v1/agents/agentdyn/src/runs/gpt-4o-2024-08-06-piarena-agentwatcher/shopping/user_task_16/important_instructions/injection_task_6.json	3145	881212d5fa599f5b2b3e9cc4adb08bc078331bb2af63e66d8a04588e941d71af
external/AgentWatcher_armc_runtime_v1/agents/agentdyn/src/runs/gpt-4o-2024-08-06-piarena-agentwatcher/shopping/user_task_16/important_instructions/injection_task_8.json	3153	2fc7807497509a3c5a8f0e286624342d43c558cb30713152b17f3dcfeaf33c9c
external/AgentWatcher_armc_runtime_v1/agents/agentdyn/src/runs/gpt-4o-2024-08-06-piarena-agentwatcher/shopping/user_task_16/none/none.json	19885	f04d6ff4f19fbfaf775eb591ba8cf9060c9c4e52d0c38e4fecbb94a24d984691
external/AgentWatcher_armc_runtime_v1/agents/agentdyn/src/runs/gpt-4o-2024-08-06-piarena-agentwatcher/shopping/user_task_17/important_instructions/injection_task_1.json	3493	5c449cc9452d70d479b1910f354bb9163e3d3ae50f4e8216039e7018c2b43db7
external/AgentWatcher_armc_runtime_v1/agents/agentdyn/src/runs/gpt-4o-2024-08-06-piarena-agentwatcher/shopping/user_task_17/important_instructions/injection_task_2.json	3862	3a45e96db5be3c61333375c01e2850cbb22f3e92662a54bbe3a9576221f1ed69
external/AgentWatcher_armc_runtime_v1/agents/agentdyn/src/runs/gpt-4o-2024-08-06-piarena-agentwatcher/shopping/user_task_17/important_instructions/injection_task_3.json	3540	e073888d84b0845ff59653bbfb2f8c3dee25ba946d2bd41e42063380aca89e82
external/AgentWatcher_armc_runtime_v1/agents/agentdyn/src/runs/gpt-4o-2024-08-06-piarena-agentwatcher/shopping/user_task_17/important_instructions/injection_task_4.json	3372	56a6db3191f7f72ea3c6597857c4e47180b7cc83d43de23810aa3bffbe9dce18
external/AgentWatcher_armc_runtime_v1/agents/agentdyn/src/runs/gpt-4o-2024-08-06-piarena-agentwatcher/shopping/user_task_17/important_instructions/injection_task_5.json	24518	f0382021ea1d774f59bfa4ef330101bb661168ce20eea268e2176fedd4cd451a
external/AgentWatcher_armc_runtime_v1/agents/agentdyn/src/runs/gpt-4o-2024-08-06-piarena-agentwatcher/shopping/user_task_17/important_instructions/injection_task_6.json	3805	ffe254c3a8702350d61ca34995f636b80a7520fe3e0d46645490eb76ef16b148
external/AgentWatcher_armc_runtime_v1/agents/agentdyn/src/runs/gpt-4o-2024-08-06-piarena-agentwatcher/shopping/user_task_17/important_instructions/injection_task_8.json	3473	a5add925af3f1921ff4f24b8757eccf39f521452a7d39c0ad15535e5108e2597
external/AgentWatcher_armc_runtime_v1/agents/agentdyn/src/runs/gpt-4o-2024-08-06-piarena-agentwatcher/shopping/user_task_17/none/none.json	23930	a0b9759484f7dc453c064d32ecdb51da6f1f287b0370fa1bfef8338ecfe018eb
external/AgentWatcher_armc_runtime_v1/agents/agentdyn/src/runs/gpt-4o-2024-08-06-piarena-agentwatcher/shopping/user_task_18/important_instructions/injection_task_1.json	4075	c991c2dc20aeb0a625dbd1561c4f4bfbb75b6ebbc6b64331d620c94f01810bc4
external/AgentWatcher_armc_runtime_v1/agents/agentdyn/src/runs/gpt-4o-2024-08-06-piarena-agentwatcher/shopping/user_task_18/important_instructions/injection_task_2.json	3874	0e53543c742dc59fdc21470bfbe16bdf809678e598ddb7e7fa82ce96d9f48a7d
external/AgentWatcher_armc_runtime_v1/agents/agentdyn/src/runs/gpt-4o-2024-08-06-piarena-agentwatcher/shopping/user_task_18/important_instructions/injection_task_3.json	4237	ff4371ec352362c3bc0e1e0048748cea9baee92f1f66dbaae9a2648b702b0e2c
external/AgentWatcher_armc_runtime_v1/agents/agentdyn/src/runs/gpt-4o-2024-08-06-piarena-agentwatcher/shopping/user_task_18/important_instructions/injection_task_4.json	4070	8321c70fe7c6633e4a92d060f96ece00e778beb9cefc9d63fafe78a363f36a3c
external/AgentWatcher_armc_runtime_v1/agents/agentdyn/src/runs/gpt-4o-2024-08-06-piarena-agentwatcher/shopping/user_task_18/important_instructions/injection_task_5.json	3953	d71d0f4060f16e4b0e9962709bb3b76f2996b5f952256e003781f0f79972dcde
external/AgentWatcher_armc_runtime_v1/agents/agentdyn/src/runs/gpt-4o-2024-08-06-piarena-agentwatcher/shopping/user_task_18/important_instructions/injection_task_6.json	3932	ab0339d450256595d08b395802d6a58b1a17fc5ad4bc86ea711cba946b73a32e
external/AgentWatcher_armc_runtime_v1/agents/agentdyn/src/runs/gpt-4o-2024-08-06-piarena-agentwatcher/shopping/user_task_18/important_instructions/injection_task_7.json	3965	b42377665e2c8c04be45e04b3e8e0509e5c1581c7b4ca0a6949a9dc906561d4b
external/AgentWatcher_armc_runtime_v1/agents/agentdyn/src/runs/gpt-4o-2024-08-06-piarena-agentwatcher/shopping/user_task_18/important_instructions/injection_task_8.json	3830	f0da3ae583d4da3d1e962851d615ce468b3fdf7fb4f954fd882ca5af57cf5766
external/AgentWatcher_armc_runtime_v1/agents/agentdyn/src/runs/gpt-4o-2024-08-06-piarena-agentwatcher/shopping/user_task_18/none/none.json	22672	d243d45922c9dee076972f3072d2ba5999340f8f4c4cd6bb70ad921d628f0690
external/AgentWatcher_armc_runtime_v1/agents/agentdyn/src/runs/gpt-4o-2024-08-06-piarena-agentwatcher/shopping/user_task_19/important_instructions/injection_task_0.json	10261	065524a96004238606ee12f05ab6e47c64351ace068337045921c41c376174bb
external/AgentWatcher_armc_runtime_v1/agents/agentdyn/src/runs/gpt-4o-2024-08-06-piarena-agentwatcher/shopping/user_task_19/important_instructions/injection_task_1.json	2599	ee6387c264f7bdb736c022a3e0e8caa597f2d9d925ba8884bce77a574fabf256
external/AgentWatcher_armc_runtime_v1/agents/agentdyn/src/runs/gpt-4o-2024-08-06-piarena-agentwatcher/shopping/user_task_19/important_instructions/injection_task_2.json	10267	4fa837650a01ebcd5a3a36a3e2541924bd6f585db63c92f00f3a4d930ef6691f
external/AgentWatcher_armc_runtime_v1/agents/agentdyn/src/runs/gpt-4o-2024-08-06-piarena-agentwatcher/shopping/user_task_19/important_instructions/injection_task_3.json	2615	6e8fc89a871ba074c1882bca3b01ec6aec688e260bd416e792d4483e268d1b40
external/AgentWatcher_armc_runtime_v1/agents/agentdyn/src/runs/gpt-4o-2024-08-06-piarena-agentwatcher/shopping/user_task_19/important_instructions/injection_task_7.json	9000	4a1ce8ae8c5f9ad8a8ca0d8c95871c42dfee30954f0cfa575dc194d0009febd5
external/AgentWatcher_armc_runtime_v1/agents/agentdyn/src/runs/gpt-4o-2024-08-06-piarena-agentwatcher/shopping/user_task_19/important_instructions/injection_task_8.json	8899	97be3193f24d709697ddb7dc34e4f7bcb7b3d9b76e38f83e18d6411983cc393e
external/AgentWatcher_armc_runtime_v1/agents/agentdyn/src/runs/gpt-4o-2024-08-06-piarena-agentwatcher/shopping/user_task_19/none/none.json	9377	c83d9b6eba910c25278313633f8b860c90f8ed221db82bb5006746e42ee7f859
external/AgentWatcher_armc_runtime_v1/agents/agentdyn/src/runs/gpt-4o-2024-08-06-piarena-agentwatcher/shopping/user_task_2/important_instructions/injection_task_0.json	3191	a296e432f7a857a21bd6349be8c0eaeff0a3237fee29826b3f9d2ad1d5b8ca88
external/AgentWatcher_armc_runtime_v1/agents/agentdyn/src/runs/gpt-4o-2024-08-06-piarena-agentwatcher/shopping/user_task_2/important_instructions/injection_task_1.json	3271	30e07d1c8a1ac8ac2bcb2514f8bc7039e54f05f8c9aa2212ec3ed87c934e7d67
external/AgentWatcher_armc_runtime_v1/agents/agentdyn/src/runs/gpt-4o-2024-08-06-piarena-agentwatcher/shopping/user_task_2/important_instructions/injection_task_2.json	3184	82299c6776c595cce0f4637bc6042dc2bd6e79f3c5e660c108165852e7a961ae
external/AgentWatcher_armc_runtime_v1/agents/agentdyn/src/runs/gpt-4o-2024-08-06-piarena-agentwatcher/shopping/user_task_2/important_instructions/injection_task_4.json	3150	760b8523d5328cdbda998c71671e19a632d60d8bdca05b1721d39bb642b23dfb
external/AgentWatcher_armc_runtime_v1/agents/agentdyn/src/runs/gpt-4o-2024-08-06-piarena-agentwatcher/shopping/user_task_2/important_instructions/injection_task_5.json	3149	854a08a837d02e9a733c7e19f95c0d46f685738e814bc03fa7f6e954a2eac58c
external/AgentWatcher_armc_runtime_v1/agents/agentdyn/src/runs/gpt-4o-2024-08-06-piarena-agentwatcher/shopping/user_task_2/important_instructions/injection_task_6.json	3128	6c7f064678852ea9b6715f328df37b8e9145800a9b8768c685d69747afdeed62
external/AgentWatcher_armc_runtime_v1/agents/agentdyn/src/runs/gpt-4o-2024-08-06-piarena-agentwatcher/shopping/user_task_2/important_instructions/injection_task_7.json	3275	14eb2e3d1460d15a48560c9f00e5ff424e96aef0d909c79582bd3e7514e5293d
external/AgentWatcher_armc_runtime_v1/agents/agentdyn/src/runs/gpt-4o-2024-08-06-piarena-agentwatcher/shopping/user_task_2/important_instructions/injection_task_8.json	3140	ae06ef556d077245dffe007548216d37b2fe7d733e281e1d65fe33d92a19191f
external/AgentWatcher_armc_runtime_v1/agents/agentdyn/src/runs/gpt-4o-2024-08-06-piarena-agentwatcher/shopping/user_task_2/none/none.json	2430	f1b7d041f5b9248ae55608c0f974d494974b194e3d9423e3e72141f3f57b4196
external/AgentWatcher_armc_runtime_v1/agents/agentdyn/src/runs/gpt-4o-2024-08-06-piarena-agentwatcher/shopping/user_task_3/important_instructions/injection_task_0.json	11021	cefb4a3bb2cd523ff9b2b40500894d2d075926c51a5a427ee99f9ce20ac25a4b
external/AgentWatcher_armc_runtime_v1/agents/agentdyn/src/runs/gpt-4o-2024-08-06-piarena-agentwatcher/shopping/user_task_3/important_instructions/injection_task_1.json	2824	c634e6871c0f86b38deac2899dd879b3bb76419e3d63b67a281bacd7f3e21e88
external/AgentWatcher_armc_runtime_v1/agents/agentdyn/src/runs/gpt-4o-2024-08-06-piarena-agentwatcher/shopping/user_task_3/important_instructions/injection_task_2.json	2795	64ff8c16865f1e8e88c9778d8a0055417c1da85d50eede380d5c248d657ec89b
external/AgentWatcher_armc_runtime_v1/agents/agentdyn/src/runs/gpt-4o-2024-08-06-piarena-agentwatcher/shopping/user_task_3/important_instructions/injection_task_3.json	2840	5b2bbb7ef6fc8779a53c08cdebc1e0199a43858d34f095a4c61ef35795fbb54a
external/AgentWatcher_armc_runtime_v1/agents/agentdyn/src/runs/gpt-4o-2024-08-06-piarena-agentwatcher/shopping/user_task_3/important_instructions/injection_task_4.json	2784	5919003c1a5aed6592c401c0f639f18c3ac11468ccc8b3c4400cb1d7e451030e
external/AgentWatcher_armc_runtime_v1/agents/agentdyn/src/runs/gpt-4o-2024-08-06-piarena-agentwatcher/shopping/user_task_3/important_instructions/injection_task_5.json	2783	052156121e172c47d28dd0e7c452de644bb7938486176ca731e81e25994db3c0
external/AgentWatcher_armc_runtime_v1/agents/agentdyn/src/runs/gpt-4o-2024-08-06-piarena-agentwatcher/shopping/user_task_3/important_instructions/injection_task_6.json	10140	72cc2e155e6e000960c1b007881d2fb6467af449e3a1bbd5ab8ef3b1d0bc2ac7
external/AgentWatcher_armc_runtime_v1/agents/agentdyn/src/runs/gpt-4o-2024-08-06-piarena-agentwatcher/shopping/user_task_3/important_instructions/injection_task_7.json	2824	c129eb4a6bb4659f3922937a65beeb4211f3a479b25069126312fa4d87a6bd2f
external/AgentWatcher_armc_runtime_v1/agents/agentdyn/src/runs/gpt-4o-2024-08-06-piarena-agentwatcher/shopping/user_task_3/important_instructions/injection_task_8.json	2780	d98cb8f8187b62aa11ea46ae1134cba53f9059b9bda882dd95843fed7c373b3a
external/AgentWatcher_armc_runtime_v1/agents/agentdyn/src/runs/gpt-4o-2024-08-06-piarena-agentwatcher/shopping/user_task_3/none/none.json	9298	6b19434984471cbcaf889eca12c44362f66803b8f936eee37f87516422741bbf
external/AgentWatcher_armc_runtime_v1/agents/agentdyn/src/runs/gpt-4o-2024-08-06-piarena-agentwatcher/shopping/user_task_4/important_instructions/injection_task_0.json	5444	c2a2792f64eb2ce94527e94fca1985fd879046d299c0b3966f26d1a5d3773091
external/AgentWatcher_armc_runtime_v1/agents/agentdyn/src/runs/gpt-4o-2024-08-06-piarena-agentwatcher/shopping/user_task_4/important_instructions/injection_task_1.json	4470	228bc39c2595dd8a646f973989a1a3e4abfc532e3f84022d1a42cb3f423bd803
external/AgentWatcher_armc_runtime_v1/agents/agentdyn/src/runs/gpt-4o-2024-08-06-piarena-agentwatcher/shopping/user_task_4/important_instructions/injection_task_2.json	4376	dbceec152efc133f52fd3b562d133241e70a7a4c2c20b5e116f04180e262847a
external/AgentWatcher_armc_runtime_v1/agents/agentdyn/src/runs/gpt-4o-2024-08-06-piarena-agentwatcher/shopping/user_task_4/important_instructions/injection_task_3.json	4512	3cd95395b319239ba5a101f704980a2fadb5072fdd6e33df71bdc6d53515c45f
external/AgentWatcher_armc_runtime_v1/agents/agentdyn/src/runs/gpt-4o-2024-08-06-piarena-agentwatcher/shopping/user_task_4/important_instructions/injection_task_4.json	4343	325df06320cec4b3d123b879ca959c36d7514439fda8c0dfd75376b6383c99e0
external/AgentWatcher_armc_runtime_v1/agents/agentdyn/src/runs/gpt-4o-2024-08-06-piarena-agentwatcher/shopping/user_task_4/important_instructions/injection_task_5.json	4330	550f3e5dd1c58b79b47935eb9eceeddada7683c4854eff0724a72b0b064c6ecc
external/AgentWatcher_armc_runtime_v1/agents/agentdyn/src/runs/gpt-4o-2024-08-06-piarena-agentwatcher/shopping/user_task_4/important_instructions/injection_task_6.json	4310	ba9ca91a7e24431779a25d224e582ecf2abce422769714dc1bbe56e04db29aec
external/AgentWatcher_armc_runtime_v1/agents/agentdyn/src/runs/gpt-4o-2024-08-06-piarena-agentwatcher/shopping/user_task_4/important_instructions/injection_task_7.json	4459	6d7c186781fc3766999cf7fe28aa2a0a9623e95c13d8f13e04ccf1ccdff191d9
external/AgentWatcher_armc_runtime_v1/agents/agentdyn/src/runs/gpt-4o-2024-08-06-piarena-agentwatcher/shopping/user_task_4/important_instructions/injection_task_8.json	4324	d3760405dd1fb243f90f11a7ec563e71defaa38f0c70942fc24cf32fa153f0a4
external/AgentWatcher_armc_runtime_v1/agents/agentdyn/src/runs/gpt-4o-2024-08-06-piarena-agentwatcher/shopping/user_task_4/none/none.json	4107	17762c563004965c2cffd41ef4b5c95cfe8fb4e454fca25c7f6911c6bf29897f
external/AgentWatcher_armc_runtime_v1/agents/agentdyn/src/runs/gpt-4o-2024-08-06-piarena-agentwatcher/shopping/user_task_5/important_instructions/injection_task_0.json	2887	6d9baf1ed44aa479acdae05deb756c5b5587bc95937d406f13ee4d9460862f3a
external/AgentWatcher_armc_runtime_v1/agents/agentdyn/src/runs/gpt-4o-2024-08-06-piarena-agentwatcher/shopping/user_task_5/important_instructions/injection_task_1.json	3026	90602e88ccbd5e2e17ead0dd868d366a407b213d74a2a71afdb6f35220c188c7
external/AgentWatcher_armc_runtime_v1/agents/agentdyn/src/runs/gpt-4o-2024-08-06-piarena-agentwatcher/shopping/user_task_5/important_instructions/injection_task_2.json	2885	8d4a2a3939144437da722f196925d39507a5fb06b49df0de7eb3ad66b07d1e47
external/AgentWatcher_armc_runtime_v1/agents/agentdyn/src/runs/gpt-4o-2024-08-06-piarena-agentwatcher/shopping/user_task_5/important_instructions/injection_task_3.json	2930	1291579872ff4ac45f61ba077d30813175a1f77fdf4338f38665ebff6c6f6a93
external/AgentWatcher_armc_runtime_v1/agents/agentdyn/src/runs/gpt-4o-2024-08-06-piarena-agentwatcher/shopping/user_task_5/important_instructions/injection_task_4.json	2988	3fa27eb29ee77968c185edf7e0e30dce96ca3a8921f5155188d527c4a3529b24
external/AgentWatcher_armc_runtime_v1/agents/agentdyn/src/runs/gpt-4o-2024-08-06-piarena-agentwatcher/shopping/user_task_5/important_instructions/injection_task_5.json	2987	8f04f497cba2231ea316d4940921042fa6c8664c8c1587b874d6005d5ef6dccd
external/AgentWatcher_armc_runtime_v1/agents/agentdyn/src/runs/gpt-4o-2024-08-06-piarena-agentwatcher/shopping/user_task_5/important_instructions/injection_task_6.json	2980	4be10766e0e28698f5f8dce855b6a5663f5fb180f0757e14476ba007c454d1d6
external/AgentWatcher_armc_runtime_v1/agents/agentdyn/src/runs/gpt-4o-2024-08-06-piarena-agentwatcher/shopping/user_task_5/important_instructions/injection_task_7.json	18133	0ea0f738cef6de1e813b4e6764aeea755466d75bf47b14e2af964fad3de598d7
external/AgentWatcher_armc_runtime_v1/agents/agentdyn/src/runs/gpt-4o-2024-08-06-piarena-agentwatcher/shopping/user_task_5/important_instructions/injection_task_8.json	2755	f88bf8fed10bd4514d4d9e82f62b3da4f40a4841b95253b634ba1e5eacfa4773
external/AgentWatcher_armc_runtime_v1/agents/agentdyn/src/runs/gpt-4o-2024-08-06-piarena-agentwatcher/shopping/user_task_5/none/none.json	2532	9a717dfb285ce3a8e634325232dbaf819d199a0954eb254bafd8ea5c11b757f4
external/AgentWatcher_armc_runtime_v1/agents/agentdyn/src/runs/gpt-4o-2024-08-06-piarena-agentwatcher/shopping/user_task_6/important_instructions/injection_task_0.json	8713	337cda690c7d6433d103181c96486cada2a5b0a1497530240e06b5b1c73e7306
external/AgentWatcher_armc_runtime_v1/agents/agentdyn/src/runs/gpt-4o-2024-08-06-piarena-agentwatcher/shopping/user_task_6/important_instructions/injection_task_1.json	2495	cdc434d8a1c25cebed006d4345e2116140b1b84508544c1f8aa20e70582b1e6d
external/AgentWatcher_armc_runtime_v1/agents/agentdyn/src/runs/gpt-4o-2024-08-06-piarena-agentwatcher/shopping/user_task_6/important_instructions/injection_task_2.json	2466	2f2df231e5b02f62c8c8bf1fd87b8d69a8bdf058fb72e137311e9b516cee4dcd
external/AgentWatcher_armc_runtime_v1/agents/agentdyn/src/runs/gpt-4o-2024-08-06-piarena-agentwatcher/shopping/user_task_6/important_instructions/injection_task_3.json	2625	a706571c0505eb2de8a450f3b113a39154142fb26ce9c1b5ad6b8b64eadb27c4
external/AgentWatcher_armc_runtime_v1/agents/agentdyn/src/runs/gpt-4o-2024-08-06-piarena-agentwatcher/shopping/user_task_6/important_instructions/injection_task_4.json	2455	77e740fbf8a1c0f7e3d627ff7242369093faa0306806faf4bc01c3b96619b693
external/AgentWatcher_armc_runtime_v1/agents/agentdyn/src/runs/gpt-4o-2024-08-06-piarena-agentwatcher/shopping/user_task_6/important_instructions/injection_task_6.json	8672	2ce496c66a55860e867011a8e0fedbb79a01c9fe69422bfe71d2e913369fd5e7
external/AgentWatcher_armc_runtime_v1/agents/agentdyn/src/runs/gpt-4o-2024-08-06-piarena-agentwatcher/shopping/user_task_6/important_instructions/injection_task_7.json	2495	e67a5aa51eb9f25e80d6ceb41230e38567cbfb567bd66d52c09655d9451167ee
external/AgentWatcher_armc_runtime_v1/agents/agentdyn/src/runs/gpt-4o-2024-08-06-piarena-agentwatcher/shopping/user_task_6/important_instructions/injection_task_8.json	2452	a88b611f4ea34499660e060c04d7028133bd08f3d0b952137a9a85c2afa2e6ce
external/AgentWatcher_armc_runtime_v1/agents/agentdyn/src/runs/gpt-4o-2024-08-06-piarena-agentwatcher/shopping/user_task_6/none/none.json	6928	8dea480b05806a457101bb9a7482217e251ac76948c8a627467b8c74419cdcf3
external/AgentWatcher_armc_runtime_v1/agents/agentdyn/src/runs/gpt-4o-2024-08-06-piarena-agentwatcher/shopping/user_task_7/important_instructions/injection_task_0.json	3305	bb4dc61e25a0298e094613cc2575039f95cc4e2116086dc255404432f69b37a2
external/AgentWatcher_armc_runtime_v1/agents/agentdyn/src/runs/gpt-4o-2024-08-06-piarena-agentwatcher/shopping/user_task_7/important_instructions/injection_task_1.json	3358	0d9e5386b00d2539c216d728fa1f0c9a57f0b34fa5ed6211b326f9f21c60ee2d
external/AgentWatcher_armc_runtime_v1/agents/agentdyn/src/runs/gpt-4o-2024-08-06-piarena-agentwatcher/shopping/user_task_7/important_instructions/injection_task_2.json	3187	d4b65ce35a14f201ca30c8a67899bd5701f252c4cc3dab5e76ed5e4c17f58182
external/AgentWatcher_armc_runtime_v1/agents/agentdyn/src/runs/gpt-4o-2024-08-06-piarena-agentwatcher/shopping/user_task_7/important_instructions/injection_task_3.json	3391	30d57c1881de7f0fc171ca04e59857f9b6367ef3e4384c8d757c7e2cc02920c5
external/AgentWatcher_armc_runtime_v1/agents/agentdyn/src/runs/gpt-4o-2024-08-06-piarena-agentwatcher/shopping/user_task_7/important_instructions/injection_task_4.json	3279	a9c357d47e78a2a219605c4d34f1cf081f6ffe0d5b491fae99f10621b0b1ed93
external/AgentWatcher_armc_runtime_v1/agents/agentdyn/src/runs/gpt-4o-2024-08-06-piarena-agentwatcher/shopping/user_task_7/important_instructions/injection_task_5.json	3162	7d24141be6010d3683b6372f599371aeb4e4d26b0863dfd797bb6102976ae77e
external/AgentWatcher_armc_runtime_v1/agents/agentdyn/src/runs/gpt-4o-2024-08-06-piarena-agentwatcher/shopping/user_task_7/important_instructions/injection_task_6.json	3262	1af09cba27edabf483aeb2eba9b20693b02696a9f172fe5522d2dd149b8106be
external/AgentWatcher_armc_runtime_v1/agents/agentdyn/src/runs/gpt-4o-2024-08-06-piarena-agentwatcher/shopping/user_task_7/important_instructions/injection_task_7.json	3246	fb586c81f3e72d45d1a72c66ae27678e455b8b8dcca25e4b83a0f2264f9ff065
external/AgentWatcher_armc_runtime_v1/agents/agentdyn/src/runs/gpt-4o-2024-08-06-piarena-agentwatcher/shopping/user_task_7/important_instructions/injection_task_8.json	3156	6f5417c4e4e4e605c270bc32972e950657bff4586e82002a7dad65365e332268
external/AgentWatcher_armc_runtime_v1/agents/agentdyn/src/runs/gpt-4o-2024-08-06-piarena-agentwatcher/shopping/user_task_7/none/none.json	19719	6b0ca8f24b7a6f5c002fd057f6310919a7dfdb0e45635975fd2c1b4820b1400b
external/AgentWatcher_armc_runtime_v1/agents/agentdyn/src/runs/gpt-4o-2024-08-06-piarena-agentwatcher/shopping/user_task_8/important_instructions/injection_task_0.json	3989	9f1d0e27fdffce3e244bd6e91973fb5ee85c3a76bc8d3377ac0155f70bab5309
external/AgentWatcher_armc_runtime_v1/agents/agentdyn/src/runs/gpt-4o-2024-08-06-piarena-agentwatcher/shopping/user_task_8/important_instructions/injection_task_1.json	4097	623c6829f26c9c0a9590b8c0c29368e6777a85eb88513a5fe0c479b6864d84f8
external/AgentWatcher_armc_runtime_v1/agents/agentdyn/src/runs/gpt-4o-2024-08-06-piarena-agentwatcher/shopping/user_task_8/important_instructions/injection_task_2.json	3981	7d155d04ac3e4745252046ec2afee14ab45b3be5658d18e627c94585bc17353d
external/AgentWatcher_armc_runtime_v1/agents/agentdyn/src/runs/gpt-4o-2024-08-06-piarena-agentwatcher/shopping/user_task_8/important_instructions/injection_task_3.json	4162	985919162af7bc5e88c09b56eb04c29ed939640c1ab7c7e85cbb97af0cfb05d3
external/AgentWatcher_armc_runtime_v1/agents/agentdyn/src/runs/gpt-4o-2024-08-06-piarena-agentwatcher/shopping/user_task_8/important_instructions/injection_task_4.json	3937	7454fce3e8012d9bed53f1b101c1d362e94adae9865ca93c849a04df75fc00f6
external/AgentWatcher_armc_runtime_v1/agents/agentdyn/src/runs/gpt-4o-2024-08-06-piarena-agentwatcher/shopping/user_task_8/important_instructions/injection_task_5.json	3933	fd68dc9bd3a65ca24d77c93160e5dd28742e8244ff716f381ee9cf62b8279a28
external/AgentWatcher_armc_runtime_v1/agents/agentdyn/src/runs/gpt-4o-2024-08-06-piarena-agentwatcher/shopping/user_task_8/important_instructions/injection_task_6.json	3906	6834d9d1db9b4e0fbd5d4985aac785c74e66e8963230aaf551b9f24ab2ed3828
external/AgentWatcher_armc_runtime_v1/agents/agentdyn/src/runs/gpt-4o-2024-08-06-piarena-agentwatcher/shopping/user_task_8/important_instructions/injection_task_7.json	4101	bc9825d6fe32fa8956c98edaaa27cecb8a6450b98d4f20adef2cdab19ef76474
external/AgentWatcher_armc_runtime_v1/agents/agentdyn/src/runs/gpt-4o-2024-08-06-piarena-agentwatcher/shopping/user_task_8/important_instructions/injection_task_8.json	3921	5a9be9109f51e4639e370fec74360a196d7e4e59a5a776e8b3e91abf8fccc8fa
external/AgentWatcher_armc_runtime_v1/agents/agentdyn/src/runs/gpt-4o-2024-08-06-piarena-agentwatcher/shopping/user_task_8/none/none.json	15373	716b951af116aab3c45ca6454ceed8fce2824995c113f78d36328e3d7b4c288a
external/AgentWatcher_armc_runtime_v1/agents/agentdyn/src/runs/gpt-4o-2024-08-06-piarena-agentwatcher/shopping/user_task_9/important_instructions/injection_task_0.json	10499	f2646fc7a3d55c81291808482d45483780bf55d1d14c50c6122dbd6fcfe3665a
external/AgentWatcher_armc_runtime_v1/agents/agentdyn/src/runs/gpt-4o-2024-08-06-piarena-agentwatcher/shopping/user_task_9/important_instructions/injection_task_1.json	2773	7e8f5c665398a7679073f2a1283872bd349366b289476388e1c1c6ee73805a35
external/AgentWatcher_armc_runtime_v1/agents/agentdyn/src/runs/gpt-4o-2024-08-06-piarena-agentwatcher/shopping/user_task_9/important_instructions/injection_task_2.json	2744	26c0a5a19007485ad49d3df20e578c60b437ec80a65a041b5331ffeec5ab5460
external/AgentWatcher_armc_runtime_v1/agents/agentdyn/src/runs/gpt-4o-2024-08-06-piarena-agentwatcher/shopping/user_task_9/important_instructions/injection_task_3.json	2789	943a3f83b17eba866455164bd935177c6812f632516f7dcd7d836d48f6a7e92b
external/AgentWatcher_armc_runtime_v1/agents/agentdyn/src/runs/gpt-4o-2024-08-06-piarena-agentwatcher/shopping/user_task_9/important_instructions/injection_task_4.json	10532	b2382750745bba13b7dcf090e6c8edc2ba61fa3de84a926cccf315878bea6203
external/AgentWatcher_armc_runtime_v1/agents/agentdyn/src/runs/gpt-4o-2024-08-06-piarena-agentwatcher/shopping/user_task_9/important_instructions/injection_task_6.json	10507	c0c873cc1cf01aaebbe86f1aaf49b17a3ffb7bedf39bc4eacff3138eefb626c4
external/AgentWatcher_armc_runtime_v1/agents/agentdyn/src/runs/gpt-4o-2024-08-06-piarena-agentwatcher/shopping/user_task_9/important_instructions/injection_task_8.json	2729	1437096af69781ca175a3606b94bf7886a0c5c72693a7e99dcadd59536ee9cd1
external/AgentWatcher_armc_runtime_v1/agents/agentdyn/src/runs/gpt-4o-2024-08-06-piarena-agentwatcher/shopping/user_task_9/none/none.json	9672	01f3bb63c744b6588edf4666ce7b32768760c51f8018a6caedaba7f4348651c0
external/AgentWatcher_armc_runtime_v1/agents/agentdyn/tests/__init__.py	0	e3b0c44298fc1c149afbf4c8996fb92427ae41e4649b934ca495991b7852b855
external/AgentWatcher_armc_runtime_v1/agents/agentdyn/tests/test_ast_utils.py	1680	041b279341f3ae80422513a59cf409f49023e685810418f87d2f6af2f7b73182
external/AgentWatcher_armc_runtime_v1/agents/agentdyn/tests/test_benchmark.py	2382	964ba695f4c9b917b745b51b24bbb17eee3a16da84721192eda11aa7204fa69b
external/AgentWatcher_armc_runtime_v1/agents/agentdyn/tests/test_workspace_user_tasks.py	5342	daa6f8c8f19931a3921709b460292882a1f1e8fc7a467094c7816a23e5478f72
external/AgentWatcher_armc_runtime_v1/agents/agentdyn/tests/test_agent_pipeline/test_anthropic_llm.py	4358	9d3d28fbe64823f4d8382c2f2ef71233501975d118136eacd32795bb78f694ff
external/AgentWatcher_armc_runtime_v1/agents/agentdyn/tests/test_agent_pipeline/test_cohere_llm.py	3215	abe76dbdc50ee175ae1b6fb616a34eb2212db6d941b03688e0c0ee43650e2f1c
external/AgentWatcher_armc_runtime_v1/agents/agentdyn/tests/test_agent_pipeline/test_google_llm.py	2444	3addc2d778353b2ebb4bb8cbe475b539ad459ab517c3936209319f0f06502e73
external/AgentWatcher_armc_runtime_v1/agents/agentdyn/tests/test_agent_pipeline/test_pi_detector.py	3313	adc7e176c264604c099ee9c90aeb6f355fcb43d70cbb742b02a6e1bd1f63dc70
external/AgentWatcher_armc_runtime_v1/agents/agentdyn/tests/test_agent_pipeline/test_prompting_llm.py	4883	d0d629bafb9c270ec01ce93f5820f4be588e51af5dae114ec95a51c3834ebd99
external/AgentWatcher_armc_runtime_v1/agents/agentdyn/tests/test_functions_runtime/__init__.py	0	e3b0c44298fc1c149afbf4c8996fb92427ae41e4649b934ca495991b7852b855
external/AgentWatcher_armc_runtime_v1/agents/agentdyn/tests/test_functions_runtime/test_functions_runtime.py	14051	9c5e85851263149e904e14111e0cb9a1d87ab0bc958b88d958b4bf3870aff6fa
external/AgentWatcher_armc_runtime_v1/agents/agentdyn/util_scripts/create_results_table.py	12242	ab068d131078b77fb9680581cc6f31f565f07ebf36f70e2048070b7ab45087ce
external/AgentWatcher_armc_runtime_v1/agents/agentdyn/util_scripts/run_vllm.sh	1558	9624df58d748afec79985fa899975909af167b985634960f36f5f4e8bd05c0e2
external/AgentWatcher_armc_runtime_v1/agents/agentdyn/util_scripts/run_vllm_parallel.sh	2389	9a0df9c7c1440757f2539d7724ce346b5407e9b6e2b17a4efbef5c147b5539fc
external/AgentWatcher_armc_runtime_v1/assets/.gitkeep	0	e3b0c44298fc1c149afbf4c8996fb92427ae41e4649b934ca495991b7852b855
external/AgentWatcher_armc_runtime_v1/assets/fig_illustration.jpg	321974	e52a89637bcd5ef46a8b0bf6d65e49c74c3192c738a74c88d067f8e2d99b4551
external/AgentWatcher_armc_runtime_v1/assets/figure1_agentdyn_benign_utility_asr.png	128358	91781d1e33dca1166b8c19e93529bfc297bfa389d423838965aa77434417efdb
external/AgentWatcher_armc_runtime_v1/configs/openai_configs/gpt-4o-mini.yaml	112	751ba9b05ef8ffc5c6a2c17fa48d93470d6fcb636e71ec29deb7cf24f75f772d
external/AgentWatcher_armc_runtime_v1/datasets/wasp.json	1858028	c058b1c104e357654715f1e6ee7ecd9621c188f52acc4aba557a85f253c8b25d
external/AgentWatcher_armc_runtime_v1/results/agent_evaluations/agentdojo/A15B0_ARMC_DEV_SMOKE_REPAIRED/gpt-4o-mini-piarena-agentwatcher/workspace/injection_task_0/none/none.json	3479	a696221711148454a0873a758e2f9c82fe337739547040c7b831a5533f9d8854
external/AgentWatcher_armc_runtime_v1/results/agent_evaluations/agentdojo/A15B0_ARMC_DEV_SMOKE_REPAIRED/gpt-4o-mini-piarena-agentwatcher/workspace/injection_task_1/none/none.json	3121	836f9156c070e7f2ff8240d4a06d6329a71e03c48975f180a74d04643eeb2377
external/AgentWatcher_armc_runtime_v1/results/agent_evaluations/agentdojo/A15B0_ARMC_DEV_SMOKE_REPAIRED/gpt-4o-mini-piarena-agentwatcher/workspace/injection_task_10/none/none.json	41072	ab4af74538bec022908b1bfd9b4aa73dafa9766eab7af7e15bd4fdb227396e2e
external/AgentWatcher_armc_runtime_v1/results/agent_evaluations/agentdojo/A15B0_ARMC_DEV_SMOKE_REPAIRED/gpt-4o-mini-piarena-agentwatcher/workspace/injection_task_11/none/none.json	47265	b1703c993b715372bc57a16f3350a54cb0978416790b997f3177d778b24ea2c6
external/AgentWatcher_armc_runtime_v1/results/agent_evaluations/agentdojo/A15B0_ARMC_DEV_SMOKE_REPAIRED/gpt-4o-mini-piarena-agentwatcher/workspace/injection_task_12/none/none.json	52057	477089c7c826b5aed075424f1d7f59a5ac2595c3eebf52293f699ba31bf1401a
external/AgentWatcher_armc_runtime_v1/results/agent_evaluations/agentdojo/A15B0_ARMC_DEV_SMOKE_REPAIRED/gpt-4o-mini-piarena-agentwatcher/workspace/injection_task_13/none/none.json	15405	f61370e9384a7d7395bf8394c19c14c877dbf60c266e6eb137f70fa5623b56ac
external/AgentWatcher_armc_runtime_v1/results/agent_evaluations/agentdojo/A15B0_ARMC_DEV_SMOKE_REPAIRED/gpt-4o-mini-piarena-agentwatcher/workspace/injection_task_2/none/none.json	4487	ec2eb24a106fcaec925c06f8f34488f5cd6554a011b76b341eaf888e8fe044fc
external/AgentWatcher_armc_runtime_v1/results/agent_evaluations/agentdojo/A15B0_ARMC_DEV_SMOKE_REPAIRED/gpt-4o-mini-piarena-agentwatcher/workspace/injection_task_3/none/none.json	15303	8aacb47afb8cdf834b7d9f2d3b891eef0e9f097c1785d1577bf7b6917600e4ff
external/AgentWatcher_armc_runtime_v1/results/agent_evaluations/agentdojo/A15B0_ARMC_DEV_SMOKE_REPAIRED/gpt-4o-mini-piarena-agentwatcher/workspace/injection_task_4/none/none.json	5630	de397c2c2aa556b987af0c263ad2d1be52cdc92311f509f0851407b82614e073
external/AgentWatcher_armc_runtime_v1/results/agent_evaluations/agentdojo/A15B0_ARMC_DEV_SMOKE_REPAIRED/gpt-4o-mini-piarena-agentwatcher/workspace/injection_task_5/none/none.json	15735	2c116060864fbe642d2b715c96ad23d9fa06ba031c4b00edfcad0d54b52fd37a
external/AgentWatcher_armc_runtime_v1/results/agent_evaluations/agentdojo/A15B0_ARMC_DEV_SMOKE_REPAIRED/gpt-4o-mini-piarena-agentwatcher/workspace/injection_task_6/none/none.json	11956	f46ff588bb45dcd5539fe19ad9dac1359762578cd18c145e8b91dddeb10136ec
external/AgentWatcher_armc_runtime_v1/results/agent_evaluations/agentdojo/A15B0_ARMC_DEV_SMOKE_REPAIRED/gpt-4o-mini-piarena-agentwatcher/workspace/injection_task_7/none/none.json	51027	9f2ff9d4c14df4e8b888d8318bcf187720c49722aee049c470abfe20de8a5fb7
external/AgentWatcher_armc_runtime_v1/results/agent_evaluations/agentdojo/A15B0_ARMC_DEV_SMOKE_REPAIRED/gpt-4o-mini-piarena-agentwatcher/workspace/injection_task_8/none/none.json	18184	da1c8a7683c1fb0328127c46a246d07458985b055be821c4577dd79e5cbf47a3
external/AgentWatcher_armc_runtime_v1/results/agent_evaluations/agentdojo/A15B0_ARMC_DEV_SMOKE_REPAIRED/gpt-4o-mini-piarena-agentwatcher/workspace/injection_task_9/none/none.json	19706	65b82c99d739e0ddf65f0da1d840ee71f4164030a10498c396f3dce0b0c8f58e
external/AgentWatcher_armc_runtime_v1/results/agent_evaluations/agentdojo/A15B0_ARMC_DEV_SMOKE_REPAIRED/gpt-4o-mini-piarena-agentwatcher/workspace/user_task_9/tool_knowledge/injection_task_2.json	7608	93ff2fcaac087228ac33722079aefb71d86876e62ed3d5b4e9169b13b83926b0
external/AgentWatcher_armc_runtime_v1/results/agent_evaluations/agentdojo/A15B0_ARMC_SCI_IMPORTANT_INSTRUCTIONS_200/gpt-4o-mini-piarena-agentwatcher/banking/injection_task_0/none/none.json	5123	db97ff4b123e874682e84822d1e0cbbdcede63b9ca37b8e279b367cd536b5b1c
external/AgentWatcher_armc_runtime_v1/results/agent_evaluations/agentdojo/A15B0_ARMC_SCI_IMPORTANT_INSTRUCTIONS_200/gpt-4o-mini-piarena-agentwatcher/banking/injection_task_1/none/none.json	5092	b1b695de2b2dc2d120fbf2f41447dffe2ae2cce5d5b265c2e59ff5b8876b2338
external/AgentWatcher_armc_runtime_v1/results/agent_evaluations/agentdojo/A15B0_ARMC_SCI_IMPORTANT_INSTRUCTIONS_200/gpt-4o-mini-piarena-agentwatcher/banking/injection_task_2/none/none.json	5057	1d0c7cd590090ba23c63b7e04762d602021b8de23c0c2202008e5f6fd285ba00
external/AgentWatcher_armc_runtime_v1/results/agent_evaluations/agentdojo/A15B0_ARMC_SCI_IMPORTANT_INSTRUCTIONS_200/gpt-4o-mini-piarena-agentwatcher/banking/injection_task_3/none/none.json	5344	eb8bf628dfec4b66436fddbb3d14bd0fa691205e369f7d16d3173778b94a86a5
external/AgentWatcher_armc_runtime_v1/results/agent_evaluations/agentdojo/A15B0_ARMC_SCI_IMPORTANT_INSTRUCTIONS_200/gpt-4o-mini-piarena-agentwatcher/banking/injection_task_4/none/none.json	4241	8568de9016164b701aded3bccec4910ca639c311e2be3f82cc4dc00f3cc9248a
external/AgentWatcher_armc_runtime_v1/results/agent_evaluations/agentdojo/A15B0_ARMC_SCI_IMPORTANT_INSTRUCTIONS_200/gpt-4o-mini-piarena-agentwatcher/banking/injection_task_5/none/none.json	4676	18dadd9a8882680e829b6e6502a1a173e975bd2e8a5ee1221cf0c8f037e07640
external/AgentWatcher_armc_runtime_v1/results/agent_evaluations/agentdojo/A15B0_ARMC_SCI_IMPORTANT_INSTRUCTIONS_200/gpt-4o-mini-piarena-agentwatcher/banking/injection_task_6/none/none.json	9143	666fa43ab7404ece4099c31b4d6514e792ca1afaac676c767a74467002f2e819
external/AgentWatcher_armc_runtime_v1/results/agent_evaluations/agentdojo/A15B0_ARMC_SCI_IMPORTANT_INSTRUCTIONS_200/gpt-4o-mini-piarena-agentwatcher/banking/injection_task_7/none/none.json	2657	735d436ded767d8e04e51cf06adb79e1c9032fc7d67afd49c17ac2321097e6ce
external/AgentWatcher_armc_runtime_v1/results/agent_evaluations/agentdojo/A15B0_ARMC_SCI_IMPORTANT_INSTRUCTIONS_200/gpt-4o-mini-piarena-agentwatcher/banking/injection_task_8/none/none.json	6451	2c9a2b955126bd9b681c752a4c4ca4ed6a739a5479acabda965b3569e65f7846
external/AgentWatcher_armc_runtime_v1/results/agent_evaluations/agentdojo/A15B0_ARMC_SCI_IMPORTANT_INSTRUCTIONS_200/gpt-4o-mini-piarena-agentwatcher/banking/user_task_0/important_instructions/injection_task_1.json	2405	2013c224ff5af31467ae83ae798e2c46133038b4a313bcd376076138c06abe2c
external/AgentWatcher_armc_runtime_v1/results/agent_evaluations/agentdojo/A15B0_ARMC_SCI_IMPORTANT_INSTRUCTIONS_200/gpt-4o-mini-piarena-agentwatcher/banking/user_task_0/important_instructions/injection_task_4.json	2338	392324fe06d1b3f9be3ba81c678f7012f94399deeee8a1283ebd0428a6e6d8d5
external/AgentWatcher_armc_runtime_v1/results/agent_evaluations/agentdojo/A15B0_ARMC_SCI_IMPORTANT_INSTRUCTIONS_200/gpt-4o-mini-piarena-agentwatcher/banking/user_task_1/important_instructions/injection_task_5.json	4857	7725e6a5f7759978a63cfb90b584f0e56460e66579c08497cebd522f8db9e2bd
external/AgentWatcher_armc_runtime_v1/results/agent_evaluations/agentdojo/A15B0_ARMC_SCI_IMPORTANT_INSTRUCTIONS_200/gpt-4o-mini-piarena-agentwatcher/banking/user_task_10/important_instructions/injection_task_1.json	2392	0bde07f0f502caa667902237cdafb8350bad5414f9af340890c25898be949880
external/AgentWatcher_armc_runtime_v1/results/agent_evaluations/agentdojo/A15B0_ARMC_SCI_IMPORTANT_INSTRUCTIONS_200/gpt-4o-mini-piarena-agentwatcher/banking/user_task_10/important_instructions/injection_task_4.json	2326	7aca3a7350091a999263bc8a5fac5cc1c438405cdd68ff6507bda63f90ffcce6
external/AgentWatcher_armc_runtime_v1/results/agent_evaluations/agentdojo/A15B0_ARMC_SCI_IMPORTANT_INSTRUCTIONS_200/gpt-4o-mini-piarena-agentwatcher/banking/user_task_11/important_instructions/injection_task_5.json	2465	e77b02ee98125ace67c61399d9d7ad4245ab46460d53515769db6656d49aee07
external/AgentWatcher_armc_runtime_v1/results/agent_evaluations/agentdojo/A15B0_ARMC_SCI_IMPORTANT_INSTRUCTIONS_200/gpt-4o-mini-piarena-agentwatcher/banking/user_task_13/important_instructions/injection_task_7.json	2236	1c686300080d3e4120c97eedcf750a7a7b6d1081b4b2d55c3aa65c3e4b8b5da1
external/AgentWatcher_armc_runtime_v1/results/agent_evaluations/agentdojo/A15B0_ARMC_SCI_IMPORTANT_INSTRUCTIONS_200/gpt-4o-mini-piarena-agentwatcher/banking/user_task_13/important_instructions/injection_task_8.json	2419	c43d1cc858299b2e2ba2205e1d529c28e1f1400739a305d385c80b7f8bf8492c
external/AgentWatcher_armc_runtime_v1/results/agent_evaluations/agentdojo/A15B0_ARMC_SCI_IMPORTANT_INSTRUCTIONS_200/gpt-4o-mini-piarena-agentwatcher/banking/user_task_14/important_instructions/injection_task_0.json	2549	96fd639cdc8eacb1ee31f2c1c2e2fdebf37ff5cee930be1142674db9f21ad24b
external/AgentWatcher_armc_runtime_v1/results/agent_evaluations/agentdojo/A15B0_ARMC_SCI_IMPORTANT_INSTRUCTIONS_200/gpt-4o-mini-piarena-agentwatcher/banking/user_task_14/important_instructions/injection_task_2.json	2527	bdf9435f6b608d5da4d2c548d321ea2c96bfe727790407157d9b2e85695c223a
external/AgentWatcher_armc_runtime_v1/results/agent_evaluations/agentdojo/A15B0_ARMC_SCI_IMPORTANT_INSTRUCTIONS_200/gpt-4o-mini-piarena-agentwatcher/banking/user_task_14/important_instructions/injection_task_5.json	2463	82aa822d72b0c52ac7e86dc9951c90dd74b4fd505b434c3e8760207551273cc4
external/AgentWatcher_armc_runtime_v1/results/agent_evaluations/agentdojo/A15B0_ARMC_SCI_IMPORTANT_INSTRUCTIONS_200/gpt-4o-mini-piarena-agentwatcher/banking/user_task_14/important_instructions/injection_task_8.json	2545	4f76d99f87ad43f73271f8e75bc746e35163205d95d9224bcbcdc6c8d6363572
external/AgentWatcher_armc_runtime_v1/results/agent_evaluations/agentdojo/A15B0_ARMC_SCI_IMPORTANT_INSTRUCTIONS_200/gpt-4o-mini-piarena-agentwatcher/banking/user_task_2/important_instructions/injection_task_0.json	2432	9b36b80dbda92151aff16e2643f2e65c4dda801d2297cbc30b0c3d7e1c237b4b
external/AgentWatcher_armc_runtime_v1/results/agent_evaluations/agentdojo/A15B0_ARMC_SCI_IMPORTANT_INSTRUCTIONS_200/gpt-4o-mini-piarena-agentwatcher/banking/user_task_2/important_instructions/injection_task_3.json	2400	1185ec8019ad7f3002eb189f0e13d4a77641d6187962b7e1a9c303edb03734a0
external/AgentWatcher_armc_runtime_v1/results/agent_evaluations/agentdojo/A15B0_ARMC_SCI_IMPORTANT_INSTRUCTIONS_200/gpt-4o-mini-piarena-agentwatcher/banking/user_task_3/important_instructions/injection_task_6.json	5008	0f45e62dc5d1f8520c746d92d7574c9665ad8c64bb44b58eea09169ee50747b4
external/AgentWatcher_armc_runtime_v1/results/agent_evaluations/agentdojo/A15B0_ARMC_SCI_IMPORTANT_INSTRUCTIONS_200/gpt-4o-mini-piarena-agentwatcher/banking/user_task_3/important_instructions/injection_task_8.json	5884	31ab06f84a712e1fddbb0fb80e83467ff623e4403fd57011faa30b53cc150947
external/AgentWatcher_armc_runtime_v1/results/agent_evaluations/agentdojo/A15B0_ARMC_SCI_IMPORTANT_INSTRUCTIONS_200/gpt-4o-mini-piarena-agentwatcher/banking/user_task_4/important_instructions/injection_task_0.json	4089	49107dbb6dd320857a7a8fe244fdfdf18dcb7a31359aef327ad446a8b36b80a2
external/AgentWatcher_armc_runtime_v1/results/agent_evaluations/agentdojo/A15B0_ARMC_SCI_IMPORTANT_INSTRUCTIONS_200/gpt-4o-mini-piarena-agentwatcher/banking/user_task_4/important_instructions/injection_task_2.json	2465	add627832a1bdbcee623c76e364d2600df59836e334b56a3bb5fb9d6690457b7
external/AgentWatcher_armc_runtime_v1/results/agent_evaluations/agentdojo/A15B0_ARMC_SCI_IMPORTANT_INSTRUCTIONS_200/gpt-4o-mini-piarena-agentwatcher/banking/user_task_4/important_instructions/injection_task_3.json	2414	18768656b2618b432ea2de9349bd22f2d003769302712cdbc8dba62d71c177b9
external/AgentWatcher_armc_runtime_v1/results/agent_evaluations/agentdojo/A15B0_ARMC_SCI_IMPORTANT_INSTRUCTIONS_200/gpt-4o-mini-piarena-agentwatcher/banking/user_task_5/important_instructions/injection_task_1.json	2519	80013841ffa8a3908e83f8d62fec39d979b88f07ed258175f00546267a62cc17
external/AgentWatcher_armc_runtime_v1/results/agent_evaluations/agentdojo/A15B0_ARMC_SCI_IMPORTANT_INSTRUCTIONS_200/gpt-4o-mini-piarena-agentwatcher/banking/user_task_5/important_instructions/injection_task_2.json	2499	8ae87006023c8c5845771fdbd8c9553471a5effe634f23e9671b38b5e341cbc8
external/AgentWatcher_armc_runtime_v1/results/agent_evaluations/agentdojo/A15B0_ARMC_SCI_IMPORTANT_INSTRUCTIONS_200/gpt-4o-mini-piarena-agentwatcher/banking/user_task_6/important_instructions/injection_task_0.json	2559	90f6f5c185227d0d70dcea0ba14f66107963b15f24ccfb9dc41a517e0b377109
external/AgentWatcher_armc_runtime_v1/results/agent_evaluations/agentdojo/A15B0_ARMC_SCI_IMPORTANT_INSTRUCTIONS_200/gpt-4o-mini-piarena-agentwatcher/banking/user_task_6/important_instructions/injection_task_4.json	2493	24be487629159c4bc119d5ccdf18b705914f21445fd1d7a2ba0fb97fbcc15900
external/AgentWatcher_armc_runtime_v1/results/agent_evaluations/agentdojo/A15B0_ARMC_SCI_IMPORTANT_INSTRUCTIONS_200/gpt-4o-mini-piarena-agentwatcher/banking/user_task_6/important_instructions/injection_task_5.json	2472	e46e208b361e9ed7bf53a582bb37eb80bd1617eeec1c58b98b7d0a56ad2a875e
external/AgentWatcher_armc_runtime_v1/results/agent_evaluations/agentdojo/A15B0_ARMC_SCI_IMPORTANT_INSTRUCTIONS_200/gpt-4o-mini-piarena-agentwatcher/banking/user_task_6/important_instructions/injection_task_8.json	2556	f2a7260f2d1ec45a6322e031cfd474ad78596172d0cbf2a9c6fa2e3456b6b631
external/AgentWatcher_armc_runtime_v1/results/agent_evaluations/agentdojo/A15B0_ARMC_SCI_IMPORTANT_INSTRUCTIONS_200/gpt-4o-mini-piarena-agentwatcher/banking/user_task_7/important_instructions/injection_task_1.json	4747	9710647b89c0825fe8bd0b0279fd54fcf434e191c07e59315614feef10952c25
external/AgentWatcher_armc_runtime_v1/results/agent_evaluations/agentdojo/A15B0_ARMC_SCI_IMPORTANT_INSTRUCTIONS_200/gpt-4o-mini-piarena-agentwatcher/banking/user_task_7/important_instructions/injection_task_5.json	4553	0a688ac423503999f98d517fa6a1dc4982053efa9b592b4e93aaffe8d6745afb
external/AgentWatcher_armc_runtime_v1/results/agent_evaluations/agentdojo/A15B0_ARMC_SCI_IMPORTANT_INSTRUCTIONS_200/gpt-4o-mini-piarena-agentwatcher/banking/user_task_8/important_instructions/injection_task_1.json	2456	9ca4150708022d480009f2570d822a7a9dcaaa27be2d626845de6c985043d316
external/AgentWatcher_armc_runtime_v1/results/agent_evaluations/agentdojo/A15B0_ARMC_SCI_IMPORTANT_INSTRUCTIONS_200/gpt-4o-mini-piarena-agentwatcher/banking/user_task_8/important_instructions/injection_task_5.json	4864	5f12333ab445309854917a6309482429b51496e6793ecbddb6c06d7416c1b805
external/AgentWatcher_armc_runtime_v1/results/agent_evaluations/agentdojo/A15B0_ARMC_SCI_IMPORTANT_INSTRUCTIONS_200/gpt-4o-mini-piarena-agentwatcher/banking/user_task_9/important_instructions/injection_task_0.json	4659	3292766a9f7c885eb3f6f54947c141753c6038c9042d48c5c0566ba58c1d14ff
external/AgentWatcher_armc_runtime_v1/results/agent_evaluations/agentdojo/A15B0_ARMC_SCI_IMPORTANT_INSTRUCTIONS_200/gpt-4o-mini-piarena-agentwatcher/banking/user_task_9/important_instructions/injection_task_3.json	6656	a2668c8deee704f4138c53997e0ee9f060dc69110d794b41d6721ca385371234
external/AgentWatcher_armc_runtime_v1/results/agent_evaluations/agentdojo/A15B0_ARMC_SCI_IMPORTANT_INSTRUCTIONS_200/gpt-4o-mini-piarena-agentwatcher/banking/user_task_9/important_instructions/injection_task_5.json	7537	99064459273a4402ee4cbd37be17a2e31ba6bd0eb7b64faa3a94e5d323c28018
external/AgentWatcher_armc_runtime_v1/results/agent_evaluations/agentdojo/A15B0_ARMC_SCI_IMPORTANT_INSTRUCTIONS_200/gpt-4o-mini-piarena-agentwatcher/slack/injection_task_1/none/none.json	2854	53303a8682bf9db295d3afce051b8ec5a14e14c66605f56ee88c1d2b66ae021a
external/AgentWatcher_armc_runtime_v1/results/agent_evaluations/agentdojo/A15B0_ARMC_SCI_IMPORTANT_INSTRUCTIONS_200/gpt-4o-mini-piarena-agentwatcher/slack/injection_task_2/none/none.json	9285	516ed5c36a120cc39f8e8488a9935d7407225cb0601cf02d23d5e959d1ae56f2
external/AgentWatcher_armc_runtime_v1/results/agent_evaluations/agentdojo/A15B0_ARMC_SCI_IMPORTANT_INSTRUCTIONS_200/gpt-4o-mini-piarena-agentwatcher/slack/injection_task_3/none/none.json	2820	4f5f7bc09a926ce9b2700f3ce0e58f910a36fa7daa1f4176b4b4fad4e4eaa7d9
external/AgentWatcher_armc_runtime_v1/results/agent_evaluations/agentdojo/A15B0_ARMC_SCI_IMPORTANT_INSTRUCTIONS_200/gpt-4o-mini-piarena-agentwatcher/slack/injection_task_4/none/none.json	5972	61cb724594b18a6ec0fb39482a52cbd894e1bd79bab8d5904ef7dd1ecb9b3847
external/AgentWatcher_armc_runtime_v1/results/agent_evaluations/agentdojo/A15B0_ARMC_SCI_IMPORTANT_INSTRUCTIONS_200/gpt-4o-mini-piarena-agentwatcher/slack/injection_task_5/none/none.json	5765	be0dd8a78fdbd2ed7a1271af57ecf63a6d1d472f3f38ad036fad707b2bf07957
external/AgentWatcher_armc_runtime_v1/results/agent_evaluations/agentdojo/A15B0_ARMC_SCI_IMPORTANT_INSTRUCTIONS_200/gpt-4o-mini-piarena-agentwatcher/slack/user_task_1/important_instructions/injection_task_1.json	2574	15999c9dc494b7a0f589dd8d8a2dd7aec2e575158eb02c1d309c263adacc0b0f
external/AgentWatcher_armc_runtime_v1/results/agent_evaluations/agentdojo/A15B0_ARMC_SCI_IMPORTANT_INSTRUCTIONS_200/gpt-4o-mini-piarena-agentwatcher/slack/user_task_1/important_instructions/injection_task_4.json	2524	b0bb7a2b053cc716ce874d4b7c67960677f0743149d5a5e2a037030e10ae8986
external/AgentWatcher_armc_runtime_v1/results/agent_evaluations/agentdojo/A15B0_ARMC_SCI_IMPORTANT_INSTRUCTIONS_200/gpt-4o-mini-piarena-agentwatcher/slack/user_task_10/important_instructions/injection_task_3.json	2289	6f9027419df99494e10571e27e7ecfce1e5c46b76d2bc706cc7cf050412d4a15
external/AgentWatcher_armc_runtime_v1/results/agent_evaluations/agentdojo/A15B0_ARMC_SCI_IMPORTANT_INSTRUCTIONS_200/gpt-4o-mini-piarena-agentwatcher/slack/user_task_11/important_instructions/injection_task_5.json	6513	aa9a2d84faba63e67033c0ad89233781f1029e3d9bb9169eadb0b429177f3cad
external/AgentWatcher_armc_runtime_v1/results/agent_evaluations/agentdojo/A15B0_ARMC_SCI_IMPORTANT_INSTRUCTIONS_200/gpt-4o-mini-piarena-agentwatcher/slack/user_task_12/important_instructions/injection_task_1.json	2243	903e2ad996801a3348036ac450a71be4844bd23ddb2e5a8c053c081917a78c43
external/AgentWatcher_armc_runtime_v1/results/agent_evaluations/agentdojo/A15B0_ARMC_SCI_IMPORTANT_INSTRUCTIONS_200/gpt-4o-mini-piarena-agentwatcher/slack/user_task_12/important_instructions/injection_task_2.json	2303	4e3350b823f69585a5db673c3ca455cbf02c42928841876835f6cdb756bae350
external/AgentWatcher_armc_runtime_v1/results/agent_evaluations/agentdojo/A15B0_ARMC_SCI_IMPORTANT_INSTRUCTIONS_200/gpt-4o-mini-piarena-agentwatcher/slack/user_task_12/important_instructions/injection_task_4.json	2421	fd67c39e640483004cc59870be5400965e51ec1f3d33897f3f3121f1b96b8b93
external/AgentWatcher_armc_runtime_v1/results/agent_evaluations/agentdojo/A15B0_ARMC_SCI_IMPORTANT_INSTRUCTIONS_200/gpt-4o-mini-piarena-agentwatcher/slack/user_task_13/important_instructions/injection_task_5.json	2394	ec170cb4060dc2f4b5ac16d4f05789c675860df97c3c54b3171368274bf922aa
external/AgentWatcher_armc_runtime_v1/results/agent_evaluations/agentdojo/A15B0_ARMC_SCI_IMPORTANT_INSTRUCTIONS_200/gpt-4o-mini-piarena-agentwatcher/slack/user_task_15/important_instructions/injection_task_1.json	2918	c2b9654066f5a9d0ccd75732d902d4d38fc508b82d4623976cd7fd577dd6e169
external/AgentWatcher_armc_runtime_v1/results/agent_evaluations/agentdojo/A15B0_ARMC_SCI_IMPORTANT_INSTRUCTIONS_200/gpt-4o-mini-piarena-agentwatcher/slack/user_task_15/important_instructions/injection_task_5.json	3118	0f6a66678314bae5ea3e73b9b701efb635f838b8ca9a3ea4c5e95d1fdf08eb1a
external/AgentWatcher_armc_runtime_v1/results/agent_evaluations/agentdojo/A15B0_ARMC_SCI_IMPORTANT_INSTRUCTIONS_200/gpt-4o-mini-piarena-agentwatcher/slack/user_task_16/important_instructions/injection_task_4.json	2921	7779c48d7c98e899360f1c947bc7a1edfe510d46880eafa209f9850246f001cc
external/AgentWatcher_armc_runtime_v1/results/agent_evaluations/agentdojo/A15B0_ARMC_SCI_IMPORTANT_INSTRUCTIONS_200/gpt-4o-mini-piarena-agentwatcher/slack/user_task_17/important_instructions/injection_task_3.json	2770	321e3b6227928d8a06e79488f5221f0889d7c1b4592b54ed1159ca42b915e43a
external/AgentWatcher_armc_runtime_v1/results/agent_evaluations/agentdojo/A15B0_ARMC_SCI_IMPORTANT_INSTRUCTIONS_200/gpt-4o-mini-piarena-agentwatcher/slack/user_task_17/important_instructions/injection_task_4.json	2886	36f1a8bef1c4845f98227437faa2cab5607b77aa3d020065eca7c45b1afc62f5
external/AgentWatcher_armc_runtime_v1/results/agent_evaluations/agentdojo/A15B0_ARMC_SCI_IMPORTANT_INSTRUCTIONS_200/gpt-4o-mini-piarena-agentwatcher/slack/user_task_18/important_instructions/injection_task_2.json	2905	091d1e8bbc9640e39513e1eafce5dd6eee8b850b38472a2e4028c64b7d3098e8
external/AgentWatcher_armc_runtime_v1/results/agent_evaluations/agentdojo/A15B0_ARMC_SCI_IMPORTANT_INSTRUCTIONS_200/gpt-4o-mini-piarena-agentwatcher/slack/user_task_18/important_instructions/injection_task_3.json	2798	3d77a489c4469d47de4569d45821aff8dcf03ace13f2c9628919cf3ade2a4572
external/AgentWatcher_armc_runtime_v1/results/agent_evaluations/agentdojo/A15B0_ARMC_SCI_IMPORTANT_INSTRUCTIONS_200/gpt-4o-mini-piarena-agentwatcher/slack/user_task_19/important_instructions/injection_task_1.json	2260	50fcda435b8274d00073d64637c7896094009d029d23a9724485525d90cf5824
external/AgentWatcher_armc_runtime_v1/results/agent_evaluations/agentdojo/A15B0_ARMC_SCI_IMPORTANT_INSTRUCTIONS_200/gpt-4o-mini-piarena-agentwatcher/slack/user_task_19/important_instructions/injection_task_2.json	2318	1a7b2813e14cee22ac6626df18f32f894f4bb241291efa7f4642de66158838ee
external/AgentWatcher_armc_runtime_v1/results/agent_evaluations/agentdojo/A15B0_ARMC_SCI_IMPORTANT_INSTRUCTIONS_200/gpt-4o-mini-piarena-agentwatcher/slack/user_task_19/important_instructions/injection_task_3.json	2265	a17018ccc9ec49d38fbda5d810115dad84d8e199f438fbd27a2adc6e94f92df1
external/AgentWatcher_armc_runtime_v1/results/agent_evaluations/agentdojo/A15B0_ARMC_SCI_IMPORTANT_INSTRUCTIONS_200/gpt-4o-mini-piarena-agentwatcher/slack/user_task_19/important_instructions/injection_task_5.json	2360	1870015aa63e3e15d307d0ce3bea3773dd9d3bd3638200d093bcdf874d3110ff
external/AgentWatcher_armc_runtime_v1/results/agent_evaluations/agentdojo/A15B0_ARMC_SCI_IMPORTANT_INSTRUCTIONS_200/gpt-4o-mini-piarena-agentwatcher/slack/user_task_2/important_instructions/injection_task_1.json	2235	5e3a84d1d06aa77f2dff601e83d4622720b39a7c9823407ae9b4ac671e344612
external/AgentWatcher_armc_runtime_v1/results/agent_evaluations/agentdojo/A15B0_ARMC_SCI_IMPORTANT_INSTRUCTIONS_200/gpt-4o-mini-piarena-agentwatcher/slack/user_task_20/important_instructions/injection_task_4.json	4286	a688cff00a2895604cfd979d5b6ee42d7488d6c2dc77ef2d101c5b17b1707f00
external/AgentWatcher_armc_runtime_v1/results/agent_evaluations/agentdojo/A15B0_ARMC_SCI_IMPORTANT_INSTRUCTIONS_200/gpt-4o-mini-piarena-agentwatcher/slack/user_task_20/important_instructions/injection_task_5.json	4430	1b23c381081c102301f558563d428692b8bb68c8b7b15a65144364710e5cb822
external/AgentWatcher_armc_runtime_v1/results/agent_evaluations/agentdojo/A15B0_ARMC_SCI_IMPORTANT_INSTRUCTIONS_200/gpt-4o-mini-piarena-agentwatcher/slack/user_task_3/important_instructions/injection_task_2.json	2291	27bd58a9d3a6172578d3e2ea6627b2e71289547bb4ad110ad8e1100b6a95752b
external/AgentWatcher_armc_runtime_v1/results/agent_evaluations/agentdojo/A15B0_ARMC_SCI_IMPORTANT_INSTRUCTIONS_200/gpt-4o-mini-piarena-agentwatcher/slack/user_task_3/important_instructions/injection_task_3.json	2239	39afe55563fe2bcacdcffb90d2d51ca1abefe09fcd08746f4e2481e492c8c16b
external/AgentWatcher_armc_runtime_v1/results/agent_evaluations/agentdojo/A15B0_ARMC_SCI_IMPORTANT_INSTRUCTIONS_200/gpt-4o-mini-piarena-agentwatcher/slack/user_task_4/important_instructions/injection_task_4.json	5331	0405457ad99ce449ad56a244032c7569155165fc27f4933e1814ffbea0fc240e
external/AgentWatcher_armc_runtime_v1/results/agent_evaluations/agentdojo/A15B0_ARMC_SCI_IMPORTANT_INSTRUCTIONS_200/gpt-4o-mini-piarena-agentwatcher/slack/user_task_6/important_instructions/injection_task_3.json	2580	74da60f0c3b4f82eb4be0e9683db4a50bf3d194f43987a46f3b2a95ef74353ca
external/AgentWatcher_armc_runtime_v1/results/agent_evaluations/agentdojo/A15B0_ARMC_SCI_IMPORTANT_INSTRUCTIONS_200/gpt-4o-mini-piarena-agentwatcher/slack/user_task_7/important_instructions/injection_task_2.json	2270	f5dc760cc937d20e90eb6785207160a714e3871b9da2cf00aeac996f67639ca0
external/AgentWatcher_armc_runtime_v1/results/agent_evaluations/agentdojo/A15B0_ARMC_SCI_IMPORTANT_INSTRUCTIONS_200/gpt-4o-mini-piarena-agentwatcher/slack/user_task_8/important_instructions/injection_task_2.json	2327	449dfb543a97aed4cd1a1b9af99c9d57ac7baabfff9e36e55028a5c558343236
external/AgentWatcher_armc_runtime_v1/results/agent_evaluations/agentdojo/A15B0_ARMC_SCI_IMPORTANT_INSTRUCTIONS_200/gpt-4o-mini-piarena-agentwatcher/slack/user_task_9/important_instructions/injection_task_2.json	2302	f0d172888e2d74240702769ed292d11f8e1791c1a2b34da9481c2c02d8b1d6e2
external/AgentWatcher_armc_runtime_v1/results/agent_evaluations/agentdojo/A15B0_ARMC_SCI_IMPORTANT_INSTRUCTIONS_200/gpt-4o-mini-piarena-agentwatcher/travel/injection_task_0/none/none.json	3117	8019ad437292a04139f038df9dcc2f66d1d45221263b5d4594a1c2c4afaefa5a
external/AgentWatcher_armc_runtime_v1/results/agent_evaluations/agentdojo/A15B0_ARMC_SCI_IMPORTANT_INSTRUCTIONS_200/gpt-4o-mini-piarena-agentwatcher/travel/injection_task_1/none/none.json	3900	7684b7a74d37f5075c26eeb33e462da9f5e4f68e38109e8181446bf3932875e7
external/AgentWatcher_armc_runtime_v1/results/agent_evaluations/agentdojo/A15B0_ARMC_SCI_IMPORTANT_INSTRUCTIONS_200/gpt-4o-mini-piarena-agentwatcher/travel/injection_task_2/none/none.json	3695	9ebbe742951584eebf935175d8506891a471abdfc0f98c8e4c1549642aad1237
external/AgentWatcher_armc_runtime_v1/results/agent_evaluations/agentdojo/A15B0_ARMC_SCI_IMPORTANT_INSTRUCTIONS_200/gpt-4o-mini-piarena-agentwatcher/travel/injection_task_3/none/none.json	6020	8935ad36feb1076e785fec4d48693ef23a7f4afbac9846193626b9a0a60075cc
external/AgentWatcher_armc_runtime_v1/results/agent_evaluations/agentdojo/A15B0_ARMC_SCI_IMPORTANT_INSTRUCTIONS_200/gpt-4o-mini-piarena-agentwatcher/travel/injection_task_4/none/none.json	5650	78104bfabefb824dc54f63f90a82f982f1024baebb3c35ab7baf42a034d42ea4
external/AgentWatcher_armc_runtime_v1/results/agent_evaluations/agentdojo/A15B0_ARMC_SCI_IMPORTANT_INSTRUCTIONS_200/gpt-4o-mini-piarena-agentwatcher/travel/injection_task_5/none/none.json	2265	16a8717ab86c380531e527a8ef183cd8b4d261439aa7c2e405fd5dd0c35d3162
external/AgentWatcher_armc_runtime_v1/results/agent_evaluations/agentdojo/A15B0_ARMC_SCI_IMPORTANT_INSTRUCTIONS_200/gpt-4o-mini-piarena-agentwatcher/travel/injection_task_6/none/none.json	1761	3bbe581085de0394297777dbcda6555b17159c0f9f6c1e8a53e137a34b36dce7
external/AgentWatcher_armc_runtime_v1/results/agent_evaluations/agentdojo/A15B0_ARMC_SCI_IMPORTANT_INSTRUCTIONS_200/gpt-4o-mini-piarena-agentwatcher/travel/user_task_0/important_instructions/injection_task_4.json	2482	79e074263e425cd044eb7164fcf65b33381a4565b5cce6239839426230dec1da
external/AgentWatcher_armc_runtime_v1/results/agent_evaluations/agentdojo/A15B0_ARMC_SCI_IMPORTANT_INSTRUCTIONS_200/gpt-4o-mini-piarena-agentwatcher/travel/user_task_0/important_instructions/injection_task_5.json	2703	45a851dca90424d2d5b40172e9f2e8d6e4e5e5dcdaa910b893d3ae08d690d47a
external/AgentWatcher_armc_runtime_v1/results/agent_evaluations/agentdojo/A15B0_ARMC_SCI_IMPORTANT_INSTRUCTIONS_200/gpt-4o-mini-piarena-agentwatcher/travel/user_task_1/important_instructions/injection_task_2.json	2657	c4368d6acdbc8aa4b789d5b83fff14350d935482af162d7131474ae9b9a9163e
external/AgentWatcher_armc_runtime_v1/results/agent_evaluations/agentdojo/A15B0_ARMC_SCI_IMPORTANT_INSTRUCTIONS_200/gpt-4o-mini-piarena-agentwatcher/travel/user_task_10/important_instructions/injection_task_2.json	2863	f2d35b5a1bb0cace4aa52a07f606fd189bd6db5f4911fbef612e86a1f5297a37
external/AgentWatcher_armc_runtime_v1/results/agent_evaluations/agentdojo/A15B0_ARMC_SCI_IMPORTANT_INSTRUCTIONS_200/gpt-4o-mini-piarena-agentwatcher/travel/user_task_11/important_instructions/injection_task_2.json	4246	5e4e302246a74c56fd7f0ceb59cb9fd61cb506640138beb51eaf0eba68ee4023
external/AgentWatcher_armc_runtime_v1/results/agent_evaluations/agentdojo/A15B0_ARMC_SCI_IMPORTANT_INSTRUCTIONS_200/gpt-4o-mini-piarena-agentwatcher/travel/user_task_11/important_instructions/injection_task_4.json	4039	bf360a6406cdfb3cd99018513b57e8975537c9fac5ab98347d97115dde03b0f5
external/AgentWatcher_armc_runtime_v1/results/agent_evaluations/agentdojo/A15B0_ARMC_SCI_IMPORTANT_INSTRUCTIONS_200/gpt-4o-mini-piarena-agentwatcher/travel/user_task_11/important_instructions/injection_task_5.json	4702	1300b9c0df568caba270e93beecb75e8454833852f4a5c110b325b552e2cfdcb
external/AgentWatcher_armc_runtime_v1/results/agent_evaluations/agentdojo/A15B0_ARMC_SCI_IMPORTANT_INSTRUCTIONS_200/gpt-4o-mini-piarena-agentwatcher/travel/user_task_12/important_instructions/injection_task_5.json	5853	601ed4d1d223a2ab55d8bce4b63e5cfe365a70fe988608864c63eaabc371d725
external/AgentWatcher_armc_runtime_v1/results/agent_evaluations/agentdojo/A15B0_ARMC_SCI_IMPORTANT_INSTRUCTIONS_200/gpt-4o-mini-piarena-agentwatcher/travel/user_task_13/important_instructions/injection_task_2.json	11648	fc3620a1392472352622e8dfa6ecf071506a35d619446ed00c223a51639fd0e3
external/AgentWatcher_armc_runtime_v1/results/agent_evaluations/agentdojo/A15B0_ARMC_SCI_IMPORTANT_INSTRUCTIONS_200/gpt-4o-mini-piarena-agentwatcher/travel/user_task_13/important_instructions/injection_task_3.json	2871	274abc78f7e6d9d95600b8e674e0c88ff6714b16d0703181fe43c4c81fde6068
external/AgentWatcher_armc_runtime_v1/results/agent_evaluations/agentdojo/A15B0_ARMC_SCI_IMPORTANT_INSTRUCTIONS_200/gpt-4o-mini-piarena-agentwatcher/travel/user_task_13/important_instructions/injection_task_4.json	7358	5b50674a4d27702eb4d6c3dfb7bed5532f09c04d7d73a8dc4b37882acbcf285b
external/AgentWatcher_armc_runtime_v1/results/agent_evaluations/agentdojo/A15B0_ARMC_SCI_IMPORTANT_INSTRUCTIONS_200/gpt-4o-mini-piarena-agentwatcher/travel/user_task_14/important_instructions/injection_task_4.json	2624	2f7d84c7932ee27a51345d01230c88383b9082855fc752a5b17c1216f6a9d184
external/AgentWatcher_armc_runtime_v1/results/agent_evaluations/agentdojo/A15B0_ARMC_SCI_IMPORTANT_INSTRUCTIONS_200/gpt-4o-mini-piarena-agentwatcher/travel/user_task_14/important_instructions/injection_task_6.json	9110	9c47668a478115a98c38376236ac83e408ac42087253930f52d40593ca4be524
external/AgentWatcher_armc_runtime_v1/results/agent_evaluations/agentdojo/A15B0_ARMC_SCI_IMPORTANT_INSTRUCTIONS_200/gpt-4o-mini-piarena-agentwatcher/travel/user_task_15/important_instructions/injection_task_5.json	3796	aaba7f6b2b4486b680bb9ac4b34e50dbc794491970f038335e2a1876c4a56703
external/AgentWatcher_armc_runtime_v1/results/agent_evaluations/agentdojo/A15B0_ARMC_SCI_IMPORTANT_INSTRUCTIONS_200/gpt-4o-mini-piarena-agentwatcher/travel/user_task_15/important_instructions/injection_task_6.json	12048	72fb35a6e3285a04a0f3a7f7a15f25b5ca4db67320d39f50ec19e4f7eea6f3de
external/AgentWatcher_armc_runtime_v1/results/agent_evaluations/agentdojo/A15B0_ARMC_SCI_IMPORTANT_INSTRUCTIONS_200/gpt-4o-mini-piarena-agentwatcher/travel/user_task_16/important_instructions/injection_task_4.json	2728	f0b006e459600b77d83f5ed550133c91ae4028cbf4b2cce761e72e7e7e3edea2
external/AgentWatcher_armc_runtime_v1/results/agent_evaluations/agentdojo/A15B0_ARMC_SCI_IMPORTANT_INSTRUCTIONS_200/gpt-4o-mini-piarena-agentwatcher/travel/user_task_18/important_instructions/injection_task_5.json	3048	c57dfbbf1cf30f765937738df37ed050ccf70e81f27c111f6eab81a6fad0c89e
external/AgentWatcher_armc_runtime_v1/results/agent_evaluations/agentdojo/A15B0_ARMC_SCI_IMPORTANT_INSTRUCTIONS_200/gpt-4o-mini-piarena-agentwatcher/travel/user_task_18/important_instructions/injection_task_6.json	13230	9c8bd1d95badecf37a55d3e2ede65d17c8b6e488a5738ddab56d67b299976134
external/AgentWatcher_armc_runtime_v1/results/agent_evaluations/agentdojo/A15B0_ARMC_SCI_IMPORTANT_INSTRUCTIONS_200/gpt-4o-mini-piarena-agentwatcher/travel/user_task_19/important_instructions/injection_task_2.json	7848	81a7f45c89eaecd805117f85f8e43b80a485870c4c4da7c0ba9b5c2a0bdaeda8
external/AgentWatcher_armc_runtime_v1/results/agent_evaluations/agentdojo/A15B0_ARMC_SCI_IMPORTANT_INSTRUCTIONS_200/gpt-4o-mini-piarena-agentwatcher/travel/user_task_19/important_instructions/injection_task_4.json	7157	828872b41224a94b13d4bb840bfe5d58d3117797a17cab1c0f7178b466e90a0b
external/AgentWatcher_armc_runtime_v1/results/agent_evaluations/agentdojo/A15B0_ARMC_SCI_IMPORTANT_INSTRUCTIONS_200/gpt-4o-mini-piarena-agentwatcher/travel/user_task_19/important_instructions/injection_task_5.json	31841	567a0e4d162bfe07a225d08a84e1def2a3f73350aaa45e21e5e02910b3569a15
external/AgentWatcher_armc_runtime_v1/results/agent_evaluations/agentdojo/A15B0_ARMC_SCI_IMPORTANT_INSTRUCTIONS_200/gpt-4o-mini-piarena-agentwatcher/travel/user_task_2/important_instructions/injection_task_5.json	4269	8983ae299649c8130615f7a5de64188669a2b83c9702253adf26d877e77f5a99
external/AgentWatcher_armc_runtime_v1/results/agent_evaluations/agentdojo/A15B0_ARMC_SCI_IMPORTANT_INSTRUCTIONS_200/gpt-4o-mini-piarena-agentwatcher/travel/user_task_2/important_instructions/injection_task_6.json	3612	ea19bfb55890618a98d7408e163421a01c2f700bed26742f0e93f92f0008608d
external/AgentWatcher_armc_runtime_v1/results/agent_evaluations/agentdojo/A15B0_ARMC_SCI_IMPORTANT_INSTRUCTIONS_200/gpt-4o-mini-piarena-agentwatcher/travel/user_task_4/important_instructions/injection_task_2.json	3355	ef95139893ea3fef6496ce897f8f7651bd02cd7051a4a37edf9e558a9904a61a
external/AgentWatcher_armc_runtime_v1/results/agent_evaluations/agentdojo/A15B0_ARMC_SCI_IMPORTANT_INSTRUCTIONS_200/gpt-4o-mini-piarena-agentwatcher/travel/user_task_5/important_instructions/injection_task_1.json	15219	c9b3d098999dc997c118de027ce5aae7107912407c7d9ab0ae29b4bbdfb20d3e
external/AgentWatcher_armc_runtime_v1/results/agent_evaluations/agentdojo/A15B0_ARMC_SCI_IMPORTANT_INSTRUCTIONS_200/gpt-4o-mini-piarena-agentwatcher/travel/user_task_5/important_instructions/injection_task_2.json	3518	cb06aea862758479c4ae78d9e21b061e54f749c07a47552e511a652fd7c89a8c
external/AgentWatcher_armc_runtime_v1/results/agent_evaluations/agentdojo/A15B0_ARMC_SCI_IMPORTANT_INSTRUCTIONS_200/gpt-4o-mini-piarena-agentwatcher/travel/user_task_6/important_instructions/injection_task_0.json	3512	033d76be5b27dc90b697d004eb4b3d62570e059f2f7894be555fbd7236a3de5d
external/AgentWatcher_armc_runtime_v1/results/agent_evaluations/agentdojo/A15B0_ARMC_SCI_IMPORTANT_INSTRUCTIONS_200/gpt-4o-mini-piarena-agentwatcher/travel/user_task_6/important_instructions/injection_task_1.json	16068	7e3246011fd10830613552acfc1ca780970853e3882938061829b03a97f84e1e
external/AgentWatcher_armc_runtime_v1/results/agent_evaluations/agentdojo/A15B0_ARMC_SCI_IMPORTANT_INSTRUCTIONS_200/gpt-4o-mini-piarena-agentwatcher/travel/user_task_7/important_instructions/injection_task_0.json	2731	ec02f904705cc9f1176e354189cce5e3bd8396d5043a30dc4a78b24a66dd9355
external/AgentWatcher_armc_runtime_v1/results/agent_evaluations/agentdojo/A15B0_ARMC_SCI_IMPORTANT_INSTRUCTIONS_200/gpt-4o-mini-piarena-agentwatcher/travel/user_task_8/important_instructions/injection_task_1.json	2822	b62838335d57d202d637bb2aa3f73474006670340abbe8572018ad2cbe09bf16
external/AgentWatcher_armc_runtime_v1/results/agent_evaluations/agentdojo/A15B0_ARMC_SCI_IMPORTANT_INSTRUCTIONS_200/gpt-4o-mini-piarena-agentwatcher/travel/user_task_8/important_instructions/injection_task_6.json	2785	a1fdca6a5ce055ae6cfa07dda4b9e7194ef909c01bc437485f1fe8b3fdfb719f
external/AgentWatcher_armc_runtime_v1/results/agent_evaluations/agentdojo/A15B0_ARMC_SCI_IMPORTANT_INSTRUCTIONS_200/gpt-4o-mini-piarena-agentwatcher/travel/user_task_9/important_instructions/injection_task_6.json	11773	a05cebe0faa9eae0e3fe8b76fadabea9aacfea10418d460a0753e0f2184cf73c
external/AgentWatcher_armc_runtime_v1/results/agent_evaluations/agentdojo/A15B0_ARMC_SCI_IMPORTANT_INSTRUCTIONS_200/gpt-4o-mini-piarena-agentwatcher/workspace/injection_task_0/none/none.json	3447	df41ce04906973fcab72d3eb13216ec09c03bc9fbefa43381ee826c37fab73bf
external/AgentWatcher_armc_runtime_v1/results/agent_evaluations/agentdojo/A15B0_ARMC_SCI_IMPORTANT_INSTRUCTIONS_200/gpt-4o-mini-piarena-agentwatcher/workspace/injection_task_1/none/none.json	3117	dc96509e04b872af0c30f5fb2a27706a3464652cfb46e8972ef67d21b78e51ee
external/AgentWatcher_armc_runtime_v1/results/agent_evaluations/agentdojo/A15B0_ARMC_SCI_IMPORTANT_INSTRUCTIONS_200/gpt-4o-mini-piarena-agentwatcher/workspace/injection_task_10/none/none.json	1876	efbdfbaf51e0cad604594cc8379ecffe98b0168dcb1aaf69ff20de29195420c4
external/AgentWatcher_armc_runtime_v1/results/agent_evaluations/agentdojo/A15B0_ARMC_SCI_IMPORTANT_INSTRUCTIONS_200/gpt-4o-mini-piarena-agentwatcher/workspace/injection_task_11/none/none.json	46972	25bd7278ec622375c3e0d19ded9a8899d0f870f3def81788db2b7142666eab51
external/AgentWatcher_armc_runtime_v1/results/agent_evaluations/agentdojo/A15B0_ARMC_SCI_IMPORTANT_INSTRUCTIONS_200/gpt-4o-mini-piarena-agentwatcher/workspace/injection_task_12/none/none.json	2117	c2b8bb581f52eec68fbb2a46fad7193f7ee74f73fefaba396e48f520ba4cfc5b
external/AgentWatcher_armc_runtime_v1/results/agent_evaluations/agentdojo/A15B0_ARMC_SCI_IMPORTANT_INSTRUCTIONS_200/gpt-4o-mini-piarena-agentwatcher/workspace/injection_task_13/none/none.json	15406	d18f7397df8fa8a734b062307c2aaf4b75e1d8eee43be40d3587ca0d7bc377c6
external/AgentWatcher_armc_runtime_v1/results/agent_evaluations/agentdojo/A15B0_ARMC_SCI_IMPORTANT_INSTRUCTIONS_200/gpt-4o-mini-piarena-agentwatcher/workspace/injection_task_2/none/none.json	4341	bbefce5404add4613b5dff2b3bdcd0362f941e4abd303e031d50d0a60b8d8a3f
external/AgentWatcher_armc_runtime_v1/results/agent_evaluations/agentdojo/A15B0_ARMC_SCI_IMPORTANT_INSTRUCTIONS_200/gpt-4o-mini-piarena-agentwatcher/workspace/injection_task_3/none/none.json	15259	664c3bf4a747c88d9202c961caafa4cfc6e2776559c7dbbf901142c8bb8d9dc5
external/AgentWatcher_armc_runtime_v1/results/agent_evaluations/agentdojo/A15B0_ARMC_SCI_IMPORTANT_INSTRUCTIONS_200/gpt-4o-mini-piarena-agentwatcher/workspace/injection_task_4/none/none.json	5645	c72b48c2ae00050ecdfe33f5c06d6eafcf2c6bdfb24276a7c08744c5fdff2402
external/AgentWatcher_armc_runtime_v1/results/agent_evaluations/agentdojo/A15B0_ARMC_SCI_IMPORTANT_INSTRUCTIONS_200/gpt-4o-mini-piarena-agentwatcher/workspace/injection_task_5/none/none.json	16127	eee7eaa9adf1b69dff78ce5bced96c0594fbce6b19afe0896ebcc454b34db85e
external/AgentWatcher_armc_runtime_v1/results/agent_evaluations/agentdojo/A15B0_ARMC_SCI_IMPORTANT_INSTRUCTIONS_200/gpt-4o-mini-piarena-agentwatcher/workspace/injection_task_6/none/none.json	2030	bcffc0db48fcd8055f055cc881f579621078877a459a5240892e6a1db7e39dff
external/AgentWatcher_armc_runtime_v1/results/agent_evaluations/agentdojo/A15B0_ARMC_SCI_IMPORTANT_INSTRUCTIONS_200/gpt-4o-mini-piarena-agentwatcher/workspace/injection_task_7/none/none.json	49058	d9240e9477c12f025a84ef4218ce52ca8b1fb4e0567951d1710d93b518f9cc68
external/AgentWatcher_armc_runtime_v1/results/agent_evaluations/agentdojo/A15B0_ARMC_SCI_IMPORTANT_INSTRUCTIONS_200/gpt-4o-mini-piarena-agentwatcher/workspace/injection_task_8/none/none.json	18089	4b78bdb5d4e1a58d2bf97637f5dc5db0d61cd60656c7ae801f20c95d76628f26
external/AgentWatcher_armc_runtime_v1/results/agent_evaluations/agentdojo/A15B0_ARMC_SCI_IMPORTANT_INSTRUCTIONS_200/gpt-4o-mini-piarena-agentwatcher/workspace/injection_task_9/none/none.json	20063	3bcf02afda9f375e8e70516bd9f23a392ce67223f0eae26f95b6029dfc623c93
external/AgentWatcher_armc_runtime_v1/results/agent_evaluations/agentdojo/A15B0_ARMC_SCI_IMPORTANT_INSTRUCTIONS_200/gpt-4o-mini-piarena-agentwatcher/workspace/user_task_0/important_instructions/injection_task_11.json	3010	2d0a1eed6b9aa288490789a2e8635719a3829ac3c28beabf2e8331e03eefeb8d
external/AgentWatcher_armc_runtime_v1/results/agent_evaluations/agentdojo/A15B0_ARMC_SCI_IMPORTANT_INSTRUCTIONS_200/gpt-4o-mini-piarena-agentwatcher/workspace/user_task_0/important_instructions/injection_task_3.json	2379	05a17c42a9f45fc444adba3af82f21ffe6a79657f9625e3ae511c7b63839d957
external/AgentWatcher_armc_runtime_v1/results/agent_evaluations/agentdojo/A15B0_ARMC_SCI_IMPORTANT_INSTRUCTIONS_200/gpt-4o-mini-piarena-agentwatcher/workspace/user_task_0/important_instructions/injection_task_6.json	2432	0594f38774260aceba01c878891a7ba20b960f24669a43fa14ac5a1a8a77bfd8
external/AgentWatcher_armc_runtime_v1/results/agent_evaluations/agentdojo/A15B0_ARMC_SCI_IMPORTANT_INSTRUCTIONS_200/gpt-4o-mini-piarena-agentwatcher/workspace/user_task_1/important_instructions/injection_task_11.json	2458	5c86945cf249b5aeff2bda240e9e51b6544b996a9416762c70eccc5dc64b5d08
external/AgentWatcher_armc_runtime_v1/results/agent_evaluations/agentdojo/A15B0_ARMC_SCI_IMPORTANT_INSTRUCTIONS_200/gpt-4o-mini-piarena-agentwatcher/workspace/user_task_1/important_instructions/injection_task_13.json	2643	9c5c3d337082750238687b4f3a4aa8441d820c62fc4f7b9ce4c906b13369a9f1
external/AgentWatcher_armc_runtime_v1/results/agent_evaluations/agentdojo/A15B0_ARMC_SCI_IMPORTANT_INSTRUCTIONS_200/gpt-4o-mini-piarena-agentwatcher/workspace/user_task_10/important_instructions/injection_task_1.json	5947	ebf8e5814cf85de78d2dd0fcb78475bcd7f5eb5cc487d14d6f289712b731ac93
external/AgentWatcher_armc_runtime_v1/results/agent_evaluations/agentdojo/A15B0_ARMC_SCI_IMPORTANT_INSTRUCTIONS_200/gpt-4o-mini-piarena-agentwatcher/workspace/user_task_11/important_instructions/injection_task_1.json	5786	8873a3fa7f5249e81506bbe40da2de0e418340f8b81c9d22cd05335535c243b8
external/AgentWatcher_armc_runtime_v1/results/agent_evaluations/agentdojo/A15B0_ARMC_SCI_IMPORTANT_INSTRUCTIONS_200/gpt-4o-mini-piarena-agentwatcher/workspace/user_task_11/important_instructions/injection_task_2.json	2491	e1d1cfe17c49c43a1d54cde7ea32f68d2b1bdbc54a27c416802cc792f8f80401
external/AgentWatcher_armc_runtime_v1/results/agent_evaluations/agentdojo/A15B0_ARMC_SCI_IMPORTANT_INSTRUCTIONS_200/gpt-4o-mini-piarena-agentwatcher/workspace/user_task_11/important_instructions/injection_task_6.json	2558	0f125736de35bd787d01c6120662f862d30511347fce29c044c949c52beccb55
external/AgentWatcher_armc_runtime_v1/results/agent_evaluations/agentdojo/A15B0_ARMC_SCI_IMPORTANT_INSTRUCTIONS_200/gpt-4o-mini-piarena-agentwatcher/workspace/user_task_12/important_instructions/injection_task_12.json	2849	95b2e485ee2921f0debb67cabc0cf918da016d343c9f3fb29fd7788e897219b0
external/AgentWatcher_armc_runtime_v1/results/agent_evaluations/agentdojo/A15B0_ARMC_SCI_IMPORTANT_INSTRUCTIONS_200/gpt-4o-mini-piarena-agentwatcher/workspace/user_task_12/important_instructions/injection_task_13.json	2840	86946b2e6de8c1831f130f264f9ec1d96d6e45b425c778c2604ab8b02419aadd
external/AgentWatcher_armc_runtime_v1/results/agent_evaluations/agentdojo/A15B0_ARMC_SCI_IMPORTANT_INSTRUCTIONS_200/gpt-4o-mini-piarena-agentwatcher/workspace/user_task_12/important_instructions/injection_task_2.json	2580	1be646726a6caf102ebe9ccb06db8d558ec449a7945d3246ab6cb1f1ffd24fb5
external/AgentWatcher_armc_runtime_v1/results/agent_evaluations/agentdojo/A15B0_ARMC_SCI_IMPORTANT_INSTRUCTIONS_200/gpt-4o-mini-piarena-agentwatcher/workspace/user_task_12/important_instructions/injection_task_5.json	2599	eb0210e2796a312e23d1d3d2f5b444f53df5fd757df25599b7b47a091850800c
external/AgentWatcher_armc_runtime_v1/results/agent_evaluations/agentdojo/A15B0_ARMC_SCI_IMPORTANT_INSTRUCTIONS_200/gpt-4o-mini-piarena-agentwatcher/workspace/user_task_12/important_instructions/injection_task_7.json	2810	8b5c6e91aa77f0b689267a9ac4190ed58c5098a82cc719d1b726e372a51a8d9b
external/AgentWatcher_armc_runtime_v1/results/agent_evaluations/agentdojo/A15B0_ARMC_SCI_IMPORTANT_INSTRUCTIONS_200/gpt-4o-mini-piarena-agentwatcher/workspace/user_task_12/important_instructions/injection_task_9.json	2943	cae72676ca562b2cf0f222167f0513dd9d9514d9fb073521373fd54446c81d9e
external/AgentWatcher_armc_runtime_v1/results/agent_evaluations/agentdojo/A15B0_ARMC_SCI_IMPORTANT_INSTRUCTIONS_200/gpt-4o-mini-piarena-agentwatcher/workspace/user_task_13/important_instructions/injection_task_11.json	3147	366a23a325245e1f8b0ca2b77fd3bbe7f119d46cfd3c04c3d74a395f871a9d8f
external/AgentWatcher_armc_runtime_v1/results/agent_evaluations/agentdojo/A15B0_ARMC_SCI_IMPORTANT_INSTRUCTIONS_200/gpt-4o-mini-piarena-agentwatcher/workspace/user_task_14/important_instructions/injection_task_0.json	6220	d71d591f5b78c6b8e9918c50d882bf44e8a93d7ba85a526c25dfff4cb37e983a
external/AgentWatcher_armc_runtime_v1/results/agent_evaluations/agentdojo/A15B0_ARMC_SCI_IMPORTANT_INSTRUCTIONS_200/gpt-4o-mini-piarena-agentwatcher/workspace/user_task_15/important_instructions/injection_task_3.json	2378	1d4fb3357fd99e14b0d4f53f3ac23c7b222cbc6869e230b561634f1349117870
external/AgentWatcher_armc_runtime_v1/results/agent_evaluations/agentdojo/A15B0_ARMC_SCI_IMPORTANT_INSTRUCTIONS_200/gpt-4o-mini-piarena-agentwatcher/workspace/user_task_15/important_instructions/injection_task_6.json	2432	f462b9998d27c8c7419b90ea6e5e3650c3d5a4f7ae5d79edb1cff8e48e1c9141
external/AgentWatcher_armc_runtime_v1/results/agent_evaluations/agentdojo/A15B0_ARMC_SCI_IMPORTANT_INSTRUCTIONS_200/gpt-4o-mini-piarena-agentwatcher/workspace/user_task_15/important_instructions/injection_task_9.json	2726	d661a0b956d298eb197a5f42ec2144ec5c9688384e4454f6ff761815f307debd
external/AgentWatcher_armc_runtime_v1/results/agent_evaluations/agentdojo/A15B0_ARMC_SCI_IMPORTANT_INSTRUCTIONS_200/gpt-4o-mini-piarena-agentwatcher/workspace/user_task_16/important_instructions/injection_task_0.json	13700	a3152714418a5f9dc0749e59147502bba5c5255b26d87ab43944440b15d05d60
external/AgentWatcher_armc_runtime_v1/results/agent_evaluations/agentdojo/A15B0_ARMC_SCI_IMPORTANT_INSTRUCTIONS_200/gpt-4o-mini-piarena-agentwatcher/workspace/user_task_16/important_instructions/injection_task_7.json	6797	2c29a743ed864531a938159ebe87d165f39646ec698ca6e8c74c0f11cf603b26
external/AgentWatcher_armc_runtime_v1/results/agent_evaluations/agentdojo/A15B0_ARMC_SCI_IMPORTANT_INSTRUCTIONS_200/gpt-4o-mini-piarena-agentwatcher/workspace/user_task_17/important_instructions/injection_task_10.json	15856	72db550bc193945d6820a065fe40a8496fe3d52e6fef57c068e820381677830c
external/AgentWatcher_armc_runtime_v1/results/agent_evaluations/agentdojo/A15B0_ARMC_SCI_IMPORTANT_INSTRUCTIONS_200/gpt-4o-mini-piarena-agentwatcher/workspace/user_task_17/important_instructions/injection_task_13.json	6720	38bab94d4fa6ced24aed910244c5a7fce0a3589f5ef481f5cc541f005a1011b9
external/AgentWatcher_armc_runtime_v1/results/agent_evaluations/agentdojo/A15B0_ARMC_SCI_IMPORTANT_INSTRUCTIONS_200/gpt-4o-mini-piarena-agentwatcher/workspace/user_task_17/important_instructions/injection_task_4.json	6622	3cf5e7b4e93d711780ec91a9ab2e9a30ef606009cb9916f979676cb7bdbfea35
external/AgentWatcher_armc_runtime_v1/results/agent_evaluations/agentdojo/A15B0_ARMC_SCI_IMPORTANT_INSTRUCTIONS_200/gpt-4o-mini-piarena-agentwatcher/workspace/user_task_17/important_instructions/injection_task_6.json	6411	019ffe6321b66041e524ed78afde2682cb2384d2cd90fff07f28667ffa3bea05
external/AgentWatcher_armc_runtime_v1/results/agent_evaluations/agentdojo/A15B0_ARMC_SCI_IMPORTANT_INSTRUCTIONS_200/gpt-4o-mini-piarena-agentwatcher/workspace/user_task_17/important_instructions/injection_task_7.json	18394	eaaebb6c0a6ff6cca3494bfbd960aeda65412934686131d657480d67aaf740b9
external/AgentWatcher_armc_runtime_v1/results/agent_evaluations/agentdojo/A15B0_ARMC_SCI_IMPORTANT_INSTRUCTIONS_200/gpt-4o-mini-piarena-agentwatcher/workspace/user_task_18/important_instructions/injection_task_1.json	2480	a68552a650d117a3dd66bf1e8996adfc2da8f6701b1cc0dbdc175bff49692214
external/AgentWatcher_armc_runtime_v1/results/agent_evaluations/agentdojo/A15B0_ARMC_SCI_IMPORTANT_INSTRUCTIONS_200/gpt-4o-mini-piarena-agentwatcher/workspace/user_task_18/important_instructions/injection_task_10.json	2480	e998f7c3306d4564507177fdd8e5abac145cc52a636dcff09cd5ca3a85c35b8c
external/AgentWatcher_armc_runtime_v1/results/agent_evaluations/agentdojo/A15B0_ARMC_SCI_IMPORTANT_INSTRUCTIONS_200/gpt-4o-mini-piarena-agentwatcher/workspace/user_task_18/important_instructions/injection_task_11.json	2525	4262372701a81f895248c47a0deda4948ff043e4a0448e61c10f5e3704667999
external/AgentWatcher_armc_runtime_v1/results/agent_evaluations/agentdojo/A15B0_ARMC_SCI_IMPORTANT_INSTRUCTIONS_200/gpt-4o-mini-piarena-agentwatcher/workspace/user_task_18/important_instructions/injection_task_12.json	2834	925684d1c65bd1a88f922ce93cae6c99714f9762ef4fd34b89691d94907c2d26
external/AgentWatcher_armc_runtime_v1/results/agent_evaluations/agentdojo/A15B0_ARMC_SCI_IMPORTANT_INSTRUCTIONS_200/gpt-4o-mini-piarena-agentwatcher/workspace/user_task_18/important_instructions/injection_task_9.json	2814	18987942d013d159685ccbc1f334d9481174984f09a87778e63695ddfa4421ae
external/AgentWatcher_armc_runtime_v1/results/agent_evaluations/agentdojo/A15B0_ARMC_SCI_IMPORTANT_INSTRUCTIONS_200/gpt-4o-mini-piarena-agentwatcher/workspace/user_task_2/important_instructions/injection_task_2.json	6961	ef0e7e4b9db0e36d40160deba1457ada40fdd504e1d79a5b8fa07bcf663574d9
external/AgentWatcher_armc_runtime_v1/results/agent_evaluations/agentdojo/A15B0_ARMC_SCI_IMPORTANT_INSTRUCTIONS_200/gpt-4o-mini-piarena-agentwatcher/workspace/user_task_2/important_instructions/injection_task_4.json	7293	dc9b0cb2f00f5f27cd20ba6b5b737385c4296df356dc182d3aef6ab9b2aae220
external/AgentWatcher_armc_runtime_v1/results/agent_evaluations/agentdojo/A15B0_ARMC_SCI_IMPORTANT_INSTRUCTIONS_200/gpt-4o-mini-piarena-agentwatcher/workspace/user_task_2/important_instructions/injection_task_6.json	7086	10f1286ffd7e2c26498896d473fa19c5cb07fac1b7963ac5639c9553e9228d06
external/AgentWatcher_armc_runtime_v1/results/agent_evaluations/agentdojo/A15B0_ARMC_SCI_IMPORTANT_INSTRUCTIONS_200/gpt-4o-mini-piarena-agentwatcher/workspace/user_task_20/important_instructions/injection_task_2.json	2609	13c05e215059f58571c81d8d8868a42df9818b324d84ee112818e6c786cd0088
external/AgentWatcher_armc_runtime_v1/results/agent_evaluations/agentdojo/A15B0_ARMC_SCI_IMPORTANT_INSTRUCTIONS_200/gpt-4o-mini-piarena-agentwatcher/workspace/user_task_20/important_instructions/injection_task_4.json	2779	d9f7ef16c5e76f40ae9834e4b7414390bc38aec067b15f01a7a8fc610d379aa6
external/AgentWatcher_armc_runtime_v1/results/agent_evaluations/agentdojo/A15B0_ARMC_SCI_IMPORTANT_INSTRUCTIONS_200/gpt-4o-mini-piarena-agentwatcher/workspace/user_task_21/important_instructions/injection_task_7.json	3651	ea0d4884cd6683d3474d322e09d6abe08fd7c4ec4ddac9de12daaf9a8b3b3cc9
external/AgentWatcher_armc_runtime_v1/results/agent_evaluations/agentdojo/A15B0_ARMC_SCI_IMPORTANT_INSTRUCTIONS_200/gpt-4o-mini-piarena-agentwatcher/workspace/user_task_22/important_instructions/injection_task_0.json	6143	f1afa545ec39dc80cdcaf9650ca2af44d1f045214474f137b01ed4a5ca22853d
external/AgentWatcher_armc_runtime_v1/results/agent_evaluations/agentdojo/A15B0_ARMC_SCI_IMPORTANT_INSTRUCTIONS_200/gpt-4o-mini-piarena-agentwatcher/workspace/user_task_22/important_instructions/injection_task_1.json	6185	a88257ce48cbc0369e489db7434bb7fa2451e538b12c15310962db9331b95579
external/AgentWatcher_armc_runtime_v1/results/agent_evaluations/agentdojo/A15B0_ARMC_SCI_IMPORTANT_INSTRUCTIONS_200/gpt-4o-mini-piarena-agentwatcher/workspace/user_task_22/important_instructions/injection_task_10.json	14156	d281e96531307dc0c5337d00560977cd019be71b8051cba329d4dc37c63369e8
external/AgentWatcher_armc_runtime_v1/results/agent_evaluations/agentdojo/A15B0_ARMC_SCI_IMPORTANT_INSTRUCTIONS_200/gpt-4o-mini-piarena-agentwatcher/workspace/user_task_22/important_instructions/injection_task_4.json	6270	bc61db3a90695c6bc02062c6a2733781f918ecc4ebbcf29b97c4ef8e2c35b53d
external/AgentWatcher_armc_runtime_v1/results/agent_evaluations/agentdojo/A15B0_ARMC_SCI_IMPORTANT_INSTRUCTIONS_200/gpt-4o-mini-piarena-agentwatcher/workspace/user_task_22/important_instructions/injection_task_9.json	6531	cbae8e33903a2c3b134df1bbc0f0a04d30b31b63cd63b7284a5c6b37317788cf
external/AgentWatcher_armc_runtime_v1/results/agent_evaluations/agentdojo/A15B0_ARMC_SCI_IMPORTANT_INSTRUCTIONS_200/gpt-4o-mini-piarena-agentwatcher/workspace/user_task_23/important_instructions/injection_task_11.json	18188	92cf962bf12ae4fb1dfdb7bedd1e83b12a143ef2f0c5bd90efd2b84b4d5689f0
external/AgentWatcher_armc_runtime_v1/results/agent_evaluations/agentdojo/A15B0_ARMC_SCI_IMPORTANT_INSTRUCTIONS_200/gpt-4o-mini-piarena-agentwatcher/workspace/user_task_23/important_instructions/injection_task_2.json	17760	ea947db52d6e16183e49f4b0811568d8b41f956eaa69458eee3eed67545f5a6e
external/AgentWatcher_armc_runtime_v1/results/agent_evaluations/agentdojo/A15B0_ARMC_SCI_IMPORTANT_INSTRUCTIONS_200/gpt-4o-mini-piarena-agentwatcher/workspace/user_task_23/important_instructions/injection_task_7.json	18771	bfbd84f246cb32fabf9f6d3cf7fd01d9edd60dcbfe171a068019ae7609ad5623
external/AgentWatcher_armc_runtime_v1/results/agent_evaluations/agentdojo/A15B0_ARMC_SCI_IMPORTANT_INSTRUCTIONS_200/gpt-4o-mini-piarena-agentwatcher/workspace/user_task_23/important_instructions/injection_task_8.json	18378	cc45f879d6b4aab7c5196dd832fea4551b89d0720f77f4c1deabfd45db2cdc05
external/AgentWatcher_armc_runtime_v1/results/agent_evaluations/agentdojo/A15B0_ARMC_SCI_IMPORTANT_INSTRUCTIONS_200/gpt-4o-mini-piarena-agentwatcher/workspace/user_task_24/important_instructions/injection_task_0.json	9728	95c890a7a89285192c3debe44fb6c971683e2bef39506b7259afb71c99bfccd3
external/AgentWatcher_armc_runtime_v1/results/agent_evaluations/agentdojo/A15B0_ARMC_SCI_IMPORTANT_INSTRUCTIONS_200/gpt-4o-mini-piarena-agentwatcher/workspace/user_task_24/important_instructions/injection_task_12.json	11239	89dd572cbb26ba44b9a0fe6a58e0c2a55ce94bd74f38bf84a8ca820c7e3ce544
external/AgentWatcher_armc_runtime_v1/results/agent_evaluations/agentdojo/A15B0_ARMC_SCI_IMPORTANT_INSTRUCTIONS_200/gpt-4o-mini-piarena-agentwatcher/workspace/user_task_25/important_instructions/injection_task_11.json	2678	6b1f8a3a14d8711d75352df9d56b32135c67fc8c21b04be12c8a67208b7773fe
external/AgentWatcher_armc_runtime_v1/results/agent_evaluations/agentdojo/A15B0_ARMC_SCI_IMPORTANT_INSTRUCTIONS_200/gpt-4o-mini-piarena-agentwatcher/workspace/user_task_25/important_instructions/injection_task_4.json	2775	d3efecad63e8568dbab55dab7fda0d7f2d5c69ac8c2e1f44cfcc716a549377a3
external/AgentWatcher_armc_runtime_v1/results/agent_evaluations/agentdojo/A15B0_ARMC_SCI_IMPORTANT_INSTRUCTIONS_200/gpt-4o-mini-piarena-agentwatcher/workspace/user_task_26/important_instructions/injection_task_0.json	3761	2ac6638332a7d77f7e80853c2697c515e209af7dd7bf395cf3fa330fa51f68f2
external/AgentWatcher_armc_runtime_v1/results/agent_evaluations/agentdojo/A15B0_ARMC_SCI_IMPORTANT_INSTRUCTIONS_200/gpt-4o-mini-piarena-agentwatcher/workspace/user_task_26/important_instructions/injection_task_5.json	34031	3ca632fe272fa63b2f8a48a554b20ec0d26f238d9fc9168c6b25dc9cbd8aa42f
external/AgentWatcher_armc_runtime_v1/results/agent_evaluations/agentdojo/A15B0_ARMC_SCI_IMPORTANT_INSTRUCTIONS_200/gpt-4o-mini-piarena-agentwatcher/workspace/user_task_27/important_instructions/injection_task_10.json	34246	3c8096f2b63b1ada0fe74c8aa83b8cc2483a18e7065f3141231644b7f7734f97
external/AgentWatcher_armc_runtime_v1/results/agent_evaluations/agentdojo/A15B0_ARMC_SCI_IMPORTANT_INSTRUCTIONS_200/gpt-4o-mini-piarena-agentwatcher/workspace/user_task_27/important_instructions/injection_task_3.json	34182	d22d25d7b5cd95e21bb8cff956e7317fe09064d78d812ca9e46f838370ff503c
external/AgentWatcher_armc_runtime_v1/results/agent_evaluations/agentdojo/A15B0_ARMC_SCI_IMPORTANT_INSTRUCTIONS_200/gpt-4o-mini-piarena-agentwatcher/workspace/user_task_27/important_instructions/injection_task_4.json	35511	7154cfcb523e3993d19fc2086846ea58a4dce6c8a4b17e8df38d450f122dc8cd
external/AgentWatcher_armc_runtime_v1/results/agent_evaluations/agentdojo/A15B0_ARMC_SCI_IMPORTANT_INSTRUCTIONS_200/gpt-4o-mini-piarena-agentwatcher/workspace/user_task_27/important_instructions/injection_task_5.json	34210	4757229dbcd0a9ac1348c498d1ba2a22c428f9c64a4dd72b92b0a22a7b65a1a8
external/AgentWatcher_armc_runtime_v1/results/agent_evaluations/agentdojo/A15B0_ARMC_SCI_IMPORTANT_INSTRUCTIONS_200/gpt-4o-mini-piarena-agentwatcher/workspace/user_task_27/important_instructions/injection_task_7.json	36044	f6309185094a0475ed51e978a07518f0db9300fd65f002c4345dabc14bd26c20
external/AgentWatcher_armc_runtime_v1/results/agent_evaluations/agentdojo/A15B0_ARMC_SCI_IMPORTANT_INSTRUCTIONS_200/gpt-4o-mini-piarena-agentwatcher/workspace/user_task_27/important_instructions/injection_task_8.json	35432	1eaa0b48afe468a11a9fb5fef82fdf19c91f0fdc65b346740f3e4503de7398c1
external/AgentWatcher_armc_runtime_v1/results/agent_evaluations/agentdojo/A15B0_ARMC_SCI_IMPORTANT_INSTRUCTIONS_200/gpt-4o-mini-piarena-agentwatcher/workspace/user_task_28/important_instructions/injection_task_1.json	5062	b027c2c960b173ee20f1855feb976ed9dedbf3e7bfd2c19af85a4fe8dcb763f3
external/AgentWatcher_armc_runtime_v1/results/agent_evaluations/agentdojo/A15B0_ARMC_SCI_IMPORTANT_INSTRUCTIONS_200/gpt-4o-mini-piarena-agentwatcher/workspace/user_task_28/important_instructions/injection_task_4.json	2551	bae6516863b5c7d291b5912b88342d34446af095b30631e1e83848b756c75230
external/AgentWatcher_armc_runtime_v1/results/agent_evaluations/agentdojo/A15B0_ARMC_SCI_IMPORTANT_INSTRUCTIONS_200/gpt-4o-mini-piarena-agentwatcher/workspace/user_task_3/important_instructions/injection_task_2.json	2678	d777407b85bff2554e8af9043c6e7f06d91a0bdda4874f5c9adf13d5fe954c1a
external/AgentWatcher_armc_runtime_v1/results/agent_evaluations/agentdojo/A15B0_ARMC_SCI_IMPORTANT_INSTRUCTIONS_200/gpt-4o-mini-piarena-agentwatcher/workspace/user_task_3/important_instructions/injection_task_4.json	5758	ec61a0f12fb3daa171d7834812562e15bb73688276c22547b89d504a9f349c38
external/AgentWatcher_armc_runtime_v1/results/agent_evaluations/agentdojo/A15B0_ARMC_SCI_IMPORTANT_INSTRUCTIONS_200/gpt-4o-mini-piarena-agentwatcher/workspace/user_task_30/important_instructions/injection_task_0.json	2569	7197a3105659d9a4ce2a75cbdeb45f584ea7c92fcf043b229d6d24863f18070a
external/AgentWatcher_armc_runtime_v1/results/agent_evaluations/agentdojo/A15B0_ARMC_SCI_IMPORTANT_INSTRUCTIONS_200/gpt-4o-mini-piarena-agentwatcher/workspace/user_task_30/important_instructions/injection_task_1.json	2503	dd9695a4cfcc028e9f9ae08a98c7c5b0f13a567c3aa565c962acdb1a6d372076
external/AgentWatcher_armc_runtime_v1/results/agent_evaluations/agentdojo/A15B0_ARMC_SCI_IMPORTANT_INSTRUCTIONS_200/gpt-4o-mini-piarena-agentwatcher/workspace/user_task_30/important_instructions/injection_task_10.json	2502	b2adcc4bd9dbcf4a9484262599f51809a9ad21c3c3fa10600d432cbb8b47fba3
external/AgentWatcher_armc_runtime_v1/results/agent_evaluations/agentdojo/A15B0_ARMC_SCI_IMPORTANT_INSTRUCTIONS_200/gpt-4o-mini-piarena-agentwatcher/workspace/user_task_31/important_instructions/injection_task_12.json	7361	41001e921fce9be5e726242c2ca77a03c09f9c7d72c9706bcbd0e6437ae42259
external/AgentWatcher_armc_runtime_v1/results/agent_evaluations/agentdojo/A15B0_ARMC_SCI_IMPORTANT_INSTRUCTIONS_200/gpt-4o-mini-piarena-agentwatcher/workspace/user_task_31/important_instructions/injection_task_8.json	2683	cb118b12dd0a55ff1ada44269788b3a983971f7995fe3713597fd7fc1e6ebbac
external/AgentWatcher_armc_runtime_v1/results/agent_evaluations/agentdojo/A15B0_ARMC_SCI_IMPORTANT_INSTRUCTIONS_200/gpt-4o-mini-piarena-agentwatcher/workspace/user_task_32/important_instructions/injection_task_13.json	9819	eabe578f52f456adf789c0b7fcaac9e137971cf90259efc4312e052ba6fbfc1a
external/AgentWatcher_armc_runtime_v1/results/agent_evaluations/agentdojo/A15B0_ARMC_SCI_IMPORTANT_INSTRUCTIONS_200/gpt-4o-mini-piarena-agentwatcher/workspace/user_task_32/important_instructions/injection_task_2.json	9106	6760a3c00118447a2cd0735029810b21aba6ec1ba59ad599f746836c194f985d
external/AgentWatcher_armc_runtime_v1/results/agent_evaluations/agentdojo/A15B0_ARMC_SCI_IMPORTANT_INSTRUCTIONS_200/gpt-4o-mini-piarena-agentwatcher/workspace/user_task_33/important_instructions/injection_task_12.json	2823	0433b8ebcca2a66cb2319db2233683d5ba22d9cb6421beeb7d86524be63e6207
external/AgentWatcher_armc_runtime_v1/results/agent_evaluations/agentdojo/A15B0_ARMC_SCI_IMPORTANT_INSTRUCTIONS_200/gpt-4o-mini-piarena-agentwatcher/workspace/user_task_33/important_instructions/injection_task_9.json	2917	2d4f4587fe30cb40c0eda8c82acd3349b98659ff6d86af66ee0872d2ecb66312
external/AgentWatcher_armc_runtime_v1/results/agent_evaluations/agentdojo/A15B0_ARMC_SCI_IMPORTANT_INSTRUCTIONS_200/gpt-4o-mini-piarena-agentwatcher/workspace/user_task_34/important_instructions/injection_task_13.json	2662	ff96dcb3f3ac263ecd803fce11f330f2e1bb5b83f4c479dc229b38a3dd078c1f
external/AgentWatcher_armc_runtime_v1/results/agent_evaluations/agentdojo/A15B0_ARMC_SCI_IMPORTANT_INSTRUCTIONS_200/gpt-4o-mini-piarena-agentwatcher/workspace/user_task_34/important_instructions/injection_task_2.json	2402	7b78406c397ee0a2acac69f69b4e0c85977db662fd021f8623e4462a166414bf
external/AgentWatcher_armc_runtime_v1/results/agent_evaluations/agentdojo/A15B0_ARMC_SCI_IMPORTANT_INSTRUCTIONS_200/gpt-4o-mini-piarena-agentwatcher/workspace/user_task_35/important_instructions/injection_task_11.json	4119	950525bd0aa667ab71749c120747fb913ebf66dcd3726dd763418b4a0304c7d3
external/AgentWatcher_armc_runtime_v1/results/agent_evaluations/agentdojo/A15B0_ARMC_SCI_IMPORTANT_INSTRUCTIONS_200/gpt-4o-mini-piarena-agentwatcher/workspace/user_task_35/important_instructions/injection_task_2.json	36917	d5e591e9ed49c4456fd9283584d924d91b6535b4cf22ec77acdd54afc241b325
external/AgentWatcher_armc_runtime_v1/results/agent_evaluations/agentdojo/A15B0_ARMC_SCI_IMPORTANT_INSTRUCTIONS_200/gpt-4o-mini-piarena-agentwatcher/workspace/user_task_35/important_instructions/injection_task_6.json	4095	557a2eec1a6ff2a4c64400ae31e664fa5ca959e68851a5895cbdb576df9e4563
external/AgentWatcher_armc_runtime_v1/results/agent_evaluations/agentdojo/A15B0_ARMC_SCI_IMPORTANT_INSTRUCTIONS_200/gpt-4o-mini-piarena-agentwatcher/workspace/user_task_36/important_instructions/injection_task_1.json	2613	bc7bd6f70a35959bea70dcc1250011f5da11ac8277d2893706b1977265c82422
external/AgentWatcher_armc_runtime_v1/results/agent_evaluations/agentdojo/A15B0_ARMC_SCI_IMPORTANT_INSTRUCTIONS_200/gpt-4o-mini-piarena-agentwatcher/workspace/user_task_36/important_instructions/injection_task_13.json	3073	7ded6fd5865f1d19153b4c6fbc16c5ae04e73e5db8865eed4769413c1acd7cc5
external/AgentWatcher_armc_runtime_v1/results/agent_evaluations/agentdojo/A15B0_ARMC_SCI_IMPORTANT_INSTRUCTIONS_200/gpt-4o-mini-piarena-agentwatcher/workspace/user_task_36/important_instructions/injection_task_7.json	2928	f8ce16553ba614dab0eff297fd3880a21a110ca45e36ef1292be31d6c77518b9
external/AgentWatcher_armc_runtime_v1/results/agent_evaluations/agentdojo/A15B0_ARMC_SCI_IMPORTANT_INSTRUCTIONS_200/gpt-4o-mini-piarena-agentwatcher/workspace/user_task_36/important_instructions/injection_task_8.json	2845	c42b8e3b177387a6fbb34f0de635aeeea95e7b4b7a05b00cdc184b2964dea073
external/AgentWatcher_armc_runtime_v1/results/agent_evaluations/agentdojo/A15B0_ARMC_SCI_IMPORTANT_INSTRUCTIONS_200/gpt-4o-mini-piarena-agentwatcher/workspace/user_task_37/important_instructions/injection_task_1.json	2785	fcf240c6ed299f8cdad37a49323f1144c93268b16f013d3d1ce61bc3fc92044a
external/AgentWatcher_armc_runtime_v1/results/agent_evaluations/agentdojo/A15B0_ARMC_SCI_IMPORTANT_INSTRUCTIONS_200/gpt-4o-mini-piarena-agentwatcher/workspace/user_task_37/important_instructions/injection_task_3.json	2885	01a01340491e4c26befeb9c3c202f7f65b59554179c69abc173bde6a78119cd3
external/AgentWatcher_armc_runtime_v1/results/agent_evaluations/agentdojo/A15B0_ARMC_SCI_IMPORTANT_INSTRUCTIONS_200/gpt-4o-mini-piarena-agentwatcher/workspace/user_task_38/important_instructions/injection_task_9.json	5453	4b99e04f67fde02a9bd87a05b13c46a51918c81b03bc00c75b590b1b636dc470
external/AgentWatcher_armc_runtime_v1/results/agent_evaluations/agentdojo/A15B0_ARMC_SCI_IMPORTANT_INSTRUCTIONS_200/gpt-4o-mini-piarena-agentwatcher/workspace/user_task_39/important_instructions/injection_task_0.json	2963	25c9d85c6047b9022ce66ac0e224e5e391a09fdb59d84d72c0beb725a1f358ae
external/AgentWatcher_armc_runtime_v1/results/agent_evaluations/agentdojo/A15B0_ARMC_SCI_IMPORTANT_INSTRUCTIONS_200/gpt-4o-mini-piarena-agentwatcher/workspace/user_task_39/important_instructions/injection_task_12.json	3540	30a8ccd47c8d831e00baa851e884ebcfa0fee03544b9afb8ae7844d4eae306fb
external/AgentWatcher_armc_runtime_v1/results/agent_evaluations/agentdojo/A15B0_ARMC_SCI_IMPORTANT_INSTRUCTIONS_200/gpt-4o-mini-piarena-agentwatcher/workspace/user_task_39/important_instructions/injection_task_3.json	3031	a586372249fcf6661e98acb6b4a7579af3e0d63118a5a6081268755b8ec3c562
external/AgentWatcher_armc_runtime_v1/results/agent_evaluations/agentdojo/A15B0_ARMC_SCI_IMPORTANT_INSTRUCTIONS_200/gpt-4o-mini-piarena-agentwatcher/workspace/user_task_39/important_instructions/injection_task_5.json	3042	5c8d5492bf34cbce043ff91e0a5970d1586d897814527fe686e08694c8963a92
external/AgentWatcher_armc_runtime_v1/results/agent_evaluations/agentdojo/A15B0_ARMC_SCI_IMPORTANT_INSTRUCTIONS_200/gpt-4o-mini-piarena-agentwatcher/workspace/user_task_4/important_instructions/injection_task_3.json	3204	b53b037f62f455048905d09e354d8cd68f33e4401a1ae0e037f9e5b8eb0ad15e
external/AgentWatcher_armc_runtime_v1/results/agent_evaluations/agentdojo/A15B0_ARMC_SCI_IMPORTANT_INSTRUCTIONS_200/gpt-4o-mini-piarena-agentwatcher/workspace/user_task_5/important_instructions/injection_task_1.json	5971	4b93f8a29077606cccc30a397cd63967ccd2f0520958236f45027408fa47aa0b
external/AgentWatcher_armc_runtime_v1/results/agent_evaluations/agentdojo/A15B0_ARMC_SCI_IMPORTANT_INSTRUCTIONS_200/gpt-4o-mini-piarena-agentwatcher/workspace/user_task_5/important_instructions/injection_task_11.json	2595	bcef6c96299e23f9be910d72d4c88d5e158e0a84902135e920569ec46280c1ba
external/AgentWatcher_armc_runtime_v1/results/agent_evaluations/agentdojo/A15B0_ARMC_SCI_IMPORTANT_INSTRUCTIONS_200/gpt-4o-mini-piarena-agentwatcher/workspace/user_task_5/important_instructions/injection_task_9.json	6845	78f49edf9ebbc7fc0e82c4bd203546c51f865c91ed92c3774aea38889a5202b5
external/AgentWatcher_armc_runtime_v1/results/agent_evaluations/agentdojo/A15B0_ARMC_SCI_IMPORTANT_INSTRUCTIONS_200/gpt-4o-mini-piarena-agentwatcher/workspace/user_task_6/important_instructions/injection_task_1.json	2505	10acb633b56e4d45fd328b039535188f6f0cee1201453652c14d314c150345b1
external/AgentWatcher_armc_runtime_v1/results/agent_evaluations/agentdojo/A15B0_ARMC_SCI_IMPORTANT_INSTRUCTIONS_200/gpt-4o-mini-piarena-agentwatcher/workspace/user_task_6/important_instructions/injection_task_10.json	2617	a794f7b7df0007f428e9a14ffbb128b0fca77f399d39b9001f9633a665586049
external/AgentWatcher_armc_runtime_v1/results/agent_evaluations/agentdojo/A15B0_ARMC_SCI_IMPORTANT_INSTRUCTIONS_200/gpt-4o-mini-piarena-agentwatcher/workspace/user_task_6/important_instructions/injection_task_11.json	2664	3a19c88548159e3bf62fc099f13fcb58f1c7286a3737205b59106dd201a907fb
external/AgentWatcher_armc_runtime_v1/results/agent_evaluations/agentdojo/A15B0_ARMC_SCI_IMPORTANT_INSTRUCTIONS_200/gpt-4o-mini-piarena-agentwatcher/workspace/user_task_6/important_instructions/injection_task_3.json	2490	33905c15213d6758384456fb03f87f4f649993a1d434a1c43535c6112ff6bcaf
external/AgentWatcher_armc_runtime_v1/results/agent_evaluations/agentdojo/A15B0_ARMC_SCI_IMPORTANT_INSTRUCTIONS_200/gpt-4o-mini-piarena-agentwatcher/workspace/user_task_7/important_instructions/injection_task_10.json	2354	3b8734f7b0f59e4f1cdbd649891a1b3084091e02d6b3eb7bafcc4996ad76fa3a
external/AgentWatcher_armc_runtime_v1/results/agent_evaluations/agentdojo/A15B0_ARMC_SCI_IMPORTANT_INSTRUCTIONS_200/gpt-4o-mini-piarena-agentwatcher/workspace/user_task_7/important_instructions/injection_task_11.json	2399	85cb175b3ff3141d14974c94bb59592394742d28dc2809fcd57743f86079d8e5
external/AgentWatcher_armc_runtime_v1/results/agent_evaluations/agentdojo/A15B0_ARMC_SCI_IMPORTANT_INSTRUCTIONS_200/gpt-4o-mini-piarena-agentwatcher/workspace/user_task_7/important_instructions/injection_task_5.json	2459	3abda21687cadf5be0e623d2033bf1651aa68e23668673a2ea0630919104186c
external/AgentWatcher_armc_runtime_v1/results/agent_evaluations/agentdojo/A15B0_ARMC_SCI_IMPORTANT_INSTRUCTIONS_200/gpt-4o-mini-piarena-agentwatcher/workspace/user_task_7/important_instructions/injection_task_9.json	2804	09a06c6ff70a9cf879cccc3786b8e9055bd356d1be21cbd0712ebfe095d510c3
external/AgentWatcher_armc_runtime_v1/results/agent_evaluations/agentdojo/A15B0_ARMC_SCI_IMPORTANT_INSTRUCTIONS_200/gpt-4o-mini-piarena-agentwatcher/workspace/user_task_8/important_instructions/injection_task_1.json	2326	ad2d7de3fb89192b71127cc4f629bb0fe4a735aa069b0f37a505ebfa082e7d73
external/AgentWatcher_armc_runtime_v1/results/agent_evaluations/agentdojo/A15B0_ARMC_SCI_IMPORTANT_INSTRUCTIONS_200/gpt-4o-mini-piarena-agentwatcher/workspace/user_task_8/important_instructions/injection_task_10.json	2439	3a8239b2095de326ec6a95104d8e14214a3b0f46e2d5f4e720ea194e0837cef7
external/AgentWatcher_armc_runtime_v1/results/agent_evaluations/agentdojo/A15B0_ARMC_SCI_IMPORTANT_INSTRUCTIONS_200/gpt-4o-mini-piarena-agentwatcher/workspace/user_task_8/important_instructions/injection_task_5.json	2430	a3dae46d09b70e01ab70e59d89e9de5ad8e23bc6229a656de37b809a273535a0
external/AgentWatcher_armc_runtime_v1/results/agent_evaluations/agentdojo/A15B0_ARMC_SCI_IMPORTANT_INSTRUCTIONS_200/gpt-4o-mini-piarena-agentwatcher/workspace/user_task_8/important_instructions/injection_task_6.json	2478	c9cda1d5cdeff8556a05e990fc15cf0080e0c0d46254023c5b97ac1392dfff2b
external/AgentWatcher_armc_runtime_v1/results/agent_evaluations/agentdojo/A15B0_ARMC_SCI_IMPORTANT_INSTRUCTIONS_200/gpt-4o-mini-piarena-agentwatcher/workspace/user_task_9/important_instructions/injection_task_0.json	2477	fc5c1b36b712b7262577585d35ed928bb6ca384a89234157c52bce27590f4efb
external/AgentWatcher_armc_runtime_v1/results/agent_evaluations/agentdojo/A15B0_ARMC_SCI_IMPORTANT_INSTRUCTIONS_200/gpt-4o-mini-piarena-agentwatcher/workspace/user_task_9/important_instructions/injection_task_2.json	2496	bdbf052f45e93b426407e0c91bd9fd390f7070cf4f5d71a48b28f3c6fa99c778
external/AgentWatcher_armc_runtime_v1/results/agent_evaluations/agentdojo/A15B0_ARMC_SCI_IMPORTANT_INSTRUCTIONS_200/gpt-4o-mini-piarena-agentwatcher/workspace/user_task_9/important_instructions/injection_task_5.json	2515	5ea9dd97eca50bd5d05c82183fe7638dae8f4f7a93ccab999bc2110bc18deb4c
external/AgentWatcher_armc_runtime_v1/results/agent_evaluations/agentdojo/A15B0_ARMC_SCI_TOOL_KNOWLEDGE_200/gpt-4o-mini-piarena-agentwatcher/banking/injection_task_0/none/none.json	5119	898a9deb6ebfe417b762bae41f3f92e9e93119c6f298bff21f53cf72c20a5d11
external/AgentWatcher_armc_runtime_v1/results/agent_evaluations/agentdojo/A15B0_ARMC_SCI_TOOL_KNOWLEDGE_200/gpt-4o-mini-piarena-agentwatcher/banking/injection_task_1/none/none.json	5085	7ff66aafe87b2a7e1c9d6e3be671d83fe4697b30e2276d2eca2d2de647f593b4
external/AgentWatcher_armc_runtime_v1/results/agent_evaluations/agentdojo/A15B0_ARMC_SCI_TOOL_KNOWLEDGE_200/gpt-4o-mini-piarena-agentwatcher/banking/injection_task_2/none/none.json	5062	0d9c4d8f2321598a07fb531cc66d4918dfc986214d03a30958573df95d11a2c8
external/AgentWatcher_armc_runtime_v1/results/agent_evaluations/agentdojo/A15B0_ARMC_SCI_TOOL_KNOWLEDGE_200/gpt-4o-mini-piarena-agentwatcher/banking/injection_task_3/none/none.json	6206	ef164448f14baa1271a6c3498c2f021351ec6c48bdca855ada9e1edfc0b5ce82
external/AgentWatcher_armc_runtime_v1/results/agent_evaluations/agentdojo/A15B0_ARMC_SCI_TOOL_KNOWLEDGE_200/gpt-4o-mini-piarena-agentwatcher/banking/injection_task_4/none/none.json	4252	d11c564e707d82a634de02537e958ba7b714c055209982cea3555387521b9594
external/AgentWatcher_armc_runtime_v1/results/agent_evaluations/agentdojo/A15B0_ARMC_SCI_TOOL_KNOWLEDGE_200/gpt-4o-mini-piarena-agentwatcher/banking/injection_task_5/none/none.json	4681	50aa99079a2b09d400be83f013046f704639c9b00573f8fded9f3eb84416f8a1
external/AgentWatcher_armc_runtime_v1/results/agent_evaluations/agentdojo/A15B0_ARMC_SCI_TOOL_KNOWLEDGE_200/gpt-4o-mini-piarena-agentwatcher/banking/injection_task_6/none/none.json	8429	def65ee465c06913d68e3df93b97fbec5e438432faf5145c111907846fed349d
external/AgentWatcher_armc_runtime_v1/results/agent_evaluations/agentdojo/A15B0_ARMC_SCI_TOOL_KNOWLEDGE_200/gpt-4o-mini-piarena-agentwatcher/banking/injection_task_7/none/none.json	2657	9e6009142dd240e3b8924cec2f15f5c21bb622f900ef26de18a1e8008898438a
external/AgentWatcher_armc_runtime_v1/results/agent_evaluations/agentdojo/A15B0_ARMC_SCI_TOOL_KNOWLEDGE_200/gpt-4o-mini-piarena-agentwatcher/banking/injection_task_8/none/none.json	5772	cbe13c9249898d0cdfab322fba2d7920dc6c42e076c97dafe89005529c7b3cb0
external/AgentWatcher_armc_runtime_v1/results/agent_evaluations/agentdojo/A15B0_ARMC_SCI_TOOL_KNOWLEDGE_200/gpt-4o-mini-piarena-agentwatcher/banking/user_task_0/tool_knowledge/injection_task_1.json	2686	9a30b840359cfb764ff66c120c44b17d14b79feb3007903b29ae9f311265b24e
external/AgentWatcher_armc_runtime_v1/results/agent_evaluations/agentdojo/A15B0_ARMC_SCI_TOOL_KNOWLEDGE_200/gpt-4o-mini-piarena-agentwatcher/banking/user_task_0/tool_knowledge/injection_task_4.json	2602	3477c62380e56771c4152be2ff7af6f2e8fd3086649a36e36682e2972186be21
external/AgentWatcher_armc_runtime_v1/results/agent_evaluations/agentdojo/A15B0_ARMC_SCI_TOOL_KNOWLEDGE_200/gpt-4o-mini-piarena-agentwatcher/banking/user_task_1/tool_knowledge/injection_task_5.json	5584	67d9013e54b46d565803138c762ac3ae6acae9205230e7098670acd0c627f20d
external/AgentWatcher_armc_runtime_v1/results/agent_evaluations/agentdojo/A15B0_ARMC_SCI_TOOL_KNOWLEDGE_200/gpt-4o-mini-piarena-agentwatcher/banking/user_task_10/tool_knowledge/injection_task_1.json	2674	b9c5937dc3f745e3ab271cb4f2d57dbf58b481668cf5a76abb30a8ea0686c6d0
external/AgentWatcher_armc_runtime_v1/results/agent_evaluations/agentdojo/A15B0_ARMC_SCI_TOOL_KNOWLEDGE_200/gpt-4o-mini-piarena-agentwatcher/banking/user_task_10/tool_knowledge/injection_task_4.json	2589	993d52168d6340bd98d913b9e53b1351a1a70a3f6cb631b5b86e76e8a3697906
external/AgentWatcher_armc_runtime_v1/results/agent_evaluations/agentdojo/A15B0_ARMC_SCI_TOOL_KNOWLEDGE_200/gpt-4o-mini-piarena-agentwatcher/banking/user_task_11/tool_knowledge/injection_task_5.json	2918	1e36a3d2cbaf882c4eb17ac64f93b7dc514de77c800614cedc54986f2b3c5caa
external/AgentWatcher_armc_runtime_v1/results/agent_evaluations/agentdojo/A15B0_ARMC_SCI_TOOL_KNOWLEDGE_200/gpt-4o-mini-piarena-agentwatcher/banking/user_task_13/tool_knowledge/injection_task_7.json	2451	bcb11e46dfec79b021976d06ca9e307742ff9d49d7e009ef714be9c457f75390
external/AgentWatcher_armc_runtime_v1/results/agent_evaluations/agentdojo/A15B0_ARMC_SCI_TOOL_KNOWLEDGE_200/gpt-4o-mini-piarena-agentwatcher/banking/user_task_13/tool_knowledge/injection_task_8.json	2787	c5ac33354ffda0cba6fe47110fd242d3521b8494e1ec76455e807c2633fe7115
external/AgentWatcher_armc_runtime_v1/results/agent_evaluations/agentdojo/A15B0_ARMC_SCI_TOOL_KNOWLEDGE_200/gpt-4o-mini-piarena-agentwatcher/banking/user_task_14/tool_knowledge/injection_task_0.json	2832	9e2fd513d8cdb696a5bafb36d5d30ccff81bb5a19c22e85349054a791b153ed3
external/AgentWatcher_armc_runtime_v1/results/agent_evaluations/agentdojo/A15B0_ARMC_SCI_TOOL_KNOWLEDGE_200/gpt-4o-mini-piarena-agentwatcher/banking/user_task_14/tool_knowledge/injection_task_2.json	2810	b73fd5e2252ba474588b62cd666ee738784aade30fbbb3e65249bdbb85877c19
external/AgentWatcher_armc_runtime_v1/results/agent_evaluations/agentdojo/A15B0_ARMC_SCI_TOOL_KNOWLEDGE_200/gpt-4o-mini-piarena-agentwatcher/banking/user_task_14/tool_knowledge/injection_task_5.json	2745	74448819e8224a362bff72402c09f00f1236cdc9d803aeae2f5409474669b1ce
external/AgentWatcher_armc_runtime_v1/results/agent_evaluations/agentdojo/A15B0_ARMC_SCI_TOOL_KNOWLEDGE_200/gpt-4o-mini-piarena-agentwatcher/banking/user_task_14/tool_knowledge/injection_task_8.json	2913	1bf43c1b25bbc1a6ffa5ea5d1bbabdf0be73d09bae72eb657c6abcdfb54b640d
external/AgentWatcher_armc_runtime_v1/results/agent_evaluations/agentdojo/A15B0_ARMC_SCI_TOOL_KNOWLEDGE_200/gpt-4o-mini-piarena-agentwatcher/banking/user_task_2/tool_knowledge/injection_task_0.json	2714	a6906f672a3a4fab5920c87f6082d26ff1831c355e62a491aef2f3b7dfc63fbb
external/AgentWatcher_armc_runtime_v1/results/agent_evaluations/agentdojo/A15B0_ARMC_SCI_TOOL_KNOWLEDGE_200/gpt-4o-mini-piarena-agentwatcher/banking/user_task_2/tool_knowledge/injection_task_3.json	2683	406dbba4494334a7c595eed6bac93f3aad1fdfa0c0a04703cbd562f4856b25e7
external/AgentWatcher_armc_runtime_v1/results/agent_evaluations/agentdojo/A15B0_ARMC_SCI_TOOL_KNOWLEDGE_200/gpt-4o-mini-piarena-agentwatcher/banking/user_task_3/tool_knowledge/injection_task_6.json	3166	c873f1dd9aecb782703463ffdd58bde8dcf1abd7c221036e5f91666f7035b4a5
external/AgentWatcher_armc_runtime_v1/results/agent_evaluations/agentdojo/A15B0_ARMC_SCI_TOOL_KNOWLEDGE_200/gpt-4o-mini-piarena-agentwatcher/banking/user_task_3/tool_knowledge/injection_task_8.json	2944	7acaa7ddb2d8a99aa499c500bdc93bc9891a9bd1b2110916b9e9407aa7830076
external/AgentWatcher_armc_runtime_v1/results/agent_evaluations/agentdojo/A15B0_ARMC_SCI_TOOL_KNOWLEDGE_200/gpt-4o-mini-piarena-agentwatcher/banking/user_task_4/tool_knowledge/injection_task_0.json	2814	f780fa62142d0bc37f2721a5cde5588e1f6969a18c26a81639741222b99b6d2f
external/AgentWatcher_armc_runtime_v1/results/agent_evaluations/agentdojo/A15B0_ARMC_SCI_TOOL_KNOWLEDGE_200/gpt-4o-mini-piarena-agentwatcher/banking/user_task_4/tool_knowledge/injection_task_2.json	2675	6f60bb0d883e94e8e73d57b719c3795db0cac27cf1fbf3fecac1bce906ba850a
external/AgentWatcher_armc_runtime_v1/results/agent_evaluations/agentdojo/A15B0_ARMC_SCI_TOOL_KNOWLEDGE_200/gpt-4o-mini-piarena-agentwatcher/banking/user_task_4/tool_knowledge/injection_task_3.json	2783	fa9ee4c40e66e6c06780eefde3f6ac60864f177b6169cbf18635c1028e44ea68
external/AgentWatcher_armc_runtime_v1/results/agent_evaluations/agentdojo/A15B0_ARMC_SCI_TOOL_KNOWLEDGE_200/gpt-4o-mini-piarena-agentwatcher/banking/user_task_5/tool_knowledge/injection_task_1.json	2801	0e57112a8f328d87cafc75d420ae8a48152ea19bffe192299a57636d0cfa7f1c
external/AgentWatcher_armc_runtime_v1/results/agent_evaluations/agentdojo/A15B0_ARMC_SCI_TOOL_KNOWLEDGE_200/gpt-4o-mini-piarena-agentwatcher/banking/user_task_5/tool_knowledge/injection_task_2.json	2781	90e88ac9622783861abc7a966fb62b33272abd991fa046b621f04a5c4782db2d
external/AgentWatcher_armc_runtime_v1/results/agent_evaluations/agentdojo/A15B0_ARMC_SCI_TOOL_KNOWLEDGE_200/gpt-4o-mini-piarena-agentwatcher/banking/user_task_6/tool_knowledge/injection_task_0.json	2841	2d3e950395d5d692d7e2c651229003768a47cc6bd3d6ddf2c15d28144cad2874
external/AgentWatcher_armc_runtime_v1/results/agent_evaluations/agentdojo/A15B0_ARMC_SCI_TOOL_KNOWLEDGE_200/gpt-4o-mini-piarena-agentwatcher/banking/user_task_6/tool_knowledge/injection_task_4.json	2757	c67b3ce4870632369bb2b7bead36ef02d0bfcbc8025d902de4df50125732d6fb
external/AgentWatcher_armc_runtime_v1/results/agent_evaluations/agentdojo/A15B0_ARMC_SCI_TOOL_KNOWLEDGE_200/gpt-4o-mini-piarena-agentwatcher/banking/user_task_6/tool_knowledge/injection_task_5.json	2756	82263244147bda69031ecbe37c101018cfbc0b2587aff094603934e2b334dd0d
external/AgentWatcher_armc_runtime_v1/results/agent_evaluations/agentdojo/A15B0_ARMC_SCI_TOOL_KNOWLEDGE_200/gpt-4o-mini-piarena-agentwatcher/banking/user_task_6/tool_knowledge/injection_task_8.json	2923	4c14abdb0b562b2b476710a859d8a4301bbd213a3f1986c0b4b3040d76771aeb
external/AgentWatcher_armc_runtime_v1/results/agent_evaluations/agentdojo/A15B0_ARMC_SCI_TOOL_KNOWLEDGE_200/gpt-4o-mini-piarena-agentwatcher/banking/user_task_7/tool_knowledge/injection_task_1.json	5316	adc39448b8c2b9c655a8ef798e20d1163c4dc86a57c31756427ffb701746f1d5
external/AgentWatcher_armc_runtime_v1/results/agent_evaluations/agentdojo/A15B0_ARMC_SCI_TOOL_KNOWLEDGE_200/gpt-4o-mini-piarena-agentwatcher/banking/user_task_7/tool_knowledge/injection_task_5.json	5144	b5eb2d5188fd5a4ff665e1f65baf6d4309df19b9b006c1e92be8bbb945eb8d1c
external/AgentWatcher_armc_runtime_v1/results/agent_evaluations/agentdojo/A15B0_ARMC_SCI_TOOL_KNOWLEDGE_200/gpt-4o-mini-piarena-agentwatcher/banking/user_task_8/tool_knowledge/injection_task_1.json	2738	04dab2119e8a38151fd6c57141d9831046851187e87f35068207d540baaa877d
external/AgentWatcher_armc_runtime_v1/results/agent_evaluations/agentdojo/A15B0_ARMC_SCI_TOOL_KNOWLEDGE_200/gpt-4o-mini-piarena-agentwatcher/banking/user_task_8/tool_knowledge/injection_task_5.json	5796	b101b48c235bd8bcaa20d0cd45edc1547fa2a93c7c56d8a434c0db99c3c67d24
external/AgentWatcher_armc_runtime_v1/results/agent_evaluations/agentdojo/A15B0_ARMC_SCI_TOOL_KNOWLEDGE_200/gpt-4o-mini-piarena-agentwatcher/banking/user_task_9/tool_knowledge/injection_task_0.json	5112	34912f7a06233270c504e6b0121eb6b2c24745b6cfdb94ac5bed21766efe71c2
external/AgentWatcher_armc_runtime_v1/results/agent_evaluations/agentdojo/A15B0_ARMC_SCI_TOOL_KNOWLEDGE_200/gpt-4o-mini-piarena-agentwatcher/banking/user_task_9/tool_knowledge/injection_task_3.json	4885	e08d0f6f4cdca84382e95fa6df6eba338c1420f7916211db451f60e219e4af2d
external/AgentWatcher_armc_runtime_v1/results/agent_evaluations/agentdojo/A15B0_ARMC_SCI_TOOL_KNOWLEDGE_200/gpt-4o-mini-piarena-agentwatcher/banking/user_task_9/tool_knowledge/injection_task_5.json	4119	eb8ada73137229ac80c500abfbb0a8ee71f734c1761e29fef83b8be19bbc1512
external/AgentWatcher_armc_runtime_v1/results/agent_evaluations/agentdojo/A15B0_ARMC_SCI_TOOL_KNOWLEDGE_200/gpt-4o-mini-piarena-agentwatcher/slack/injection_task_1/none/none.json	2824	6dba90fb079a740b35f7ab5d365faefe8b85b5eddfdc5766214d5584aca8c95d
external/AgentWatcher_armc_runtime_v1/results/agent_evaluations/agentdojo/A15B0_ARMC_SCI_TOOL_KNOWLEDGE_200/gpt-4o-mini-piarena-agentwatcher/slack/injection_task_2/none/none.json	9288	f39f62ef1f60fcfc0013bbf64b45a7c355e8e7212bb80b1f1b36e9a3bbe56bb8
external/AgentWatcher_armc_runtime_v1/results/agent_evaluations/agentdojo/A15B0_ARMC_SCI_TOOL_KNOWLEDGE_200/gpt-4o-mini-piarena-agentwatcher/slack/injection_task_3/none/none.json	2770	1c4c8300a9ffbed58dcbe87af829c228480ac585ec97ccf472e0c56b68555bcb
external/AgentWatcher_armc_runtime_v1/results/agent_evaluations/agentdojo/A15B0_ARMC_SCI_TOOL_KNOWLEDGE_200/gpt-4o-mini-piarena-agentwatcher/slack/injection_task_4/none/none.json	5743	2513da19a4cf9a79a1e418bdb9752f55c7a7a525162cf986b967f8b902bf796a
external/AgentWatcher_armc_runtime_v1/results/agent_evaluations/agentdojo/A15B0_ARMC_SCI_TOOL_KNOWLEDGE_200/gpt-4o-mini-piarena-agentwatcher/slack/injection_task_5/none/none.json	5782	1e2c0608e4a156a9f0f2200d18cb15d9c6c0e7ce46dd53d40af7da844c512b87
external/AgentWatcher_armc_runtime_v1/results/agent_evaluations/agentdojo/A15B0_ARMC_SCI_TOOL_KNOWLEDGE_200/gpt-4o-mini-piarena-agentwatcher/slack/user_task_1/tool_knowledge/injection_task_1.json	2731	a40f06d3ff9d1c058ecc79f426682855622d9136b4742e0508d4f516c728a478
external/AgentWatcher_armc_runtime_v1/results/agent_evaluations/agentdojo/A15B0_ARMC_SCI_TOOL_KNOWLEDGE_200/gpt-4o-mini-piarena-agentwatcher/slack/user_task_1/tool_knowledge/injection_task_4.json	2984	47f6bd94acc266e76d2a93780bc0725eeec4ec4c09961f866ef5d95e06b67aff
external/AgentWatcher_armc_runtime_v1/results/agent_evaluations/agentdojo/A15B0_ARMC_SCI_TOOL_KNOWLEDGE_200/gpt-4o-mini-piarena-agentwatcher/slack/user_task_10/tool_knowledge/injection_task_3.json	2508	cde44775c5bb305ce90d4cd3716fed1b7128ef9ff9626f5dd9ee17e200773e98
external/AgentWatcher_armc_runtime_v1/results/agent_evaluations/agentdojo/A15B0_ARMC_SCI_TOOL_KNOWLEDGE_200/gpt-4o-mini-piarena-agentwatcher/slack/user_task_11/tool_knowledge/injection_task_5.json	6944	afa733a4556c5265bd9c174e33f405c168062189fd42674104a82c03af25f89c
external/AgentWatcher_armc_runtime_v1/results/agent_evaluations/agentdojo/A15B0_ARMC_SCI_TOOL_KNOWLEDGE_200/gpt-4o-mini-piarena-agentwatcher/slack/user_task_12/tool_knowledge/injection_task_1.json	2514	02494c94ba323c39e034f2e5921c2aa4a3e3271a092495cb0513ce1905c117f8
external/AgentWatcher_armc_runtime_v1/results/agent_evaluations/agentdojo/A15B0_ARMC_SCI_TOOL_KNOWLEDGE_200/gpt-4o-mini-piarena-agentwatcher/slack/user_task_12/tool_knowledge/injection_task_2.json	3014	786a77f542dffc15bd5df1d1ce6a040b1fe942e4bf77c1d961fc7f78b8e2756e
external/AgentWatcher_armc_runtime_v1/results/agent_evaluations/agentdojo/A15B0_ARMC_SCI_TOOL_KNOWLEDGE_200/gpt-4o-mini-piarena-agentwatcher/slack/user_task_12/tool_knowledge/injection_task_4.json	2654	ba269e415779144d549abc0d49efd2b5c203d9649e6d50356f37cdf89d830d73
external/AgentWatcher_armc_runtime_v1/results/agent_evaluations/agentdojo/A15B0_ARMC_SCI_TOOL_KNOWLEDGE_200/gpt-4o-mini-piarena-agentwatcher/slack/user_task_13/tool_knowledge/injection_task_5.json	2844	d9533b96e2804af4197deacab629612c9f1b1763b79e7f1d90e20f87e2d46a83
external/AgentWatcher_armc_runtime_v1/results/agent_evaluations/agentdojo/A15B0_ARMC_SCI_TOOL_KNOWLEDGE_200/gpt-4o-mini-piarena-agentwatcher/slack/user_task_15/tool_knowledge/injection_task_1.json	3467	ec209fcb381b59fb76bed023eaf91403d191eeeabe307c7e0db872e38f687c57
external/AgentWatcher_armc_runtime_v1/results/agent_evaluations/agentdojo/A15B0_ARMC_SCI_TOOL_KNOWLEDGE_200/gpt-4o-mini-piarena-agentwatcher/slack/user_task_15/tool_knowledge/injection_task_5.json	4028	01112f1d52ef8142cbcabfc997ba969994da07186135f5458e854328fbc4c3dc
external/AgentWatcher_armc_runtime_v1/results/agent_evaluations/agentdojo/A15B0_ARMC_SCI_TOOL_KNOWLEDGE_200/gpt-4o-mini-piarena-agentwatcher/slack/user_task_16/tool_knowledge/injection_task_4.json	3622	7a0c0c6c874a5ecf8a4233de05504fd6c790eebd7626ca8406375aa1ab29cd88
external/AgentWatcher_armc_runtime_v1/results/agent_evaluations/agentdojo/A15B0_ARMC_SCI_TOOL_KNOWLEDGE_200/gpt-4o-mini-piarena-agentwatcher/slack/user_task_17/tool_knowledge/injection_task_3.json	3214	ceda32edd44c723ed355d054d3c14190bb146d87573b8f1e552f137f8134a1d9
external/AgentWatcher_armc_runtime_v1/results/agent_evaluations/agentdojo/A15B0_ARMC_SCI_TOOL_KNOWLEDGE_200/gpt-4o-mini-piarena-agentwatcher/slack/user_task_17/tool_knowledge/injection_task_4.json	3588	4adb146d69e69d865a63669c86adb61e748ae94c2d67375220db5003208536b3
external/AgentWatcher_armc_runtime_v1/results/agent_evaluations/agentdojo/A15B0_ARMC_SCI_TOOL_KNOWLEDGE_200/gpt-4o-mini-piarena-agentwatcher/slack/user_task_18/tool_knowledge/injection_task_2.json	4337	51545109140d4ddedfede1acf29e4be54f759c935c30661bcf2ad70ddf6e1a89
external/AgentWatcher_armc_runtime_v1/results/agent_evaluations/agentdojo/A15B0_ARMC_SCI_TOOL_KNOWLEDGE_200/gpt-4o-mini-piarena-agentwatcher/slack/user_task_18/tool_knowledge/injection_task_3.json	3242	6512e51a73c8b5ffec9e69dd82213f54dba632b46ff6645feea32f03ae1fabed
external/AgentWatcher_armc_runtime_v1/results/agent_evaluations/agentdojo/A15B0_ARMC_SCI_TOOL_KNOWLEDGE_200/gpt-4o-mini-piarena-agentwatcher/slack/user_task_19/tool_knowledge/injection_task_1.json	2530	602b5837404317c5156e4b6d12257827a1d85be8c8f312f9b8f6acbb0db89c85
external/AgentWatcher_armc_runtime_v1/results/agent_evaluations/agentdojo/A15B0_ARMC_SCI_TOOL_KNOWLEDGE_200/gpt-4o-mini-piarena-agentwatcher/slack/user_task_19/tool_knowledge/injection_task_2.json	3031	b5345fd03dac268406c96b9314ce4b34be97ada8729b333db86d9e8bab4762dd
external/AgentWatcher_armc_runtime_v1/results/agent_evaluations/agentdojo/A15B0_ARMC_SCI_TOOL_KNOWLEDGE_200/gpt-4o-mini-piarena-agentwatcher/slack/user_task_19/tool_knowledge/injection_task_3.json	2484	167df0f17de517fa7e5009ddea333b640bdea19a6f35efd4c0519e61c8079f49
external/AgentWatcher_armc_runtime_v1/results/agent_evaluations/agentdojo/A15B0_ARMC_SCI_TOOL_KNOWLEDGE_200/gpt-4o-mini-piarena-agentwatcher/slack/user_task_19/tool_knowledge/injection_task_5.json	2810	ffee364f907a73ebc4c5577b6b02be60cc73894b5a15e885a1e9026949572ad9
external/AgentWatcher_armc_runtime_v1/results/agent_evaluations/agentdojo/A15B0_ARMC_SCI_TOOL_KNOWLEDGE_200/gpt-4o-mini-piarena-agentwatcher/slack/user_task_2/tool_knowledge/injection_task_1.json	2506	f64522a51f5a458a6a01ab5bd0db79dbac94554e3e4595ce35f1b9ecc8306736
external/AgentWatcher_armc_runtime_v1/results/agent_evaluations/agentdojo/A15B0_ARMC_SCI_TOOL_KNOWLEDGE_200/gpt-4o-mini-piarena-agentwatcher/slack/user_task_20/tool_knowledge/injection_task_4.json	5697	91eaae00677259803ef3b5154a1d891669f722c0ad86a20d925ce0c58090901f
external/AgentWatcher_armc_runtime_v1/results/agent_evaluations/agentdojo/A15B0_ARMC_SCI_TOOL_KNOWLEDGE_200/gpt-4o-mini-piarena-agentwatcher/slack/user_task_20/tool_knowledge/injection_task_5.json	6257	f14ab16db3a54da3dad652066b543061e86b6db218429fa59b3c50ae8196f531
external/AgentWatcher_armc_runtime_v1/results/agent_evaluations/agentdojo/A15B0_ARMC_SCI_TOOL_KNOWLEDGE_200/gpt-4o-mini-piarena-agentwatcher/slack/user_task_3/tool_knowledge/injection_task_2.json	3004	6ab2a873606acaa7342dca39807b8cea8120420cb3caf125e0c5b7ee81461308
external/AgentWatcher_armc_runtime_v1/results/agent_evaluations/agentdojo/A15B0_ARMC_SCI_TOOL_KNOWLEDGE_200/gpt-4o-mini-piarena-agentwatcher/slack/user_task_3/tool_knowledge/injection_task_3.json	2458	dd706adf3c8b927933fff85f613eff7440c715bb5f4896ec08c422553cdc7947
external/AgentWatcher_armc_runtime_v1/results/agent_evaluations/agentdojo/A15B0_ARMC_SCI_TOOL_KNOWLEDGE_200/gpt-4o-mini-piarena-agentwatcher/slack/user_task_4/tool_knowledge/injection_task_4.json	2871	2ebdfddea009201087b8249a600fdbb68d4f7617694572162f7ff87efb894685
external/AgentWatcher_armc_runtime_v1/results/agent_evaluations/agentdojo/A15B0_ARMC_SCI_TOOL_KNOWLEDGE_200/gpt-4o-mini-piarena-agentwatcher/slack/user_task_6/tool_knowledge/injection_task_3.json	2798	b02657a610c1716373905032bff14ef12ca007127aa678fa070222831c0d2880
external/AgentWatcher_armc_runtime_v1/results/agent_evaluations/agentdojo/A15B0_ARMC_SCI_TOOL_KNOWLEDGE_200/gpt-4o-mini-piarena-agentwatcher/slack/user_task_7/tool_knowledge/injection_task_2.json	2981	8af1de68ef575a97f7648aaba83bfc2fdef62bf7b4baace17ff1668ab968014f
external/AgentWatcher_armc_runtime_v1/results/agent_evaluations/agentdojo/A15B0_ARMC_SCI_TOOL_KNOWLEDGE_200/gpt-4o-mini-piarena-agentwatcher/slack/user_task_8/tool_knowledge/injection_task_2.json	3038	0be03f4f7a87caf17f78156102e964d076dcd119c8d933a6980ea4097cb0d9fc
external/AgentWatcher_armc_runtime_v1/results/agent_evaluations/agentdojo/A15B0_ARMC_SCI_TOOL_KNOWLEDGE_200/gpt-4o-mini-piarena-agentwatcher/slack/user_task_9/tool_knowledge/injection_task_2.json	3014	30c598cf47fcf16b06f5365243b8ab700f17d4068937e256634bc2310f9cb28d
external/AgentWatcher_armc_runtime_v1/results/agent_evaluations/agentdojo/A15B0_ARMC_SCI_TOOL_KNOWLEDGE_200/gpt-4o-mini-piarena-agentwatcher/travel/injection_task_0/none/none.json	3182	5bc174d0755f142e285ed6047ed4a0e9e14162c9d0bf8679cd9297036ef64234
external/AgentWatcher_armc_runtime_v1/results/agent_evaluations/agentdojo/A15B0_ARMC_SCI_TOOL_KNOWLEDGE_200/gpt-4o-mini-piarena-agentwatcher/travel/injection_task_1/none/none.json	5157	0ad49f8ed6ed46d25ddca11a0e18192c17dc94d4ba53d87069cb309c1afb905b
external/AgentWatcher_armc_runtime_v1/results/agent_evaluations/agentdojo/A15B0_ARMC_SCI_TOOL_KNOWLEDGE_200/gpt-4o-mini-piarena-agentwatcher/travel/injection_task_2/none/none.json	3745	11ae3da8bba89566b8810259ab2afdbda20494957c7a389a1c32c851c178a10f
external/AgentWatcher_armc_runtime_v1/results/agent_evaluations/agentdojo/A15B0_ARMC_SCI_TOOL_KNOWLEDGE_200/gpt-4o-mini-piarena-agentwatcher/travel/injection_task_3/none/none.json	6022	90a4f9e3689cd248ecaa8258fad1f9fabf3b146af2fd3fc2767ff4b69fbbc184
external/AgentWatcher_armc_runtime_v1/results/agent_evaluations/agentdojo/A15B0_ARMC_SCI_TOOL_KNOWLEDGE_200/gpt-4o-mini-piarena-agentwatcher/travel/injection_task_4/none/none.json	5677	c5a57363e430184eff3bf035aaa672a3c14423cc06cd500f2d1649a4fb1475b4
external/AgentWatcher_armc_runtime_v1/results/agent_evaluations/agentdojo/A15B0_ARMC_SCI_TOOL_KNOWLEDGE_200/gpt-4o-mini-piarena-agentwatcher/travel/injection_task_5/none/none.json	2265	7ded8f5740355852d65462752fd564bdbf6c46d98e4cab926212bbe4dfb05899
external/AgentWatcher_armc_runtime_v1/results/agent_evaluations/agentdojo/A15B0_ARMC_SCI_TOOL_KNOWLEDGE_200/gpt-4o-mini-piarena-agentwatcher/travel/injection_task_6/none/none.json	1761	342434a82b295cbad86758554cb3af0d5c70fb9681a6afe0278c51493b37f338
external/AgentWatcher_armc_runtime_v1/results/agent_evaluations/agentdojo/A15B0_ARMC_SCI_TOOL_KNOWLEDGE_200/gpt-4o-mini-piarena-agentwatcher/travel/user_task_0/tool_knowledge/injection_task_4.json	2958	4a47bdbbf4d0b2df46d78ad954e5501fa5e4a63183cfac503a1a1079a3bde51b
external/AgentWatcher_armc_runtime_v1/results/agent_evaluations/agentdojo/A15B0_ARMC_SCI_TOOL_KNOWLEDGE_200/gpt-4o-mini-piarena-agentwatcher/travel/user_task_0/tool_knowledge/injection_task_5.json	3379	58104dc6bc782c34dc2f699ecdf4e615a0974525af65912baf57c94f3d203e60
external/AgentWatcher_armc_runtime_v1/results/agent_evaluations/agentdojo/A15B0_ARMC_SCI_TOOL_KNOWLEDGE_200/gpt-4o-mini-piarena-agentwatcher/travel/user_task_1/tool_knowledge/injection_task_2.json	3017	11443f097f632d976185444b5959fafe499631b3b96218703ca0a03851283e12
external/AgentWatcher_armc_runtime_v1/results/agent_evaluations/agentdojo/A15B0_ARMC_SCI_TOOL_KNOWLEDGE_200/gpt-4o-mini-piarena-agentwatcher/travel/user_task_10/tool_knowledge/injection_task_2.json	3222	35b7b6020890bfcc99042785f030870093c66bd60de999f6c728f845c8cac317
external/AgentWatcher_armc_runtime_v1/results/agent_evaluations/agentdojo/A15B0_ARMC_SCI_TOOL_KNOWLEDGE_200/gpt-4o-mini-piarena-agentwatcher/travel/user_task_11/tool_knowledge/injection_task_2.json	18786	c56f4e15b0d8fc6f11812410d92307cdbbce8865889e6d6d5ede39974c783e8f
external/AgentWatcher_armc_runtime_v1/results/agent_evaluations/agentdojo/A15B0_ARMC_SCI_TOOL_KNOWLEDGE_200/gpt-4o-mini-piarena-agentwatcher/travel/user_task_11/tool_knowledge/injection_task_4.json	18663	eae475e4e558e4b887c24422014e8fadb4de849eeb0b51c7cf9f836d9ca546a4
external/AgentWatcher_armc_runtime_v1/results/agent_evaluations/agentdojo/A15B0_ARMC_SCI_TOOL_KNOWLEDGE_200/gpt-4o-mini-piarena-agentwatcher/travel/user_task_11/tool_knowledge/injection_task_5.json	6745	d3a9bd7c53c7509e6707a64cf4cb3da56ef5d54433f981f0317adba7c6143927
external/AgentWatcher_armc_runtime_v1/results/agent_evaluations/agentdojo/A15B0_ARMC_SCI_TOOL_KNOWLEDGE_200/gpt-4o-mini-piarena-agentwatcher/travel/user_task_12/tool_knowledge/injection_task_5.json	9379	df02bf807d4bf07170e734ac46e87a291846bf353643a574ad4d368a4483cad3
external/AgentWatcher_armc_runtime_v1/results/agent_evaluations/agentdojo/A15B0_ARMC_SCI_TOOL_KNOWLEDGE_200/gpt-4o-mini-piarena-agentwatcher/travel/user_task_13/tool_knowledge/injection_task_2.json	3062	268ff4190602dd04bc33f5817a547937ce7bcfa0f6dabd8828895765b4400924
external/AgentWatcher_armc_runtime_v1/results/agent_evaluations/agentdojo/A15B0_ARMC_SCI_TOOL_KNOWLEDGE_200/gpt-4o-mini-piarena-agentwatcher/travel/user_task_13/tool_knowledge/injection_task_3.json	3375	9e5177ba679c1867d17fffcf66d72ca9105793b3d7f19b6e133f8a80b73b4131
external/AgentWatcher_armc_runtime_v1/results/agent_evaluations/agentdojo/A15B0_ARMC_SCI_TOOL_KNOWLEDGE_200/gpt-4o-mini-piarena-agentwatcher/travel/user_task_13/tool_knowledge/injection_task_4.json	12269	63519bb2fac7405c7c62bbd64b822ff9d68d59d39eb263aa60d0301694c3b548
external/AgentWatcher_armc_runtime_v1/results/agent_evaluations/agentdojo/A15B0_ARMC_SCI_TOOL_KNOWLEDGE_200/gpt-4o-mini-piarena-agentwatcher/travel/user_task_14/tool_knowledge/injection_task_4.json	3215	d4416d4c42afb740695a8ca704ef4c14837fc4bd92b9ee477041baf518df2bbe
external/AgentWatcher_armc_runtime_v1/results/agent_evaluations/agentdojo/A15B0_ARMC_SCI_TOOL_KNOWLEDGE_200/gpt-4o-mini-piarena-agentwatcher/travel/user_task_14/tool_knowledge/injection_task_6.json	2854	f3dab9bc507a3d2b1bbbfe6d7ba1656a026f04051fbf3fda3d3d57bf37bd5620
external/AgentWatcher_armc_runtime_v1/results/agent_evaluations/agentdojo/A15B0_ARMC_SCI_TOOL_KNOWLEDGE_200/gpt-4o-mini-piarena-agentwatcher/travel/user_task_15/tool_knowledge/injection_task_5.json	5157	3f113548fc358fbcfa53f910511a8e03a3892829bd960cb0af3ddfb3a56edace
external/AgentWatcher_armc_runtime_v1/results/agent_evaluations/agentdojo/A15B0_ARMC_SCI_TOOL_KNOWLEDGE_200/gpt-4o-mini-piarena-agentwatcher/travel/user_task_15/tool_knowledge/injection_task_6.json	3590	de08957c7c7973ca8a0e25571ab007ef03480e9944759fa1875823fec346c15a
external/AgentWatcher_armc_runtime_v1/results/agent_evaluations/agentdojo/A15B0_ARMC_SCI_TOOL_KNOWLEDGE_200/gpt-4o-mini-piarena-agentwatcher/travel/user_task_16/tool_knowledge/injection_task_4.json	3205	ca50745d9c97555b2511b50ae367c53a1aa94941520afae28319a3ae3950e364
external/AgentWatcher_armc_runtime_v1/results/agent_evaluations/agentdojo/A15B0_ARMC_SCI_TOOL_KNOWLEDGE_200/gpt-4o-mini-piarena-agentwatcher/travel/user_task_18/tool_knowledge/injection_task_5.json	14881	de66eff4b0d9097c65bc753fe3eeceb477491ea4812b244050963fc50a7dfcc7
external/AgentWatcher_armc_runtime_v1/results/agent_evaluations/agentdojo/A15B0_ARMC_SCI_TOOL_KNOWLEDGE_200/gpt-4o-mini-piarena-agentwatcher/travel/user_task_18/tool_knowledge/injection_task_6.json	2940	edd06ace05ae41917bf97715ab69e90c967a0d6cc627c3551497e5b78b218124
external/AgentWatcher_armc_runtime_v1/results/agent_evaluations/agentdojo/A15B0_ARMC_SCI_TOOL_KNOWLEDGE_200/gpt-4o-mini-piarena-agentwatcher/travel/user_task_19/tool_knowledge/injection_task_2.json	11510	adcfea0047f83946f2b1ff6388ab880daf65df00be9a2060b0e838cc5f378b93
external/AgentWatcher_armc_runtime_v1/results/agent_evaluations/agentdojo/A15B0_ARMC_SCI_TOOL_KNOWLEDGE_200/gpt-4o-mini-piarena-agentwatcher/travel/user_task_19/tool_knowledge/injection_task_4.json	11990	5d4a4ffbaa29dcfb7c7545c287952bc391f3451e92095b6fc7ae75af76565663
external/AgentWatcher_armc_runtime_v1/results/agent_evaluations/agentdojo/A15B0_ARMC_SCI_TOOL_KNOWLEDGE_200/gpt-4o-mini-piarena-agentwatcher/travel/user_task_19/tool_knowledge/injection_task_5.json	40307	7a7988d99de0d1785ba07f45b1a2e13f29e9eb04791e3999ba8116956e2bea33
external/AgentWatcher_armc_runtime_v1/results/agent_evaluations/agentdojo/A15B0_ARMC_SCI_TOOL_KNOWLEDGE_200/gpt-4o-mini-piarena-agentwatcher/travel/user_task_2/tool_knowledge/injection_task_5.json	6313	77faa16bb028b438511b0b0eba6d8b52138fd71b062aff6be395457570b65b76
external/AgentWatcher_armc_runtime_v1/results/agent_evaluations/agentdojo/A15B0_ARMC_SCI_TOOL_KNOWLEDGE_200/gpt-4o-mini-piarena-agentwatcher/travel/user_task_2/tool_knowledge/injection_task_6.json	4079	690970ad1af7ab8090bf7fe63e1df3115bb229e335e00e6a1448b23731f816c1
external/AgentWatcher_armc_runtime_v1/results/agent_evaluations/agentdojo/A15B0_ARMC_SCI_TOOL_KNOWLEDGE_200/gpt-4o-mini-piarena-agentwatcher/travel/user_task_4/tool_knowledge/injection_task_2.json	4193	d4d4ca5a05a2f8ef8ef0f417d19b47b6fee7559019b4a5c5b53f6815b6dc8156
external/AgentWatcher_armc_runtime_v1/results/agent_evaluations/agentdojo/A15B0_ARMC_SCI_TOOL_KNOWLEDGE_200/gpt-4o-mini-piarena-agentwatcher/travel/user_task_5/tool_knowledge/injection_task_1.json	16328	df998d201d98197937188e8d099f30dfaa20ab63a8dabfe5c3d1e8296ed2d1ca
external/AgentWatcher_armc_runtime_v1/results/agent_evaluations/agentdojo/A15B0_ARMC_SCI_TOOL_KNOWLEDGE_200/gpt-4o-mini-piarena-agentwatcher/travel/user_task_5/tool_knowledge/injection_task_2.json	16776	262f1878f65f4f64c74d0dfdaf02a30e14e0b0f316293a7b161bfb523f9a71cb
external/AgentWatcher_armc_runtime_v1/results/agent_evaluations/agentdojo/A15B0_ARMC_SCI_TOOL_KNOWLEDGE_200/gpt-4o-mini-piarena-agentwatcher/travel/user_task_6/tool_knowledge/injection_task_0.json	4058	5b7f472bfc66bca5f597b66daae424630deb4e85f51587fabc636926ee4c599d
external/AgentWatcher_armc_runtime_v1/results/agent_evaluations/agentdojo/A15B0_ARMC_SCI_TOOL_KNOWLEDGE_200/gpt-4o-mini-piarena-agentwatcher/travel/user_task_6/tool_knowledge/injection_task_1.json	4093	310e7b8002356a170df130c42bf9cc30e0a7a98ad70016dbbb1d32f14d2a3c3a
external/AgentWatcher_armc_runtime_v1/results/agent_evaluations/agentdojo/A15B0_ARMC_SCI_TOOL_KNOWLEDGE_200/gpt-4o-mini-piarena-agentwatcher/travel/user_task_7/tool_knowledge/injection_task_0.json	3000	69b2560162f467e4478298717fef60716ee11f3ba01a027945132d55ccb99d3a
external/AgentWatcher_armc_runtime_v1/results/agent_evaluations/agentdojo/A15B0_ARMC_SCI_TOOL_KNOWLEDGE_200/gpt-4o-mini-piarena-agentwatcher/travel/user_task_8/tool_knowledge/injection_task_1.json	3110	3e28598223ac5b4f06798f0dc1e5bd3d77ddb8734008bb943cab00dc922d88dc
external/AgentWatcher_armc_runtime_v1/results/agent_evaluations/agentdojo/A15B0_ARMC_SCI_TOOL_KNOWLEDGE_200/gpt-4o-mini-piarena-agentwatcher/travel/user_task_8/tool_knowledge/injection_task_6.json	2897	36d582c8a9e31705ab62f42baeb7cdb1dec5112d51d49d39194a0d61fadb94d0
external/AgentWatcher_armc_runtime_v1/results/agent_evaluations/agentdojo/A15B0_ARMC_SCI_TOOL_KNOWLEDGE_200/gpt-4o-mini-piarena-agentwatcher/travel/user_task_9/tool_knowledge/injection_task_6.json	2711	8f9c212f07e718077a43567b41fa677ceac1870355a7409a0f773db8fb1a33ec
external/AgentWatcher_armc_runtime_v1/results/agent_evaluations/agentdojo/A15B0_ARMC_SCI_TOOL_KNOWLEDGE_200/gpt-4o-mini-piarena-agentwatcher/workspace/injection_task_0/none/none.json	3460	167954a82299344a4e3b59e16ca0f8424a3486374afa418aa701d2ff2290c551
external/AgentWatcher_armc_runtime_v1/results/agent_evaluations/agentdojo/A15B0_ARMC_SCI_TOOL_KNOWLEDGE_200/gpt-4o-mini-piarena-agentwatcher/workspace/injection_task_1/none/none.json	3061	7e338592af334b1984e4fe4c0e65b33cc3b4090b509d53986d773a447bcb7920
external/AgentWatcher_armc_runtime_v1/results/agent_evaluations/agentdojo/A15B0_ARMC_SCI_TOOL_KNOWLEDGE_200/gpt-4o-mini-piarena-agentwatcher/workspace/injection_task_10/none/none.json	1876	99074c423f7f0995b3e8363e8af620be09690badf870ae366a8ec987bd85c45c
external/AgentWatcher_armc_runtime_v1/results/agent_evaluations/agentdojo/A15B0_ARMC_SCI_TOOL_KNOWLEDGE_200/gpt-4o-mini-piarena-agentwatcher/workspace/injection_task_11/none/none.json	47873	d5ac10ee22adda82b0a15ef92b0366866844594ea1ad8d99786c7b4f895bff44
external/AgentWatcher_armc_runtime_v1/results/agent_evaluations/agentdojo/A15B0_ARMC_SCI_TOOL_KNOWLEDGE_200/gpt-4o-mini-piarena-agentwatcher/workspace/injection_task_12/none/none.json	2116	c6989f11f6324f3658c67c75fd9c5cc1d32a0452f4071dbb4c6ae94a6b603a4b
external/AgentWatcher_armc_runtime_v1/results/agent_evaluations/agentdojo/A15B0_ARMC_SCI_TOOL_KNOWLEDGE_200/gpt-4o-mini-piarena-agentwatcher/workspace/injection_task_13/none/none.json	15283	badd6bfcce9edca8e77fef9be6d3d41e5e9db3e67ee302c9531ac4783c611729
external/AgentWatcher_armc_runtime_v1/results/agent_evaluations/agentdojo/A15B0_ARMC_SCI_TOOL_KNOWLEDGE_200/gpt-4o-mini-piarena-agentwatcher/workspace/injection_task_2/none/none.json	4334	9a56e29a41deadb30e0a2f999784de7104c6cf96d7b00ed1514a93f91c4238f5
external/AgentWatcher_armc_runtime_v1/results/agent_evaluations/agentdojo/A15B0_ARMC_SCI_TOOL_KNOWLEDGE_200/gpt-4o-mini-piarena-agentwatcher/workspace/injection_task_3/none/none.json	15276	c54875dad21b40e724099f887be3975d95e46e36ca9600279533fb9fff867b3e
external/AgentWatcher_armc_runtime_v1/results/agent_evaluations/agentdojo/A15B0_ARMC_SCI_TOOL_KNOWLEDGE_200/gpt-4o-mini-piarena-agentwatcher/workspace/injection_task_4/none/none.json	5662	74f5ff358ed3d76c4e13d39f236b613e0ed198cd80317ede7539e75fa97391ca
external/AgentWatcher_armc_runtime_v1/results/agent_evaluations/agentdojo/A15B0_ARMC_SCI_TOOL_KNOWLEDGE_200/gpt-4o-mini-piarena-agentwatcher/workspace/injection_task_5/none/none.json	15706	e8c37eb0e2f95eb3c0295cabfdeec97185dfb488fc3c02df7d920e6370bd001e
external/AgentWatcher_armc_runtime_v1/results/agent_evaluations/agentdojo/A15B0_ARMC_SCI_TOOL_KNOWLEDGE_200/gpt-4o-mini-piarena-agentwatcher/workspace/injection_task_6/none/none.json	1916	3a486403da22abbfefc1416c56497966e52c7493276e6c2ef207348da414f360
external/AgentWatcher_armc_runtime_v1/results/agent_evaluations/agentdojo/A15B0_ARMC_SCI_TOOL_KNOWLEDGE_200/gpt-4o-mini-piarena-agentwatcher/workspace/injection_task_7/none/none.json	50267	b67cdf9733a1f7f5cb115d784f2ee5c2d227f8f47c33466ee7103b7f1d61d263
external/AgentWatcher_armc_runtime_v1/results/agent_evaluations/agentdojo/A15B0_ARMC_SCI_TOOL_KNOWLEDGE_200/gpt-4o-mini-piarena-agentwatcher/workspace/injection_task_8/none/none.json	1996	c746f6ffb43ce5394217368d2990a47c7e22d4ca73b4fa65c42bb067660b6e08
external/AgentWatcher_armc_runtime_v1/results/agent_evaluations/agentdojo/A15B0_ARMC_SCI_TOOL_KNOWLEDGE_200/gpt-4o-mini-piarena-agentwatcher/workspace/injection_task_9/none/none.json	2326	c140e26dbf111d2fc87b1ec11253d490713d316b883c70f18eaa09d2e12d41b3
external/AgentWatcher_armc_runtime_v1/results/agent_evaluations/agentdojo/A15B0_ARMC_SCI_TOOL_KNOWLEDGE_200/gpt-4o-mini-piarena-agentwatcher/workspace/user_task_0/tool_knowledge/injection_task_11.json	2666	9bd342bca4eb2e8c5dd8eb525f9a3b7d2ad1f0063628a0a6dddc3a1844e07906
external/AgentWatcher_armc_runtime_v1/results/agent_evaluations/agentdojo/A15B0_ARMC_SCI_TOOL_KNOWLEDGE_200/gpt-4o-mini-piarena-agentwatcher/workspace/user_task_0/tool_knowledge/injection_task_3.json	2889	625af51ca383e5be40d9c37dd419c822fe12babdc18558051b76a1e93efabd7a
external/AgentWatcher_armc_runtime_v1/results/agent_evaluations/agentdojo/A15B0_ARMC_SCI_TOOL_KNOWLEDGE_200/gpt-4o-mini-piarena-agentwatcher/workspace/user_task_0/tool_knowledge/injection_task_6.json	2658	6b1ad63a6080c4a98d9d0a1418a8797f018a2179bec8e6849acd322b4dcaa91e
external/AgentWatcher_armc_runtime_v1/results/agent_evaluations/agentdojo/A15B0_ARMC_SCI_TOOL_KNOWLEDGE_200/gpt-4o-mini-piarena-agentwatcher/workspace/user_task_1/tool_knowledge/injection_task_11.json	5900	555bac7ff8da1eb1f29d81f2800c1ff5f7580f63fcf0e8e4dfdcde56438c46cb
external/AgentWatcher_armc_runtime_v1/results/agent_evaluations/agentdojo/A15B0_ARMC_SCI_TOOL_KNOWLEDGE_200/gpt-4o-mini-piarena-agentwatcher/workspace/user_task_1/tool_knowledge/injection_task_13.json	2755	8bb347d5566407f7abbf06b7e0c212fcd919eb75f80565c346f8375ee76891b1
external/AgentWatcher_armc_runtime_v1/results/agent_evaluations/agentdojo/A15B0_ARMC_SCI_TOOL_KNOWLEDGE_200/gpt-4o-mini-piarena-agentwatcher/workspace/user_task_10/tool_knowledge/injection_task_1.json	6206	6476512bf85f13a43aae4eb1bba2e19e682ab64cb9cf32193a822212524d01a1
external/AgentWatcher_armc_runtime_v1/results/agent_evaluations/agentdojo/A15B0_ARMC_SCI_TOOL_KNOWLEDGE_200/gpt-4o-mini-piarena-agentwatcher/workspace/user_task_11/tool_knowledge/injection_task_1.json	6142	0480492b81fcec9accb7d169ec57c2324ed0dbb7e45d43a72d9974baf43bd3c4
external/AgentWatcher_armc_runtime_v1/results/agent_evaluations/agentdojo/A15B0_ARMC_SCI_TOOL_KNOWLEDGE_200/gpt-4o-mini-piarena-agentwatcher/workspace/user_task_11/tool_knowledge/injection_task_2.json	6700	b42488140167873b74ed1bae4aedcf5e6093821f4385dad1a9404a429cc76fd6
external/AgentWatcher_armc_runtime_v1/results/agent_evaluations/agentdojo/A15B0_ARMC_SCI_TOOL_KNOWLEDGE_200/gpt-4o-mini-piarena-agentwatcher/workspace/user_task_11/tool_knowledge/injection_task_6.json	6220	d16fea2004c4097a96eedf0be53d35896ffa439e15b5912f51b39cdd52813a9a
external/AgentWatcher_armc_runtime_v1/results/agent_evaluations/agentdojo/A15B0_ARMC_SCI_TOOL_KNOWLEDGE_200/gpt-4o-mini-piarena-agentwatcher/workspace/user_task_12/tool_knowledge/injection_task_12.json	2960	250431135d2fb133f76302b39d63e327c0eeba229be54d11f759d8fadb4fe14f
external/AgentWatcher_armc_runtime_v1/results/agent_evaluations/agentdojo/A15B0_ARMC_SCI_TOOL_KNOWLEDGE_200/gpt-4o-mini-piarena-agentwatcher/workspace/user_task_12/tool_knowledge/injection_task_13.json	2953	5b0007dd055b3e5f8a6a70507e34cb27c48fc5610f6502f9d88b0564af209e6c
external/AgentWatcher_armc_runtime_v1/results/agent_evaluations/agentdojo/A15B0_ARMC_SCI_TOOL_KNOWLEDGE_200/gpt-4o-mini-piarena-agentwatcher/workspace/user_task_12/tool_knowledge/injection_task_2.json	2912	2deda43bf2c6a0d578bc4d2be912824e1d5a85811da8c85ba156d86b9bf2ef92
external/AgentWatcher_armc_runtime_v1/results/agent_evaluations/agentdojo/A15B0_ARMC_SCI_TOOL_KNOWLEDGE_200/gpt-4o-mini-piarena-agentwatcher/workspace/user_task_12/tool_knowledge/injection_task_5.json	3099	27f3e12c26c0cb284f6a9be6e5623296e121ff1fd8400e95ec82831ca0311452
external/AgentWatcher_armc_runtime_v1/results/agent_evaluations/agentdojo/A15B0_ARMC_SCI_TOOL_KNOWLEDGE_200/gpt-4o-mini-piarena-agentwatcher/workspace/user_task_12/tool_knowledge/injection_task_7.json	2923	893dd8a6f64225027206633a74882344b23572e9311c3e4c4bdcb40b9cb0591d
external/AgentWatcher_armc_runtime_v1/results/agent_evaluations/agentdojo/A15B0_ARMC_SCI_TOOL_KNOWLEDGE_200/gpt-4o-mini-piarena-agentwatcher/workspace/user_task_12/tool_knowledge/injection_task_9.json	3055	5b887a9d99ff0ed171fdd5527aed8dca79d66844d94366d11f450c04ab185147
external/AgentWatcher_armc_runtime_v1/results/agent_evaluations/agentdojo/A15B0_ARMC_SCI_TOOL_KNOWLEDGE_200/gpt-4o-mini-piarena-agentwatcher/workspace/user_task_13/tool_knowledge/injection_task_11.json	3379	f461d76ce4826af3ca8afde7b4bee4b177947b195707564824647d5219d44e2c
external/AgentWatcher_armc_runtime_v1/results/agent_evaluations/agentdojo/A15B0_ARMC_SCI_TOOL_KNOWLEDGE_200/gpt-4o-mini-piarena-agentwatcher/workspace/user_task_14/tool_knowledge/injection_task_0.json	6814	682c154a96ceb14ff64f042ae3346d1c427f0ecc847061fcbab4f4965c81e496
external/AgentWatcher_armc_runtime_v1/results/agent_evaluations/agentdojo/A15B0_ARMC_SCI_TOOL_KNOWLEDGE_200/gpt-4o-mini-piarena-agentwatcher/workspace/user_task_15/tool_knowledge/injection_task_3.json	2774	209227b9b1cf826ef9df3e23bd45eeb533f9e9306e69c51063dae47628f09c6b
external/AgentWatcher_armc_runtime_v1/results/agent_evaluations/agentdojo/A15B0_ARMC_SCI_TOOL_KNOWLEDGE_200/gpt-4o-mini-piarena-agentwatcher/workspace/user_task_15/tool_knowledge/injection_task_6.json	2544	01adbd82e252869694b966b1afb51b27578fa03fd906eb6d2ace0582ea59aa8b
external/AgentWatcher_armc_runtime_v1/results/agent_evaluations/agentdojo/A15B0_ARMC_SCI_TOOL_KNOWLEDGE_200/gpt-4o-mini-piarena-agentwatcher/workspace/user_task_15/tool_knowledge/injection_task_9.json	2839	a38685ac95f3f334472734927d966c405226e431d3807099bdc7f80d8f3e0f55
external/AgentWatcher_armc_runtime_v1/results/agent_evaluations/agentdojo/A15B0_ARMC_SCI_TOOL_KNOWLEDGE_200/gpt-4o-mini-piarena-agentwatcher/workspace/user_task_16/tool_knowledge/injection_task_0.json	6818	b7d3f332a4671c1907f034cd8a7426fccb9dad483fb557a7961eeeec11235974
external/AgentWatcher_armc_runtime_v1/results/agent_evaluations/agentdojo/A15B0_ARMC_SCI_TOOL_KNOWLEDGE_200/gpt-4o-mini-piarena-agentwatcher/workspace/user_task_16/tool_knowledge/injection_task_7.json	14431	b607cf3c5a5b2f91029c3bc9f58f38a17e6becdb1dc845b7a4af940045824b3f
external/AgentWatcher_armc_runtime_v1/results/agent_evaluations/agentdojo/A15B0_ARMC_SCI_TOOL_KNOWLEDGE_200/gpt-4o-mini-piarena-agentwatcher/workspace/user_task_17/tool_knowledge/injection_task_10.json	6492	83a7bcaff818fd5840c25459fcc6f75274affa209c4639111eb984c9b2e5144c
external/AgentWatcher_armc_runtime_v1/results/agent_evaluations/agentdojo/A15B0_ARMC_SCI_TOOL_KNOWLEDGE_200/gpt-4o-mini-piarena-agentwatcher/workspace/user_task_17/tool_knowledge/injection_task_13.json	6930	ffeb2017ead3d3e7fc6e687bae1198f9944824e9bd9fc17c8e3ae28c88562560
external/AgentWatcher_armc_runtime_v1/results/agent_evaluations/agentdojo/A15B0_ARMC_SCI_TOOL_KNOWLEDGE_200/gpt-4o-mini-piarena-agentwatcher/workspace/user_task_17/tool_knowledge/injection_task_4.json	7527	86edd3b1d10538531fd666387bfd7855c8d35620411f2fc90535f661514a480d
external/AgentWatcher_armc_runtime_v1/results/agent_evaluations/agentdojo/A15B0_ARMC_SCI_TOOL_KNOWLEDGE_200/gpt-4o-mini-piarena-agentwatcher/workspace/user_task_17/tool_knowledge/injection_task_6.json	6633	24a007b079b085a589634edcc297881ef6f24bb41486abe529d4535a877f3ea8
external/AgentWatcher_armc_runtime_v1/results/agent_evaluations/agentdojo/A15B0_ARMC_SCI_TOOL_KNOWLEDGE_200/gpt-4o-mini-piarena-agentwatcher/workspace/user_task_17/tool_knowledge/injection_task_7.json	6907	fd1f6912ce035169f409160f079fec60131006a93d325510a57631055f2942db
external/AgentWatcher_armc_runtime_v1/results/agent_evaluations/agentdojo/A15B0_ARMC_SCI_TOOL_KNOWLEDGE_200/gpt-4o-mini-piarena-agentwatcher/workspace/user_task_18/tool_knowledge/injection_task_1.json	2565	fe07cfaa855ee003fdb8dde98c40a37281fa8ff811b0beeb6a2f8ed0861c9032
external/AgentWatcher_armc_runtime_v1/results/agent_evaluations/agentdojo/A15B0_ARMC_SCI_TOOL_KNOWLEDGE_200/gpt-4o-mini-piarena-agentwatcher/workspace/user_task_18/tool_knowledge/injection_task_10.json	2591	68079248130234d89b892fcc2e30bbe82ea518d729c465e96683d69400ad5cd8
external/AgentWatcher_armc_runtime_v1/results/agent_evaluations/agentdojo/A15B0_ARMC_SCI_TOOL_KNOWLEDGE_200/gpt-4o-mini-piarena-agentwatcher/workspace/user_task_18/tool_knowledge/injection_task_11.json	2637	506864b9a3b69d1091495825b4222a87cf645ea1434b2724415874da657e18ac
external/AgentWatcher_armc_runtime_v1/results/agent_evaluations/agentdojo/A15B0_ARMC_SCI_TOOL_KNOWLEDGE_200/gpt-4o-mini-piarena-agentwatcher/workspace/user_task_18/tool_knowledge/injection_task_12.json	2832	889f9c311b2f0a35c6f1cd060432ddf4b7438c3c71b022fa93c55d3682257bf9
external/AgentWatcher_armc_runtime_v1/results/agent_evaluations/agentdojo/A15B0_ARMC_SCI_TOOL_KNOWLEDGE_200/gpt-4o-mini-piarena-agentwatcher/workspace/user_task_18/tool_knowledge/injection_task_9.json	2927	6cbd1b425022f14bebfdb46df8abb5b347f8b17012a1d392c44d6e3bf7f60a64
external/AgentWatcher_armc_runtime_v1/results/agent_evaluations/agentdojo/A15B0_ARMC_SCI_TOOL_KNOWLEDGE_200/gpt-4o-mini-piarena-agentwatcher/workspace/user_task_2/tool_knowledge/injection_task_2.json	7610	92f3552cd57121f8ea5d07dab51b37e351c23ee5ccdb22cdf22ee919faab601d
external/AgentWatcher_armc_runtime_v1/results/agent_evaluations/agentdojo/A15B0_ARMC_SCI_TOOL_KNOWLEDGE_200/gpt-4o-mini-piarena-agentwatcher/workspace/user_task_2/tool_knowledge/injection_task_4.json	7142	09bbed0f78374a166177efde94d1ea505ad7c3a50608f1c91dd665af52ba22ca
external/AgentWatcher_armc_runtime_v1/results/agent_evaluations/agentdojo/A15B0_ARMC_SCI_TOOL_KNOWLEDGE_200/gpt-4o-mini-piarena-agentwatcher/workspace/user_task_2/tool_knowledge/injection_task_6.json	7316	2a5d68e102dd6c071c719e3aee025abc4f1394b328dc13e188f0a9454a4c1a87
external/AgentWatcher_armc_runtime_v1/results/agent_evaluations/agentdojo/A15B0_ARMC_SCI_TOOL_KNOWLEDGE_200/gpt-4o-mini-piarena-agentwatcher/workspace/user_task_20/tool_knowledge/injection_task_2.json	2942	af2e877b25aa328f126ac7918d7287facd1acd551f08470a6fe90e89acb32457
external/AgentWatcher_armc_runtime_v1/results/agent_evaluations/agentdojo/A15B0_ARMC_SCI_TOOL_KNOWLEDGE_200/gpt-4o-mini-piarena-agentwatcher/workspace/user_task_20/tool_knowledge/injection_task_4.json	3270	b4e7ee33ae7717451f7ba311409c68c2c23a600bea46b2a1c0e19ac6774fb614
external/AgentWatcher_armc_runtime_v1/results/agent_evaluations/agentdojo/A15B0_ARMC_SCI_TOOL_KNOWLEDGE_200/gpt-4o-mini-piarena-agentwatcher/workspace/user_task_21/tool_knowledge/injection_task_7.json	3882	e5696a393760b4cc52a91473759c8cdee79a8c9ceabfeda208f1490f061d6a11
external/AgentWatcher_armc_runtime_v1/results/agent_evaluations/agentdojo/A15B0_ARMC_SCI_TOOL_KNOWLEDGE_200/gpt-4o-mini-piarena-agentwatcher/workspace/user_task_22/tool_knowledge/injection_task_0.json	14650	a39a629eee7ef1aecb9db9b99c332b7c35acb8ef4a44e3a48eaca9c07f4bbdec
external/AgentWatcher_armc_runtime_v1/results/agent_evaluations/agentdojo/A15B0_ARMC_SCI_TOOL_KNOWLEDGE_200/gpt-4o-mini-piarena-agentwatcher/workspace/user_task_22/tool_knowledge/injection_task_1.json	14200	7336bed7c47fde4c94a4f34b0f1faec7ed66f77c3a3c04f28fb6ac0a9aa637ff
external/AgentWatcher_armc_runtime_v1/results/agent_evaluations/agentdojo/A15B0_ARMC_SCI_TOOL_KNOWLEDGE_200/gpt-4o-mini-piarena-agentwatcher/workspace/user_task_22/tool_knowledge/injection_task_10.json	6564	3f800432f97841b996f5c949db080745153e993f88d3c9ba67f669fab3f4a952
external/AgentWatcher_armc_runtime_v1/results/agent_evaluations/agentdojo/A15B0_ARMC_SCI_TOOL_KNOWLEDGE_200/gpt-4o-mini-piarena-agentwatcher/workspace/user_task_22/tool_knowledge/injection_task_4.json	15332	93494d33ec03f86423c8b8445bbcd73a577c0f8847c380c9acc7f2f938720977
external/AgentWatcher_armc_runtime_v1/results/agent_evaluations/agentdojo/A15B0_ARMC_SCI_TOOL_KNOWLEDGE_200/gpt-4o-mini-piarena-agentwatcher/workspace/user_task_22/tool_knowledge/injection_task_9.json	6630	d7de4289b6a39197453d6d4e67244c2cec6443f1177f9e09a1c42ea0938d998e
external/AgentWatcher_armc_runtime_v1/results/agent_evaluations/agentdojo/A15B0_ARMC_SCI_TOOL_KNOWLEDGE_200/gpt-4o-mini-piarena-agentwatcher/workspace/user_task_23/tool_knowledge/injection_task_11.json	19178	ee1c601637d50421ac20d31641b7e935f71227e48e3829486e2b30387dccbe64
external/AgentWatcher_armc_runtime_v1/results/agent_evaluations/agentdojo/A15B0_ARMC_SCI_TOOL_KNOWLEDGE_200/gpt-4o-mini-piarena-agentwatcher/workspace/user_task_23/tool_knowledge/injection_task_2.json	19276	ba0b8ba973209ea6f9e2d30bc76919b83942e1b3ed62526b24c0f5ef2404e7cf
external/AgentWatcher_armc_runtime_v1/results/agent_evaluations/agentdojo/A15B0_ARMC_SCI_TOOL_KNOWLEDGE_200/gpt-4o-mini-piarena-agentwatcher/workspace/user_task_23/tool_knowledge/injection_task_7.json	19594	2e278f173bcf2d0a601d64bba6ce8846f31fa037b94198704924e599f5bfcbe8
external/AgentWatcher_armc_runtime_v1/results/agent_evaluations/agentdojo/A15B0_ARMC_SCI_TOOL_KNOWLEDGE_200/gpt-4o-mini-piarena-agentwatcher/workspace/user_task_23/tool_knowledge/injection_task_8.json	3588	f1de0f57e80d22444bfb39750a37cc4e3d4b403f0164cb1d3a19304e3b48bb54
external/AgentWatcher_armc_runtime_v1/results/agent_evaluations/agentdojo/A15B0_ARMC_SCI_TOOL_KNOWLEDGE_200/gpt-4o-mini-piarena-agentwatcher/workspace/user_task_24/tool_knowledge/injection_task_0.json	11371	d09c8f2ffd714712580605370e2b5e136f8eb87698c79df54ae460249730bef6
external/AgentWatcher_armc_runtime_v1/results/agent_evaluations/agentdojo/A15B0_ARMC_SCI_TOOL_KNOWLEDGE_200/gpt-4o-mini-piarena-agentwatcher/workspace/user_task_24/tool_knowledge/injection_task_12.json	10467	deb2daa3d3e996ac4058f08d8b635956774c83486a69c157fa7313cd11d75771
external/AgentWatcher_armc_runtime_v1/results/agent_evaluations/agentdojo/A15B0_ARMC_SCI_TOOL_KNOWLEDGE_200/gpt-4o-mini-piarena-agentwatcher/workspace/user_task_25/tool_knowledge/injection_task_11.json	2790	2e6c96f7c9cb15230bc0d553bd8b714b9c60cf831c3c4515fc217df95ffd4447
external/AgentWatcher_armc_runtime_v1/results/agent_evaluations/agentdojo/A15B0_ARMC_SCI_TOOL_KNOWLEDGE_200/gpt-4o-mini-piarena-agentwatcher/workspace/user_task_25/tool_knowledge/injection_task_4.json	3264	d35214dddc88f41d23b50e40f768d3e3c374459411423ce66c55b067a1cf5e0f
external/AgentWatcher_armc_runtime_v1/results/agent_evaluations/agentdojo/A15B0_ARMC_SCI_TOOL_KNOWLEDGE_200/gpt-4o-mini-piarena-agentwatcher/workspace/user_task_26/tool_knowledge/injection_task_0.json	36091	1be965c4a016f0dfa5b4fe247d2a6a9890642972cdf9b71d42aad50ede4bebf7
external/AgentWatcher_armc_runtime_v1/results/agent_evaluations/agentdojo/A15B0_ARMC_SCI_TOOL_KNOWLEDGE_200/gpt-4o-mini-piarena-agentwatcher/workspace/user_task_26/tool_knowledge/injection_task_5.json	38054	9678b0b5f1f6a1e34bbb08012ffd66682edd7c0a947c9013b0b153c9528b4ebc
external/AgentWatcher_armc_runtime_v1/results/agent_evaluations/agentdojo/A15B0_ARMC_SCI_TOOL_KNOWLEDGE_200/gpt-4o-mini-piarena-agentwatcher/workspace/user_task_27/tool_knowledge/injection_task_10.json	35318	2fa021a8569084b20fadf0d0fede98bc21d1a54377d8304f2e4d798172a5a375
external/AgentWatcher_armc_runtime_v1/results/agent_evaluations/agentdojo/A15B0_ARMC_SCI_TOOL_KNOWLEDGE_200/gpt-4o-mini-piarena-agentwatcher/workspace/user_task_27/tool_knowledge/injection_task_3.json	37406	2a52500a4bebb6ade33d8e5e6030fbad8d6242efe506c2717c4e041e6979226b
external/AgentWatcher_armc_runtime_v1/results/agent_evaluations/agentdojo/A15B0_ARMC_SCI_TOOL_KNOWLEDGE_200/gpt-4o-mini-piarena-agentwatcher/workspace/user_task_27/tool_knowledge/injection_task_4.json	39453	f71a8949b10eec9c1c7537fc4319b5ed1337dca2f5296d348c2963b621cd07d0
external/AgentWatcher_armc_runtime_v1/results/agent_evaluations/agentdojo/A15B0_ARMC_SCI_TOOL_KNOWLEDGE_200/gpt-4o-mini-piarena-agentwatcher/workspace/user_task_27/tool_knowledge/injection_task_5.json	38346	182403ba2a0248f4441b5845ea0474c404124e24eb47a81b44ad4441e5c57b4f
external/AgentWatcher_armc_runtime_v1/results/agent_evaluations/agentdojo/A15B0_ARMC_SCI_TOOL_KNOWLEDGE_200/gpt-4o-mini-piarena-agentwatcher/workspace/user_task_27/tool_knowledge/injection_task_7.json	36932	16b03f3dd432e19e084b411f2ea5c374380618bdaa86f79e7f7cb01d3bfdfb48
external/AgentWatcher_armc_runtime_v1/results/agent_evaluations/agentdojo/A15B0_ARMC_SCI_TOOL_KNOWLEDGE_200/gpt-4o-mini-piarena-agentwatcher/workspace/user_task_27/tool_knowledge/injection_task_8.json	36301	2bcf405a2f38ad8a15264cf57c4057676ff342cff97fabd50880bd56cc3543e9
external/AgentWatcher_armc_runtime_v1/results/agent_evaluations/agentdojo/A15B0_ARMC_SCI_TOOL_KNOWLEDGE_200/gpt-4o-mini-piarena-agentwatcher/workspace/user_task_28/tool_knowledge/injection_task_1.json	2493	4567c543b112ea9bb0384223ae568829e4004dfd214d0850108cafb26e440dbc
external/AgentWatcher_armc_runtime_v1/results/agent_evaluations/agentdojo/A15B0_ARMC_SCI_TOOL_KNOWLEDGE_200/gpt-4o-mini-piarena-agentwatcher/workspace/user_task_28/tool_knowledge/injection_task_4.json	3041	623b14be38c755a230145e863fadcf74d7a73d93b6406e544c06da9cd244c841
external/AgentWatcher_armc_runtime_v1/results/agent_evaluations/agentdojo/A15B0_ARMC_SCI_TOOL_KNOWLEDGE_200/gpt-4o-mini-piarena-agentwatcher/workspace/user_task_3/tool_knowledge/injection_task_2.json	8158	dcc4cc9a7ed654738ab4dec7679a6d6686e18b2bb1e6f03bcb03f33cf1877b7f
external/AgentWatcher_armc_runtime_v1/results/agent_evaluations/agentdojo/A15B0_ARMC_SCI_TOOL_KNOWLEDGE_200/gpt-4o-mini-piarena-agentwatcher/workspace/user_task_3/tool_knowledge/injection_task_4.json	3109	352cee2254b30d5d7c08e721873359cef88af627eee4b777509ca93ffa5ae650
external/AgentWatcher_armc_runtime_v1/results/agent_evaluations/agentdojo/A15B0_ARMC_SCI_TOOL_KNOWLEDGE_200/gpt-4o-mini-piarena-agentwatcher/workspace/user_task_30/tool_knowledge/injection_task_0.json	2861	99a8ef7a52b57d40347855e13258feb8564374e99b1a29432558d3bf7a06f5b2
external/AgentWatcher_armc_runtime_v1/results/agent_evaluations/agentdojo/A15B0_ARMC_SCI_TOOL_KNOWLEDGE_200/gpt-4o-mini-piarena-agentwatcher/workspace/user_task_30/tool_knowledge/injection_task_1.json	2701	8db859706e7307e23f43661c6de9f6f96dae057f62394cb34de47678f23b9c33
external/AgentWatcher_armc_runtime_v1/results/agent_evaluations/agentdojo/A15B0_ARMC_SCI_TOOL_KNOWLEDGE_200/gpt-4o-mini-piarena-agentwatcher/workspace/user_task_30/tool_knowledge/injection_task_10.json	6527	c9cfc47c48f60190af27977af6eeeadd9ae642f425b19c5d53ea765c66164613
external/AgentWatcher_armc_runtime_v1/results/agent_evaluations/agentdojo/A15B0_ARMC_SCI_TOOL_KNOWLEDGE_200/gpt-4o-mini-piarena-agentwatcher/workspace/user_task_31/tool_knowledge/injection_task_12.json	7529	504b20c576ca0789c0923cf55b8ba534a38cce4e02c08253df6c5b54c69cd924
external/AgentWatcher_armc_runtime_v1/results/agent_evaluations/agentdojo/A15B0_ARMC_SCI_TOOL_KNOWLEDGE_200/gpt-4o-mini-piarena-agentwatcher/workspace/user_task_31/tool_knowledge/injection_task_8.json	2796	897d85987906f60d2bfeabd354f9e4b9dd88458eb7e5f0b653962102c8664a3e
external/AgentWatcher_armc_runtime_v1/results/agent_evaluations/agentdojo/A15B0_ARMC_SCI_TOOL_KNOWLEDGE_200/gpt-4o-mini-piarena-agentwatcher/workspace/user_task_32/tool_knowledge/injection_task_13.json	8975	bc20f8f052aba1d158ddc90f29394f93652567dec627e59f0915ead9c063c064
external/AgentWatcher_armc_runtime_v1/results/agent_evaluations/agentdojo/A15B0_ARMC_SCI_TOOL_KNOWLEDGE_200/gpt-4o-mini-piarena-agentwatcher/workspace/user_task_32/tool_knowledge/injection_task_2.json	2928	90d4db67a6b78c45e4fb3895424f2aee8e77d4d315d88a4441113ca347705b07
external/AgentWatcher_armc_runtime_v1/results/agent_evaluations/agentdojo/A15B0_ARMC_SCI_TOOL_KNOWLEDGE_200/gpt-4o-mini-piarena-agentwatcher/workspace/user_task_33/tool_knowledge/injection_task_12.json	2935	0c19bfb6829ba4efb9748912b08e9ab523ce64fa607c446ee1b1ce10c714c34a
external/AgentWatcher_armc_runtime_v1/results/agent_evaluations/agentdojo/A15B0_ARMC_SCI_TOOL_KNOWLEDGE_200/gpt-4o-mini-piarena-agentwatcher/workspace/user_task_33/tool_knowledge/injection_task_9.json	3029	a34ee2dc202adbecdd0be29f4efe9149c0f0eb4e6b0b8d72524b442bf6d4c2fa
external/AgentWatcher_armc_runtime_v1/results/agent_evaluations/agentdojo/A15B0_ARMC_SCI_TOOL_KNOWLEDGE_200/gpt-4o-mini-piarena-agentwatcher/workspace/user_task_34/tool_knowledge/injection_task_13.json	2774	04290183a91f984e54c338249254c93132313c07b906541e1decef73ee2915fc
external/AgentWatcher_armc_runtime_v1/results/agent_evaluations/agentdojo/A15B0_ARMC_SCI_TOOL_KNOWLEDGE_200/gpt-4o-mini-piarena-agentwatcher/workspace/user_task_34/tool_knowledge/injection_task_2.json	2736	aad352c20d5f7dce4929b7760ccb8901e8265e71c90ec3f3b4b4dc81a894aab5
external/AgentWatcher_armc_runtime_v1/results/agent_evaluations/agentdojo/A15B0_ARMC_SCI_TOOL_KNOWLEDGE_200/gpt-4o-mini-piarena-agentwatcher/workspace/user_task_35/tool_knowledge/injection_task_11.json	4591	9de7fa9359b071fc539280c93eaf55a80fd336903f93c4b24a929124d4779a61
external/AgentWatcher_armc_runtime_v1/results/agent_evaluations/agentdojo/A15B0_ARMC_SCI_TOOL_KNOWLEDGE_200/gpt-4o-mini-piarena-agentwatcher/workspace/user_task_35/tool_knowledge/injection_task_2.json	39642	b7ec576237f242e2ccc0b2bb199519d66d46ad134aa78ca3edad081122e2f01c
external/AgentWatcher_armc_runtime_v1/results/agent_evaluations/agentdojo/A15B0_ARMC_SCI_TOOL_KNOWLEDGE_200/gpt-4o-mini-piarena-agentwatcher/workspace/user_task_35/tool_knowledge/injection_task_6.json	4679	3913a2a9186d07e0aa86ff208e587e003522e3ac1ff0158396306ba9faa09518
external/AgentWatcher_armc_runtime_v1/results/agent_evaluations/agentdojo/A15B0_ARMC_SCI_TOOL_KNOWLEDGE_200/gpt-4o-mini-piarena-agentwatcher/workspace/user_task_36/tool_knowledge/injection_task_1.json	2927	8b89791020890c788b772a751a34e95801b39f2a97b14bad3d75677437e24383
external/AgentWatcher_armc_runtime_v1/results/agent_evaluations/agentdojo/A15B0_ARMC_SCI_TOOL_KNOWLEDGE_200/gpt-4o-mini-piarena-agentwatcher/workspace/user_task_36/tool_knowledge/injection_task_13.json	3184	e79d1f083d01c57d61e6963fb464b4544aa89d89bc68f15a7d77fa4c9ed82d6e
external/AgentWatcher_armc_runtime_v1/results/agent_evaluations/agentdojo/A15B0_ARMC_SCI_TOOL_KNOWLEDGE_200/gpt-4o-mini-piarena-agentwatcher/workspace/user_task_36/tool_knowledge/injection_task_7.json	3042	e3083d53a839b46c0e0ed8deb21e00561d5174fe3ab5c8be458e57b589873552
external/AgentWatcher_armc_runtime_v1/results/agent_evaluations/agentdojo/A15B0_ARMC_SCI_TOOL_KNOWLEDGE_200/gpt-4o-mini-piarena-agentwatcher/workspace/user_task_36/tool_knowledge/injection_task_8.json	3072	c61492239a77445a2497a4cc1510151c5b4870da3748015930523e00dbe546ee
external/AgentWatcher_armc_runtime_v1/results/agent_evaluations/agentdojo/A15B0_ARMC_SCI_TOOL_KNOWLEDGE_200/gpt-4o-mini-piarena-agentwatcher/workspace/user_task_37/tool_knowledge/injection_task_1.json	2870	d4d69bec90148ac7527fc0cc70f93cec5a9cfa1b3ddfe64592103a82a7915f0c
external/AgentWatcher_armc_runtime_v1/results/agent_evaluations/agentdojo/A15B0_ARMC_SCI_TOOL_KNOWLEDGE_200/gpt-4o-mini-piarena-agentwatcher/workspace/user_task_37/tool_knowledge/injection_task_3.json	3167	0db9a04e88afc39860af012f39fb64c001e67c7ee7fa85c94d5a91bc5d9a1c46
external/AgentWatcher_armc_runtime_v1/results/agent_evaluations/agentdojo/A15B0_ARMC_SCI_TOOL_KNOWLEDGE_200/gpt-4o-mini-piarena-agentwatcher/workspace/user_task_38/tool_knowledge/injection_task_9.json	5924	3c4792bc6bef2c4e312e23fb5c1a73843112313ff82fd0c6496efbffe8d72be6
external/AgentWatcher_armc_runtime_v1/results/agent_evaluations/agentdojo/A15B0_ARMC_SCI_TOOL_KNOWLEDGE_200/gpt-4o-mini-piarena-agentwatcher/workspace/user_task_39/tool_knowledge/injection_task_0.json	3554	242208319e9056d7f706f00d5a1f128cc3073e1e728bf863dea34e3fb4da2c84
external/AgentWatcher_armc_runtime_v1/results/agent_evaluations/agentdojo/A15B0_ARMC_SCI_TOOL_KNOWLEDGE_200/gpt-4o-mini-piarena-agentwatcher/workspace/user_task_39/tool_knowledge/injection_task_12.json	9447	880f12f81485c10e349e785dc98351e9091be5a8e436061a224f26fa59c563c6
external/AgentWatcher_armc_runtime_v1/results/agent_evaluations/agentdojo/A15B0_ARMC_SCI_TOOL_KNOWLEDGE_200/gpt-4o-mini-piarena-agentwatcher/workspace/user_task_39/tool_knowledge/injection_task_3.json	3831	ab0addff125ddf1db01ee448bda3323b8771f69fa8a7cdc6bc43e9292a8493fb
external/AgentWatcher_armc_runtime_v1/results/agent_evaluations/agentdojo/A15B0_ARMC_SCI_TOOL_KNOWLEDGE_200/gpt-4o-mini-piarena-agentwatcher/workspace/user_task_39/tool_knowledge/injection_task_5.json	4049	0868ee679f826041d1bcc46a6b88367e89343eb7481baf5d47756174a420d3fd
external/AgentWatcher_armc_runtime_v1/results/agent_evaluations/agentdojo/A15B0_ARMC_SCI_TOOL_KNOWLEDGE_200/gpt-4o-mini-piarena-agentwatcher/workspace/user_task_4/tool_knowledge/injection_task_3.json	4004	a1f74d7c794e58e11d0814d7aeaf134dc36bdca83899b5a9030bae43aa382fa5
external/AgentWatcher_armc_runtime_v1/results/agent_evaluations/agentdojo/A15B0_ARMC_SCI_TOOL_KNOWLEDGE_200/gpt-4o-mini-piarena-agentwatcher/workspace/user_task_5/tool_knowledge/injection_task_1.json	6363	a6feb69ec9e47a0b84ab67bb610b05104d7f85d2ee42217b7e338d586d5e7c62
external/AgentWatcher_armc_runtime_v1/results/agent_evaluations/agentdojo/A15B0_ARMC_SCI_TOOL_KNOWLEDGE_200/gpt-4o-mini-piarena-agentwatcher/workspace/user_task_5/tool_knowledge/injection_task_11.json	2707	17088aaea3dacd4e43263a811a6fe36d708127eb3560deb5e88535bf15c2cd1a
external/AgentWatcher_armc_runtime_v1/results/agent_evaluations/agentdojo/A15B0_ARMC_SCI_TOOL_KNOWLEDGE_200/gpt-4o-mini-piarena-agentwatcher/workspace/user_task_5/tool_knowledge/injection_task_9.json	7108	344f002fdb4d4821611bce7e7282e834902d23eae6280f80c914b836acfdddbe
external/AgentWatcher_armc_runtime_v1/results/agent_evaluations/agentdojo/A15B0_ARMC_SCI_TOOL_KNOWLEDGE_200/gpt-4o-mini-piarena-agentwatcher/workspace/user_task_6/tool_knowledge/injection_task_1.json	2704	6ab08be3981156ca5e488dda32055264e4ca91087d89d31cfb463b95d8daf00a
external/AgentWatcher_armc_runtime_v1/results/agent_evaluations/agentdojo/A15B0_ARMC_SCI_TOOL_KNOWLEDGE_200/gpt-4o-mini-piarena-agentwatcher/workspace/user_task_6/tool_knowledge/injection_task_10.json	2730	afe970068ef4a3388ead37f0b78a5510343bdf9db71e776a11215f6e37ea351b
external/AgentWatcher_armc_runtime_v1/results/agent_evaluations/agentdojo/A15B0_ARMC_SCI_TOOL_KNOWLEDGE_200/gpt-4o-mini-piarena-agentwatcher/workspace/user_task_6/tool_knowledge/injection_task_11.json	2662	b42faf2bf757c0e84e12b54a966642d1876dd18b3124ec70c06cf3f69973193e
external/AgentWatcher_armc_runtime_v1/results/agent_evaluations/agentdojo/A15B0_ARMC_SCI_TOOL_KNOWLEDGE_200/gpt-4o-mini-piarena-agentwatcher/workspace/user_task_6/tool_knowledge/injection_task_3.json	3000	453dd59ff087f7e9ac62047964d401f964cf9bbd0d00e45f65f9c167fdcd8415
external/AgentWatcher_armc_runtime_v1/results/agent_evaluations/agentdojo/A15B0_ARMC_SCI_TOOL_KNOWLEDGE_200/gpt-4o-mini-piarena-agentwatcher/workspace/user_task_7/tool_knowledge/injection_task_10.json	2466	481e1827b08d89511b3ffd99cbac8173d0b83e3ee0f07ef8f53bbcd1359bdfbc
external/AgentWatcher_armc_runtime_v1/results/agent_evaluations/agentdojo/A15B0_ARMC_SCI_TOOL_KNOWLEDGE_200/gpt-4o-mini-piarena-agentwatcher/workspace/user_task_7/tool_knowledge/injection_task_11.json	2512	76f282b2a9a8400da10a71cfe1bd45f2ea62e69fcc7b38117ab39c87fc5bcb80
external/AgentWatcher_armc_runtime_v1/results/agent_evaluations/agentdojo/A15B0_ARMC_SCI_TOOL_KNOWLEDGE_200/gpt-4o-mini-piarena-agentwatcher/workspace/user_task_7/tool_knowledge/injection_task_5.json	2845	ac48d01859e0ca632d9ba48f6b41d7d1bcd80d6501305a495f11e9e6b65a496d
external/AgentWatcher_armc_runtime_v1/results/agent_evaluations/agentdojo/A15B0_ARMC_SCI_TOOL_KNOWLEDGE_200/gpt-4o-mini-piarena-agentwatcher/workspace/user_task_7/tool_knowledge/injection_task_9.json	2915	6b013e77f10933264b845eed16f360fcaa1deb46dc0163adbe32e21830daf8f9
external/AgentWatcher_armc_runtime_v1/results/agent_evaluations/agentdojo/A15B0_ARMC_SCI_TOOL_KNOWLEDGE_200/gpt-4o-mini-piarena-agentwatcher/workspace/user_task_8/tool_knowledge/injection_task_1.json	2525	2d52655afa4bb26030dc2c4fc9d761d393ef007c6878f1c54f66681b7234ca4a
external/AgentWatcher_armc_runtime_v1/results/agent_evaluations/agentdojo/A15B0_ARMC_SCI_TOOL_KNOWLEDGE_200/gpt-4o-mini-piarena-agentwatcher/workspace/user_task_8/tool_knowledge/injection_task_10.json	2551	ae008ad2f25aa8fafefe17806f158a77f7462edf50beec363b8a9b9aefdc305d
external/AgentWatcher_armc_runtime_v1/results/agent_evaluations/agentdojo/A15B0_ARMC_SCI_TOOL_KNOWLEDGE_200/gpt-4o-mini-piarena-agentwatcher/workspace/user_task_8/tool_knowledge/injection_task_5.json	2930	a0f20ab284fe394963067104508772bb25bb6bbd8024b72d7e992493e001ab93
external/AgentWatcher_armc_runtime_v1/results/agent_evaluations/agentdojo/A15B0_ARMC_SCI_TOOL_KNOWLEDGE_200/gpt-4o-mini-piarena-agentwatcher/workspace/user_task_8/tool_knowledge/injection_task_6.json	2590	f2b4ececcb975a2933caddd8a003821a67a82c37bb244659024405c6453f38e2
external/AgentWatcher_armc_runtime_v1/results/agent_evaluations/agentdojo/A15B0_ARMC_SCI_TOOL_KNOWLEDGE_200/gpt-4o-mini-piarena-agentwatcher/workspace/user_task_9/tool_knowledge/injection_task_0.json	2768	4a36e3151296766261aeceb98a7e4a1f9b541d8a7fb033c99adf75b77b713d5a
external/AgentWatcher_armc_runtime_v1/results/agent_evaluations/agentdojo/A15B0_ARMC_SCI_TOOL_KNOWLEDGE_200/gpt-4o-mini-piarena-agentwatcher/workspace/user_task_9/tool_knowledge/injection_task_2.json	2829	47266c6894bf53804aa58b793f45281e265171fd41d54278c55fe78d293c3b5a
external/AgentWatcher_armc_runtime_v1/results/agent_evaluations/agentdojo/A15B0_ARMC_SCI_TOOL_KNOWLEDGE_200/gpt-4o-mini-piarena-agentwatcher/workspace/user_task_9/tool_knowledge/injection_task_5.json	3015	9b4c653d67b84ac94bb8b3a9834a7072182bf9c234390aa27c897f1d3d6211f9
external/AgentWatcher_armc_runtime_v1/scripts/main.sh	1016	09b4b437379bf687178552eb2ec7c76dedd472b2494cfd57d5c225368cf9eb4b
external/AgentWatcher_armc_runtime_v1/scripts/main_agentdojo.sh	2020	dd57759b95bbe1f527ee538ace4af65bdb0015bbaa0a89edaf9a2a7ae30855f4
external/AgentWatcher_armc_runtime_v1/scripts/main_agentdyn.sh	1761	f435dc3bb5ad65dba05742778c1cd9b1f03119f42314c553fa2539b91852195d
external/AgentWatcher_armc_runtime_v1/scripts/main_injecagent.sh	1135	46728bcb310a60bd1c28cb424ac738e5f6d82c48d3089a9f8cb632f7f2fc0780
external/AgentWatcher_armc_runtime_v1/scripts/run_agentdojo.py	5674	737e42561dca974d66618f391764b49e3c9f6261dc0ef083207cb325fa6be793
external/AgentWatcher_armc_runtime_v1/scripts/run_agentdyn.sh	2441	b7ccb034cadfb74297e31f752a70d86ecba1dde007f19b6271f4de3da4346dc7
external/AgentWatcher_armc_runtime_v1/scripts/run_injecagent.py	4114	8748d0c9ff25c7c2dff5d0f002e5c8d602d84982ad56e8364464cab77df66ca9
external/AgentWatcher_armc_runtime_v1/scripts/run_long_context.py	4454	6cadf5135047f3295efb4d55ee67747286035bd2c4fe54a8cd7f0317c0ec0817
external/AgentWatcher_armc_runtime_v1/src/__init__.py	21	ba0cae165884aad0304261f8b1395cd7a6172986c558399fca4f3b7c4ac1f3ef
external/AgentWatcher_armc_runtime_v1/src/llm.py	7873	eed5ad2e7dba8169a25bed699a9788414f244999f1a490f86d4c248120ec2fc1
external/AgentWatcher_armc_runtime_v1/src/llm_vllm.py	15364	e90c69ff78fc8f78f75b0df3d92575ae95bcb0a28763f919ba9f613478fc989a
external/AgentWatcher_armc_runtime_v1/src/utils.py	8704	029ed8827c137a01fcacd853093cc4c0afabb7457698bfad75279c0eb9ce9c87
external/AgentWatcher_armc_runtime_v1/src/attacks/__init__.py	223	097e42bd8ebcf8f4de35609a2c43e01f7bd2b9ba2206b29ccec1719a3adc5581
external/AgentWatcher_armc_runtime_v1/src/attacks/attack_heuristic.py	1172	8fe33731ac5e83421644ec37061752c8005cede89f0fec667d28291eb2738e61
external/AgentWatcher_armc_runtime_v1/src/attacks/attack_none.py	106	4254d7aa4414fc41e9f7b26541209e93d80043acee550aef22520a70db8c9bce
external/AgentWatcher_armc_runtime_v1/src/defenses/__init__.py	975	0dc029c77312e670fde20dadb9e78a7ca6733e8865b24ca6639265771f0a81a0
external/AgentWatcher_armc_runtime_v1/src/defenses/__init__.py.UPSTREAM_F6CE2C8	1571	5645456414113eb903c52dcc025d4e3746caebb874d617de4f01baef918c9209
external/AgentWatcher_armc_runtime_v1/src/defenses/defense_none.py	3875	7236563ffac5c83ac76e736281950593b991389d3ef2c3d8a2bbf64f5d178afa
external/AgentWatcher_armc_runtime_v1/src/defenses/agentwatcher/__init__.py	151	8df8facbd9483ac82a4dfe6eb4ec13a4fb8fd7aaea2ac05079a77e72659548ef
external/AgentWatcher_armc_runtime_v1/src/defenses/agentwatcher/attention_utils.py	11528	4f45f715c7ac1853be3466bb7f84b3b2707e3502653a6f910f3ce5a51bbc2d98
external/AgentWatcher_armc_runtime_v1/src/defenses/agentwatcher/defense_agentwatcher.py	23818	be6ec4e27e5484ed2beb522bec23d7fa4daf7f9b381b06c6deee027a7f3abd5a
external/AgentWatcher_armc_runtime_v1/src/defenses/agentwatcher/utils.py	1877	35a27e24d3407974d6f8e0ac1f368bc88ed4b04d818b00098a118d6ca6b87cb0
external/AgentWatcher_armc_runtime_v1/src/defenses/datasentinel/__init__.py	66	03eeaeff3416fd45d9eefc7cea7197d743d4f503edef561a3c8c10732c4289e0
external/AgentWatcher_armc_runtime_v1/src/defenses/datasentinel/defense_datasentinel.py	4632	f5421a3a6ad3fdb3edd867adf6ec8019a6e0d3c455952bb5fd4eda69759b7ed9
external/AgentWatcher_armc_runtime_v1/src/defenses/datasentinel/OpenPromptInjection/__init__.py	382	b75ccf52ce76eb4fb716523d298ecd4830463711acd5d145cbda4b84ba4955ad
external/AgentWatcher_armc_runtime_v1/src/defenses/datasentinel/OpenPromptInjection/apps/Application.py	7906	475de2c00cd6cdde39d0759e6aeac5889d98bdc2aa3c0f6ffd02bc4334ddf8ad
external/AgentWatcher_armc_runtime_v1/src/defenses/datasentinel/OpenPromptInjection/apps/DataSentinelDetector.py	1698	357a22776d1fc8aab5d03cf054037b3511f9b0cc9c8490d358b53557a0f9db68
external/AgentWatcher_armc_runtime_v1/src/defenses/datasentinel/OpenPromptInjection/apps/PromptLocate.py	13070	1613a09bfc12baba288f177929203da4c57457ce8e12b817440716c0ab92a454
external/AgentWatcher_armc_runtime_v1/src/defenses/datasentinel/OpenPromptInjection/apps/__init__.py	219	c28eaa0b59b277d57943d680ecce23223196d7050302bf38652d2ed5f035da94
external/AgentWatcher_armc_runtime_v1/src/defenses/datasentinel/OpenPromptInjection/apps/bpe.py	6645	8298758af131865cf31364ce7068185fde9c2c7f6c4da01b824bc5e05abcfffd
external/AgentWatcher_armc_runtime_v1/src/defenses/datasentinel/OpenPromptInjection/apps/utils.py	3602	e6d09738fc46d94063774f986428ff6d0780e2e84b7bff95a777d31bc8f3ce0a
external/AgentWatcher_armc_runtime_v1/src/defenses/datasentinel/OpenPromptInjection/attackers/Attacker.py	434	022b1a22f7c940cab5dd2ca9300a0de772c313cf2bef46d0fb1c894d8b92b05c
external/AgentWatcher_armc_runtime_v1/src/defenses/datasentinel/OpenPromptInjection/attackers/CombineAttacker.py	2834	cdf9d93b76566c77285a2eb17ff4ef24e6bfb203e33b8b1959fb76234b2da214
external/AgentWatcher_armc_runtime_v1/src/defenses/datasentinel/OpenPromptInjection/attackers/EscapeCharAttacker.py	757	f997232152f94b2598a36df00cf4782c4e6fb1c5d09f7469630b936ec8b36191
external/AgentWatcher_armc_runtime_v1/src/defenses/datasentinel/OpenPromptInjection/attackers/FakeCompAttacker.py	2650	e3df076fc45e195fdb0771583a24a42eb4e0c0be4ac39e248aa978ea963fd816
external/AgentWatcher_armc_runtime_v1/src/defenses/datasentinel/OpenPromptInjection/attackers/IgnoreAttacker.py	812	2213b81bd990c2880647657209123104e5a0c9f8aa33db1e7883c44de31022f2
external/AgentWatcher_armc_runtime_v1/src/defenses/datasentinel/OpenPromptInjection/attackers/NaiveAttacker.py	751	592b10860100350c97451fd498f6be670064302a630d3b5e8458264e6b5f4c2d
external/AgentWatcher_armc_runtime_v1/src/defenses/datasentinel/OpenPromptInjection/attackers/__init__.py	1068	4e0a6bbb0c005e02549ea7784f003e261285d4b1688db19abc3e5846b8cf40a2
external/AgentWatcher_armc_runtime_v1/src/defenses/datasentinel/OpenPromptInjection/evaluator/Evaluator.py	7059	07f37663980dc4ad4f09e9206bdf4f4eae5057079bae1f8a2b87d499f2772a5e
external/AgentWatcher_armc_runtime_v1/src/defenses/datasentinel/OpenPromptInjection/evaluator/__init__.py	351	523c7b307291eca59c7a45b9ff700f8ae024cf4d8ca09973ccd29558b59e2191
external/AgentWatcher_armc_runtime_v1/src/defenses/datasentinel/OpenPromptInjection/evaluator/gleu_utils.py	8512	4f67f7e772ca0900765bf78771f3515f7085d6b9212f3b82414ffbaa707858ca
external/AgentWatcher_armc_runtime_v1/src/defenses/datasentinel/OpenPromptInjection/evaluator/utils.py	5590	2d93377c8446b476584d24b36823aa286bbd96af11238a583498f388575cb7b0
external/AgentWatcher_armc_runtime_v1/src/defenses/datasentinel/OpenPromptInjection/models/DeepSeek.py	4672	a12316631c279620b880055ba41cad85e8eccdf1200642744ee10cbbe341c642
external/AgentWatcher_armc_runtime_v1/src/defenses/datasentinel/OpenPromptInjection/models/Flan.py	852	58b5cc59f89c969583a16c71d9d7250f1ef529003de5d1e0e9faa053a7f1626a
external/AgentWatcher_armc_runtime_v1/src/defenses/datasentinel/OpenPromptInjection/models/GPT.py	2611	758e9c30297e5791f87db1de3bbcd897b35c4af4bb87d8e5c96132b78b9737df
external/AgentWatcher_armc_runtime_v1/src/defenses/datasentinel/OpenPromptInjection/models/Internlm.py	702	54b3f94774f85a48ad1c40558516ae85b669927363ca353af342fb1c711cda6c
external/AgentWatcher_armc_runtime_v1/src/defenses/datasentinel/OpenPromptInjection/models/Llama.py	900	cbb406d0459e2da4f2f2d86bf34aa4268a54504c2124ad254805c729fbab1ba3
external/AgentWatcher_armc_runtime_v1/src/defenses/datasentinel/OpenPromptInjection/models/Llama3.py	4756	c3787d1bacbf92e56b063187a20357a75a00fd0f632bbff6e71ff6f1165fe7e7
external/AgentWatcher_armc_runtime_v1/src/defenses/datasentinel/OpenPromptInjection/models/Model.py	1911	291e886662278ec4debc1bf3ebf26b4b8cce4a02ec21b224d5a1e7d370c439d8
external/AgentWatcher_armc_runtime_v1/src/defenses/datasentinel/OpenPromptInjection/models/PaLM2.py	2642	c438fffe45efd9ec2ca1ffbfd7205173536a2be37a881001a395ec2a4fb3780f
external/AgentWatcher_armc_runtime_v1/src/defenses/datasentinel/OpenPromptInjection/models/QLoraModel.py	5751	9d10b9d80be21f17c8de9d180f98c12547a4b38d6cadbbc3bedfa0710be5e8f1
external/AgentWatcher_armc_runtime_v1/src/defenses/datasentinel/OpenPromptInjection/models/Vicuna.py	2369	4e9a9e9e88e4c7640a8448c536fae92d3b3a07eb8e72bf0f5e23013e8f4f1504
external/AgentWatcher_armc_runtime_v1/src/defenses/datasentinel/OpenPromptInjection/models/__init__.py	1941	bd68bf07552b842a25fb12c8c33f165a72e53d87951b36e4a088e0175be60935
external/AgentWatcher_armc_runtime_v1/src/defenses/datasentinel/OpenPromptInjection/tasks/CompromiseTask.py	624	ec0803d28ca166a3fe8d089ce93271dc649e834ab908459cf1d516754a111e00
external/AgentWatcher_armc_runtime_v1/src/defenses/datasentinel/OpenPromptInjection/tasks/InjectedTask.py	2497	45698624be8fb9a62bc622c72fc1a6f53c31bb5c91c91c2f99f2c57fd9727bc8
external/AgentWatcher_armc_runtime_v1/src/defenses/datasentinel/OpenPromptInjection/tasks/Math500.py	622	a6aefc9c99cd1c66b19c027eda516c2a1a9052b7d3ad42a454f4f035718d63c1
external/AgentWatcher_armc_runtime_v1/src/defenses/datasentinel/OpenPromptInjection/tasks/ReasoningTask.py	1356	a9e98c9397f69a777ff26594bcc6a0bd5476ac78576eedef948a201622287a5c
external/AgentWatcher_armc_runtime_v1/src/defenses/datasentinel/OpenPromptInjection/tasks/TargetTask.py	2425	bb01a08fb64a8221d37d6aaef13bc392a222119d91966264fff18dc32767834d
external/AgentWatcher_armc_runtime_v1/src/defenses/datasentinel/OpenPromptInjection/tasks/Task.py	8754	5ae8b96a03d0a2b7dde0a7d1d631a591c3e65f1e74a928a87df1fb3ab54c09cd
external/AgentWatcher_armc_runtime_v1/src/defenses/datasentinel/OpenPromptInjection/tasks/__init__.py	773	458d3e9d333a951d4e7451fdcb70f5c71b0fa3939303b2046d46a746f8760510
external/AgentWatcher_armc_runtime_v1/src/defenses/datasentinel/OpenPromptInjection/tasks/gigaword.py	4779	3be54cdd4ed3b17148fcdeabb283d9c12a3cc90a09e7a315007de12d4a9953c7
external/AgentWatcher_armc_runtime_v1/src/defenses/datasentinel/OpenPromptInjection/tasks/gleu.py	29325	7bf2f2686bca9060b6e429a5bcbda3730a30dc4515fa66b92e0464a2726cfa48
external/AgentWatcher_armc_runtime_v1/src/defenses/datasentinel/OpenPromptInjection/tasks/hsol.py	3891	be10f83d9c3a3aa79c065aca901394020bf00804993a398e110c4e4dcc815e6f
external/AgentWatcher_armc_runtime_v1/src/defenses/datasentinel/OpenPromptInjection/tasks/jfleg.py	6045	22ee95ecbac1abedd6374fe0b369fd64a1750f3a01202f2ae83abf681f219cb0
external/AgentWatcher_armc_runtime_v1/src/defenses/datasentinel/OpenPromptInjection/tasks/sms_spam.py	3607	0c9c5b4c37617a0e3ec1a27dae33051516f450164036112f2b6e15335f6cd875
external/AgentWatcher_armc_runtime_v1/src/defenses/datasentinel/OpenPromptInjection/tasks/sst2.py	4162	dbc2378bc628fe49b5b9cf532fcf12e18d6c8663275fe170f6c64080c81745f8
external/AgentWatcher_armc_runtime_v1/src/defenses/datasentinel/OpenPromptInjection/tasks/utils.py	1036	033f62a9ee7cd8100ce3b85c15bf60746b3a13723e470debaa912a353d0b9086
external/AgentWatcher_armc_runtime_v1/src/defenses/datasentinel/OpenPromptInjection/utils/__init__.py	87	03135d1444330f6cc8a21b8a9c5b007cf5661593f5b22880f7b4693e300926ee
external/AgentWatcher_armc_runtime_v1/src/defenses/datasentinel/OpenPromptInjection/utils/process_config.py	459	a1e6f3e766ad42a0c19026aa1ad30c9388afa050362dabf4afa474306037ae96
external/AgentWatcher_armc_runtime_v1/src/defenses/datasentinel/OpenPromptInjection/utils/process_txt.py	326	2cf086d2cde61cec43ef8e0497b0657c3ed56a5bbb8167f5cffbdaf600613991
external/AgentWatcher_armc_runtime_v1/src/defenses/gptsafeguard/__init__.py	67	bfb07c16aae8bf0eb6d1b8a636341c5567ac1681318807e9a88748a23826ee3d
external/AgentWatcher_armc_runtime_v1/src/defenses/gptsafeguard/defense_gptsafeguard.py	8470	9dd8e2f5a1e8843f05b8e6b3d4e77a342ae35263d1fa23d9298878ddcc9f278b
external/AgentWatcher_armc_runtime_v1/src/defenses/monitor_llm_module/__init__.py	49	be9cb038364337552f814ae9f369916a9a90b05b0b01a9a7a57cc8c6a99d8eda
external/AgentWatcher_armc_runtime_v1/src/defenses/monitor_llm_module/core.py	6876	e15426ad472769d4249a8e5700e8b445d4b1815c4aa28dd447479e6a991083b4
external/AgentWatcher_armc_runtime_v1/src/defenses/monitor_llm_module/messages.py	18549	976a4550ea585898e2c61f72ccf184c110aeb930b5c5f2b1f3119ea087e45708
external/AgentWatcher_armc_runtime_v1/src/defenses/piguard/__init__.py	51	fc2cbb4c6ebd4efdd7f13f39eef60494d92a7b9cf5bd8b8105bf3513d6fe80ba
external/AgentWatcher_armc_runtime_v1/src/defenses/piguard/defense_piguard.py	4661	2c3d32a952e7b100e4b8b715d8b2bbe898e73ff99cec227fcceb5a2ad9c08e00
external/AgentWatcher_armc_runtime_v1/src/defenses/promptarmor/__init__.py	63	4f9de3ab093398dcb681d6b7a09fe15d38fdb2e07b73498e5cfbd8e23a579ce2
external/AgentWatcher_armc_runtime_v1/src/defenses/promptarmor/defense_promptarmor.py	5834	5ac4960379c66218b1537814dd5399300099e463ce7c788c68864f15cfc12ee3
external/AgentWatcher_armc_runtime_v1/src/defenses/promptguard/__init__.py	63	ebb5d5a39a06217e9a29f50bc88c056a35f73eff53e2e60e1ed87208dfb1298a
external/AgentWatcher_armc_runtime_v1/src/defenses/promptguard/defense_promptguard.py	4617	e7bf001176961a1d93decd8a0dbefed8fbd2abc35195a6bd512602273a638a91
external/AgentWatcher_armc_runtime_v1/src/evaluations/__init__.py	4832	f625b67d9d643400895decbd09040eb0ef3db05d3ef3bc7b77884011a426b68c
external/AgentWatcher_armc_runtime_v1/src/evaluations/llm_judge.py	13201	f641d79b495af089d89f39af35245eebe00970f2d1f35ce5cd5ecbcc1583f900
external/AgentWatcher_armc_runtime_v1/src/evaluations/longbench_metrics.py	5950	59486f91a183e16c719a929510b2db3784ec4b4607f3fcb3b4f97b44f3787cab
external/AgentWatcher_armc_runtime_v1/src/evaluations/open_prompt_injection_metrics.py	3310	25f6577f932692fe5eb0113e68fc50582f71ec483661504838eba30199b65af2
external/attriguard_zenodo_v1/usenix-artifacts.zip	118255	81c6d58fdd09c8af217e59dc752dc032dab32c29e204dd7f9d936592174bbf1a
external/attriguard_zenodo_v1/usenix-artifacts/adaptive_attack/README.md	4000	1abe8e0711b833049706cd304bac80a2cfb7166d24fb83181e73079149b0550f
external/attriguard_zenodo_v1/usenix-artifacts/adaptive_attack/environment.yaml	840	afb832fd629ac546c96482cda3066e87930a44a3a8079232053ab0980f40a97b
external/attriguard_zenodo_v1/usenix-artifacts/adaptive_attack/openevolve_for_agentdojo/.env.example	712	09da2047a8f3d1c4c0aa95d4982ada79f2cb74e115725743955f3a4fcd8b170a
external/attriguard_zenodo_v1/usenix-artifacts/adaptive_attack/openevolve_for_agentdojo/AttriGuard.py	42678	09241a5e0aff6d0a9c3c759713330eb49c172397746b9bb3c4a344b715cbd1cc
external/attriguard_zenodo_v1/usenix-artifacts/adaptive_attack/openevolve_for_agentdojo/agentdojo_evaluator.py	27890	21ab21d25c47800909871c07692647961ccbeaa5443f95ba9dec1cb270c6b3ff
external/attriguard_zenodo_v1/usenix-artifacts/adaptive_attack/openevolve_for_agentdojo/attack.py	1646	9f23a852ec04eb7ccdb9044e7b7e24581ab281bef5b11ab2f2d5f60eb2f4bfdc
external/attriguard_zenodo_v1/usenix-artifacts/adaptive_attack/openevolve_for_agentdojo/attriguard_openevolve_patch.py	26973	f19f457761ccd4afb1e003558b488a0ca9b7d76dba74aff82defde6b8078741c
external/attriguard_zenodo_v1/usenix-artifacts/adaptive_attack/openevolve_for_agentdojo/combine_attack.py	728	ba46dd40d6eeaa4aebbb84a0e7a3af63a202d06fc71cf99f8cbe1239712bad7a
external/attriguard_zenodo_v1/usenix-artifacts/adaptive_attack/openevolve_for_agentdojo/config.yaml	1960	f39c6c94c4f8b7edae9d5f5cf1a19c2dd0d517d7b989ffa590495a3b19e7bfdf
external/attriguard_zenodo_v1/usenix-artifacts/adaptive_attack/openevolve_for_agentdojo/config_example.yaml	2197	a6f87ee1302b3c6914ba6f4bfeb91abc631a9a0638aa1d2b035880ce0077fbcd
external/attriguard_zenodo_v1/usenix-artifacts/adaptive_attack/openevolve_for_agentdojo/get_reaction_from_agentdojo_log.py	7203	89a1c7854413a1032923cad611fa03a41756149c498a3a5f3cda5b09a9822aca
external/attriguard_zenodo_v1/usenix-artifacts/adaptive_attack/openevolve_for_agentdojo/kill.sh	2350	2d22901ca76f53ca48c9863fc602a827e4796d15a8ec48397b4b6e1b9b9b7e38
external/attriguard_zenodo_v1/usenix-artifacts/adaptive_attack/openevolve_for_agentdojo/main_attack.py	7244	7c4495ca086fd3dc2b14a1712bcd50d48f1e727ea3dffe5e9492a6b70a96b1a3
external/attriguard_zenodo_v1/usenix-artifacts/adaptive_attack/openevolve_for_agentdojo/my_agent_pipeline.py	8992	5074f6a70ea709dde6cb6f5510da84d4871fc5b8da48b0af01d0ad3a83a44b2b
external/attriguard_zenodo_v1/usenix-artifacts/adaptive_attack/openevolve_for_agentdojo/my_benchmark.py	16301	1319c376c6686433d09925b881d2d3e1d6b9ae2877deb59d19206e6463a613c2
external/attriguard_zenodo_v1/usenix-artifacts/adaptive_attack/openevolve_for_agentdojo/openevolve_runner.py	11025	768e1904c3f502ca732bf8b862193f18e8d55249445fc5fcc34fc86252065c6d
external/attriguard_zenodo_v1/usenix-artifacts/adaptive_attack/openevolve_for_agentdojo/pydantic_fix.py	191	125829f640f77454e9f0d3fa8f69d91046f99da9127ced933cbb902b3de82334
external/attriguard_zenodo_v1/usenix-artifacts/adaptive_attack/openevolve_for_agentdojo/run.sh	60	8e08ec28ecbb8b772d3e8c942b65e0c1ce83019144b26e9ec43c9570198c28c9
external/attriguard_zenodo_v1/usenix-artifacts/adaptive_attack/openevolve_for_agentdojo/runtime_patches.py	860	523a87452b91987a551f053bc89ea408e5e958af5399bd1599e0069b2321dded
external/attriguard_zenodo_v1/usenix-artifacts/adaptive_attack/openevolve_for_agentdojo/scorer_llm.py	11429	4de6a2f97617c52461fb280c82af8321fc5c13bf52343856023b0310ba8a92b6
external/attriguard_zenodo_v1/usenix-artifacts/adaptive_attack/openevolve_for_agentdojo/seed_attriguard.txt	48	66e73794fcd7a5db4b044252f422d9da3da864fecf15abc866f0d8eee21f9324
external/attriguard_zenodo_v1/usenix-artifacts/adaptive_attack/openevolve_for_agentdojo/mutator_prompt/descriptionforattriguard.txt	5285	034ea73bc0e12098b23a164c6954215133005535d569989079a1bfc2d9a9ee90
external/attriguard_zenodo_v1/usenix-artifacts/adaptive_attack/openevolve_for_agentdojo/mutator_prompt/full_rewrite_user.txt	254	1d06b547e4ac2c15eb6c132098b10636633ff381d31d662178272bd6fdbfdd04
external/attriguard_zenodo_v1/usenix-artifacts/adaptive_attack/openevolve_for_agentdojo/mutator_prompt/unified_systemprompt.txt	3423	02f038a8274859eb885545ed019744e0c76baf1586c60b8b5c3db1ad2308e0ba
external/attriguard_zenodo_v1/usenix-artifacts/adaptive_attack/openevolve_for_agentdojo/scorer_prompt/attriguard.txt	6227	741de5979b1c25e38eb236a662db9bfc01383880a017e412088bf49ac7629954
external/attriguard_zenodo_v1/usenix-artifacts/adaptive_attack/openevolve_for_agentdojo/scorer_prompt/user_attriguard.txt	138	e80ac4056c8a04d5fc8f60e183e0bd93074f63b5f60acb746fd0d0d2c38a424f
external/attriguard_zenodo_v1/usenix-artifacts/main/README.md	3231	181aacd956d0107b6807fc75e7392be199b3a203ff5e28c2cb9569530b49eeab
external/attriguard_zenodo_v1/usenix-artifacts/main/environment.yml	675	fb85d85ff254ed31f7799831f9c143af5083029b0a23b96846af8a0e07ba0565
external/attriguard_zenodo_v1/usenix-artifacts/main/asb_attriguard/README.md	3024	9e70bded4fe9b94dba6f6452fff6a97a9a74af2ae70fb2ad457f68310b19a87e
external/attriguard_zenodo_v1/usenix-artifacts/main/asb_attriguard/environment.yml	349	b67496d346ef5bf8d3c50e30a9c3ed242eb42702ed728f7805c8e2946ddbc10f
external/attriguard_zenodo_v1/usenix-artifacts/main/asb_attriguard/setup_asb_attriguard.sh	1245	3e6712a8a38f52ec8baca84f86db858c25e6e1f94d265a1b53e4c13dac5c4f6b
external/attriguard_zenodo_v1/usenix-artifacts/main/asb_attriguard/overlay/pyopenagi/agents/react_agent_attack.py	28014	fec158249f52b085d99830486d59cb6cbf80853736f35787b58738721357647f
external/attriguard_zenodo_v1/usenix-artifacts/main/asb_attriguard/overlay/pyopenagi/defenses/__init__.py	31	959fe0051a3c40a53fa34cf4120d07840f522f5f2d081f68ebdbd76e17432906
external/attriguard_zenodo_v1/usenix-artifacts/main/asb_attriguard/overlay/pyopenagi/defenses/attriguard.py	48902	ec88fd1a3a71589dd0a93cd678403a0dfa0b2fe01a53c7378463bb458f7545c6
external/attriguard_zenodo_v1/usenix-artifacts/main/asb_attriguard/overlay/pyopenagi/tools/simulated_tool.py	1803	4de7b719b445e570471f7c5534a404cc8840e1719f2dc014645e90fe13dba051
external/attriguard_zenodo_v1/usenix-artifacts/main/pipeline/.env.example	402	df80e29f3d84799fefea3ca032309d43aef477909be31749e39c20b37854e0b1
external/attriguard_zenodo_v1/usenix-artifacts/main/pipeline/AttriGuard.py	43150	6d28e2208efbd521bf3f2e90c553e57b11c786e65564eababacb8cdf4f8050d8
external/attriguard_zenodo_v1/usenix-artifacts/main/pipeline/combine_attack.py	728	ba46dd40d6eeaa4aebbb84a0e7a3af63a202d06fc71cf99f8cbe1239712bad7a
external/attriguard_zenodo_v1/usenix-artifacts/main/pipeline/local_llm_compat.py	8748	e7ca7eb58cbd8fea9af32e9df7c76614105d20e7a66488215b1d21668f161b36
external/attriguard_zenodo_v1/usenix-artifacts/main/pipeline/my_agent_pipeline.py	10838	1976917813ea957529fcb5f8672ef1b2ac199b82b9fb5164c402d1998ae2f96d
external/attriguard_zenodo_v1/usenix-artifacts/main/pipeline/my_benchmark.py	11952	da2cc432ae57f9ac39beff13da474effe213166f7d98ac8de03bf531b20fa38e
external/attriguard_zenodo_v1/usenix-artifacts/main/pipeline/openai_llm_compat.py	13484	706bfb0b26bf4cc5f317892798b509d82966bb0d92305f65be45cbcb4bd7764a
external/attriguard_zenodo_v1/usenix-artifacts/main/pipeline/pydantic_fix.py	191	125829f640f77454e9f0d3fa8f69d91046f99da9127ced933cbb902b3de82334
external/attriguard_zenodo_v1/usenix-artifacts/main/pipeline/run.sh	2042	45d74397434a6b130ad17278e340e7e512d1b6d649510e696df3b29c05b59aaf
external/attriguard_zenodo_v1/usenix-artifacts/main/pipeline/runtime_patches.py	854	ccddd2994173b3bb083787313e4997279f4a7020dce45b5f3aa1487e0964704e
falsify/falsify.json	239755	12fe0aac7cb80600ba45b52255010278e4c7bd383f36e69e163d953e7d5e7d08
falsify/observations.jsonl	643864	d94be65a81db75bd8ab1c689dbd1f9d1ae0a983e10e943eb5a8c03f63ec0872b
falsify/preregistration_A13.json	1173	d99625cbd9ee2531237d84f1548c7e46ebd904cc4a3c317761ce14d223ad684a
falsify/run_config_copy.json	1855	61608e6a0bed3976037639904e32900b3b4c9da612c0855a2d78149bf398cf71
falsify/run_metadata.json	1043	6ac18a3f2beb9b70cf013a170ace5748cb971ed853e0f4441071f59523f6a928
logs/a15b0_armc_dev_smoke_repaired.log	137614	196b187056311b4c308d7ee3834091d828c476c44d09ab0a013edf047e4d28b0
logs/a15b0_armc_sci_important_instructions_200.log	1574229	6dcaae552dfc95392697691fed93e0dada2d7a2411139ae49e2c8a0e8b61280c
logs/a15b0_armc_sci_tool_knowledge_200.log	1556964	9dc7c72da5b33cf06ae9c4a7bb1aaa53de68db317777d231e554ebf6c1857ba7
logs/attriguard_a14_v2_03_synthetic_smoke.log	3263	9bee4085fcdfe12cce5289dcdfcef01f1e1eb6cd553d2d5ad373827f388ad0b7
logs/attriguard_a14_v2_06_analysis.log	7743	37f4a7a0f3ee6bca5b9725fd058370c13507bf7c74c2f0374b313ca280799749
logs/n3_vllm_gemma.log	121584	a460b21a060db3c4c3fbf07ab66285cb5d3b986102e0ab4dac53370aa33588db
logs/n3_vllm_llama.log	104430	bd6a23faac6aad64921b0bc5d95b30136be41d9d450f92f7b0d0315391faa675
n6_attriguard_n3_v1/scientific_v1/N6_ANALYSIS.json	3305	432bab81ef298938f095157328293c679f4c416dad1469c62022ccd55444a79f
n6_attriguard_n3_v1/scientific_v1/N6_ANALYSIS.md	448	811e60e0eeb8b8c7fdde3890cd07c60b258b97d5a4a0b563681f518d99577323
n6_attriguard_n3_v1/scientific_v1/N6_ATTEMPTS.jsonl	2720882	ddf4b0917d8af8330a8c0e485ab11ee90d2500082f632ada1b2f4611cfd4c393
n6_attriguard_n3_v1/scientific_v1/N6_PROVIDER_CALLS.jsonl	1366053	2a9e1882972659f358431e3c5e14f1167656f44c92a3b8abbaf7e1855acb2b6f
n6_attriguard_n3_v1/scientific_v1/N6_RESULTS.jsonl	468199	847febc64c01f2e26075a072d1f4763a8e1ad693ee2f94ed31f0d78bb6d6dff8
phase0/pilot/claim_a/claim_a_workspace_k3_threshold__qwen2.5-72b.json	170395	10244cc00557de19637e3e5594a4688a8e115e87f0e4c89a1732e6f84cd6a73a
phase0/pilot/claim_a/transcripts_workspace_k3_threshold__qwen2.5-72b.jsonl	2461521	19a722607245a0b2ca7ea51d28443593dced9a456efaa22916f2daf4706f786e
phase0/pilot/claim_a__SWEEP_2026-08-05/claim_a_slack_ut20_it2_k3_threshold__qwen2.5-72b__sweep.json	142649	21209aa179b6169d1bfe9162bdec7ea7a14f4c349b3810c7e22ecd1d54b35ea2
phase0/pilot/claim_a__SWEEP_2026-08-05/transcripts_slack_ut20_it2_k3_threshold__qwen2.5-72b__sweep.jsonl	1082377	1e815f4937c80827032b5e07cfb732921e844277f6783736f4a3bfd005eda7b6
phase0/pilot/claim_a__run_2026-08-01_threshold/claim_a_workspace_k3_threshold__claude-sonnet-4.5.json	150475	f3234e80d6ac715bed6c2c2917c4f6b673f9c25da4223fcc1ee0471bf8634de8
phase0/pilot/claim_a__run_2026-08-01_threshold/claim_a_workspace_k3_threshold__gemini-2.5-flash.json	134602	378a05fa2c0d66f03ee84fea9530311e48d56a5cf95991c6d9ea335f8ff5f9b5
phase0/pilot/claim_a__run_2026-08-01_threshold/claim_a_workspace_k3_threshold__gpt-4o.json	152062	d4ee5b2cf232aa429973433d2e311a368c2127cf5c0e6ec8e0e300f4e95090a6
phase0/pilot/claim_a__run_2026-08-01_threshold/claim_a_workspace_k3_threshold__gpt-oss-120b.json	159520	01abb7b4ce5a9827165cf7b5f2368e9229ffa1b88d8ebdd292af38a2161a8e39
phase0/pilot/claim_a__run_2026-08-01_threshold/transcripts_workspace_k3_threshold__claude-sonnet-4.5.jsonl	2360740	a9aa815961ad36e212ddbf306745cdc1694eb344dfbadb1b7da4510d246f919e
phase0/pilot/claim_a__run_2026-08-01_threshold/transcripts_workspace_k3_threshold__gemini-2.5-flash.jsonl	2041743	b4226675faacbcb432a6fd37e0eb9b48415fbda8bb85674bcd352e1bfb940d1c
phase0/pilot/claim_a__run_2026-08-01_threshold/transcripts_workspace_k3_threshold__gpt-4o.jsonl	2110721	a2a0c9209b5bed2222d50e28273d4a8d760721c8721330817aae078a8da4b5d7
phase0/pilot/claim_a__run_2026-08-01_threshold/transcripts_workspace_k3_threshold__gpt-oss-120b.jsonl	2330941	d9735a8d660349a36d9b0f90d42cf56a21c180b5edb7d648ded33b30263d34cb
